kernel,variant,mode,shape,sample,ms
02-measurement-discipline,wallclock,cold,buf_kib=3840;ws_over_l2=0.188,0,0.021412
02-measurement-discipline,wallclock,cold,buf_kib=3840;ws_over_l2=0.188,1,0.012300
02-measurement-discipline,wallclock,cold,buf_kib=3840;ws_over_l2=0.188,2,0.011372
02-measurement-discipline,wallclock,cold,buf_kib=3840;ws_over_l2=0.188,3,0.011437
02-measurement-discipline,wallclock,cold,buf_kib=3840;ws_over_l2=0.188,4,0.010633
02-measurement-discipline,wallclock,cold,buf_kib=3840;ws_over_l2=0.188,5,0.010814
02-measurement-discipline,wallclock,cold,buf_kib=3840;ws_over_l2=0.188,6,0.011244
02-measurement-discipline,wallclock,cold,buf_kib=3840;ws_over_l2=0.188,7,0.011052
02-measurement-discipline,wallclock,cold,buf_kib=3840;ws_over_l2=0.188,8,0.010413
02-measurement-discipline,wallclock,cold,buf_kib=3840;ws_over_l2=0.188,9,0.011237
02-measurement-discipline,wallclock,cold,buf_kib=3840;ws_over_l2=0.188,10,0.010881
02-measurement-discipline,wallclock,cold,buf_kib=3840;ws_over_l2=0.188,11,0.010767
02-measurement-discipline,wallclock,cold,buf_kib=3840;ws_over_l2=0.188,12,0.010606
02-measurement-discipline,wallclock,cold,buf_kib=3840;ws_over_l2=0.188,13,0.011207
02-measurement-discipline,wallclock,cold,buf_kib=3840;ws_over_l2=0.188,14,0.010525
02-measurement-discipline,wallclock,cold,buf_kib=3840;ws_over_l2=0.188,15,0.010372
02-measurement-discipline,wallclock,cold,buf_kib=3840;ws_over_l2=0.188,16,0.010955
02-measurement-discipline,wallclock,cold,buf_kib=3840;ws_over_l2=0.188,17,0.010291
02-measurement-discipline,wallclock,cold,buf_kib=3840;ws_over_l2=0.188,18,0.010405
02-measurement-discipline,wallclock,cold,buf_kib=3840;ws_over_l2=0.188,19,0.010400
02-measurement-discipline,wallclock,cold,buf_kib=3840;ws_over_l2=0.188,20,0.011594
02-measurement-discipline,wallclock,cold,buf_kib=3840;ws_over_l2=0.188,21,0.010599
02-measurement-discipline,wallclock,cold,buf_kib=3840;ws_over_l2=0.188,22,0.010443
02-measurement-discipline,wallclock,cold,buf_kib=3840;ws_over_l2=0.188,23,0.011090
02-measurement-discipline,wallclock,cold,buf_kib=3840;ws_over_l2=0.188,24,0.010360
02-measurement-discipline,wallclock,cold,buf_kib=3840;ws_over_l2=0.188,25,0.010688
02-measurement-discipline,wallclock,cold,buf_kib=3840;ws_over_l2=0.188,26,0.010565
02-measurement-discipline,wallclock,cold,buf_kib=3840;ws_over_l2=0.188,27,0.011251
02-measurement-discipline,wallclock,cold,buf_kib=3840;ws_over_l2=0.188,28,0.010683
02-measurement-discipline,wallclock,cold,buf_kib=3840;ws_over_l2=0.188,29,0.010841
02-measurement-discipline,wallclock,cold,buf_kib=3840;ws_over_l2=0.188,30,0.010969
02-measurement-discipline,wallclock,cold,buf_kib=3840;ws_over_l2=0.188,31,0.010486
02-measurement-discipline,wallclock,cold,buf_kib=3840;ws_over_l2=0.188,32,0.010324
02-measurement-discipline,wallclock,cold,buf_kib=3840;ws_over_l2=0.188,33,0.010278
02-measurement-discipline,wallclock,cold,buf_kib=3840;ws_over_l2=0.188,34,0.011084
02-measurement-discipline,wallclock,cold,buf_kib=3840;ws_over_l2=0.188,35,0.010723
02-measurement-discipline,wallclock,cold,buf_kib=3840;ws_over_l2=0.188,36,0.010650
02-measurement-discipline,wallclock,cold,buf_kib=3840;ws_over_l2=0.188,37,0.011049
02-measurement-discipline,wallclock,cold,buf_kib=3840;ws_over_l2=0.188,38,0.010532
02-measurement-discipline,wallclock,cold,buf_kib=3840;ws_over_l2=0.188,39,0.010511
02-measurement-discipline,wallclock,cold,buf_kib=3840;ws_over_l2=0.188,40,0.010447
02-measurement-discipline,wallclock,cold,buf_kib=3840;ws_over_l2=0.188,41,0.011131
02-measurement-discipline,wallclock,cold,buf_kib=3840;ws_over_l2=0.188,42,0.010452
02-measurement-discipline,wallclock,cold,buf_kib=3840;ws_over_l2=0.188,43,0.010395
02-measurement-discipline,wallclock,cold,buf_kib=3840;ws_over_l2=0.188,44,0.010284
02-measurement-discipline,wallclock,cold,buf_kib=3840;ws_over_l2=0.188,45,0.010889
02-measurement-discipline,wallclock,cold,buf_kib=3840;ws_over_l2=0.188,46,0.010406
02-measurement-discipline,wallclock,cold,buf_kib=3840;ws_over_l2=0.188,47,0.010401
02-measurement-discipline,wallclock,cold,buf_kib=3840;ws_over_l2=0.188,48,0.010970
02-measurement-discipline,wallclock,cold,buf_kib=3840;ws_over_l2=0.188,49,0.010530
02-measurement-discipline,no-flush,cold,buf_kib=3840;ws_over_l2=0.188,0,0.008640
02-measurement-discipline,no-flush,cold,buf_kib=3840;ws_over_l2=0.188,1,0.007456
02-measurement-discipline,no-flush,cold,buf_kib=3840;ws_over_l2=0.188,2,0.007904
02-measurement-discipline,no-flush,cold,buf_kib=3840;ws_over_l2=0.188,3,0.007936
02-measurement-discipline,no-flush,cold,buf_kib=3840;ws_over_l2=0.188,4,0.007520
02-measurement-discipline,no-flush,cold,buf_kib=3840;ws_over_l2=0.188,5,0.007552
02-measurement-discipline,no-flush,cold,buf_kib=3840;ws_over_l2=0.188,6,0.007744
02-measurement-discipline,no-flush,cold,buf_kib=3840;ws_over_l2=0.188,7,0.007744
02-measurement-discipline,no-flush,cold,buf_kib=3840;ws_over_l2=0.188,8,0.007648
02-measurement-discipline,no-flush,cold,buf_kib=3840;ws_over_l2=0.188,9,0.007424
02-measurement-discipline,no-flush,cold,buf_kib=3840;ws_over_l2=0.188,10,0.007968
02-measurement-discipline,no-flush,cold,buf_kib=3840;ws_over_l2=0.188,11,0.007616
02-measurement-discipline,no-flush,cold,buf_kib=3840;ws_over_l2=0.188,12,0.007552
02-measurement-discipline,no-flush,cold,buf_kib=3840;ws_over_l2=0.188,13,0.007712
02-measurement-discipline,no-flush,cold,buf_kib=3840;ws_over_l2=0.188,14,0.007520
02-measurement-discipline,no-flush,cold,buf_kib=3840;ws_over_l2=0.188,15,0.007584
02-measurement-discipline,no-flush,cold,buf_kib=3840;ws_over_l2=0.188,16,0.007840
02-measurement-discipline,no-flush,cold,buf_kib=3840;ws_over_l2=0.188,17,0.007456
02-measurement-discipline,no-flush,cold,buf_kib=3840;ws_over_l2=0.188,18,0.007648
02-measurement-discipline,no-flush,cold,buf_kib=3840;ws_over_l2=0.188,19,0.007776
02-measurement-discipline,no-flush,cold,buf_kib=3840;ws_over_l2=0.188,20,0.008064
02-measurement-discipline,no-flush,cold,buf_kib=3840;ws_over_l2=0.188,21,0.007552
02-measurement-discipline,no-flush,cold,buf_kib=3840;ws_over_l2=0.188,22,0.007552
02-measurement-discipline,no-flush,cold,buf_kib=3840;ws_over_l2=0.188,23,0.007808
02-measurement-discipline,no-flush,cold,buf_kib=3840;ws_over_l2=0.188,24,0.007744
02-measurement-discipline,no-flush,cold,buf_kib=3840;ws_over_l2=0.188,25,0.007520
02-measurement-discipline,no-flush,cold,buf_kib=3840;ws_over_l2=0.188,26,0.007840
02-measurement-discipline,no-flush,cold,buf_kib=3840;ws_over_l2=0.188,27,0.007872
02-measurement-discipline,no-flush,cold,buf_kib=3840;ws_over_l2=0.188,28,0.007680
02-measurement-discipline,no-flush,cold,buf_kib=3840;ws_over_l2=0.188,29,0.007776
02-measurement-discipline,no-flush,cold,buf_kib=3840;ws_over_l2=0.188,30,0.007520
02-measurement-discipline,no-flush,cold,buf_kib=3840;ws_over_l2=0.188,31,0.007680
02-measurement-discipline,no-flush,cold,buf_kib=3840;ws_over_l2=0.188,32,0.007936
02-measurement-discipline,no-flush,cold,buf_kib=3840;ws_over_l2=0.188,33,0.007744
02-measurement-discipline,no-flush,cold,buf_kib=3840;ws_over_l2=0.188,34,0.007776
02-measurement-discipline,no-flush,cold,buf_kib=3840;ws_over_l2=0.188,35,0.007616
02-measurement-discipline,no-flush,cold,buf_kib=3840;ws_over_l2=0.188,36,0.008128
02-measurement-discipline,no-flush,cold,buf_kib=3840;ws_over_l2=0.188,37,0.007616
02-measurement-discipline,no-flush,cold,buf_kib=3840;ws_over_l2=0.188,38,0.007520
02-measurement-discipline,no-flush,cold,buf_kib=3840;ws_over_l2=0.188,39,0.007776
02-measurement-discipline,no-flush,cold,buf_kib=3840;ws_over_l2=0.188,40,0.007584
02-measurement-discipline,no-flush,cold,buf_kib=3840;ws_over_l2=0.188,41,0.007776
02-measurement-discipline,no-flush,cold,buf_kib=3840;ws_over_l2=0.188,42,0.007648
02-measurement-discipline,no-flush,cold,buf_kib=3840;ws_over_l2=0.188,43,0.007520
02-measurement-discipline,no-flush,cold,buf_kib=3840;ws_over_l2=0.188,44,0.007712
02-measurement-discipline,no-flush,cold,buf_kib=3840;ws_over_l2=0.188,45,0.007520
02-measurement-discipline,no-flush,cold,buf_kib=3840;ws_over_l2=0.188,46,0.007680
02-measurement-discipline,no-flush,cold,buf_kib=3840;ws_over_l2=0.188,47,0.007488
02-measurement-discipline,no-flush,cold,buf_kib=3840;ws_over_l2=0.188,48,0.007456
02-measurement-discipline,no-flush,cold,buf_kib=3840;ws_over_l2=0.188,49,0.007936
02-measurement-discipline,batched,cold,buf_kib=3840;ws_over_l2=0.188,0,0.004078
02-measurement-discipline,batched,cold,buf_kib=3840;ws_over_l2=0.188,1,0.004059
02-measurement-discipline,batched,cold,buf_kib=3840;ws_over_l2=0.188,2,0.004056
02-measurement-discipline,batched,cold,buf_kib=3840;ws_over_l2=0.188,3,0.004094
02-measurement-discipline,batched,cold,buf_kib=3840;ws_over_l2=0.188,4,0.004078
02-measurement-discipline,batched,cold,buf_kib=3840;ws_over_l2=0.188,5,0.004064
02-measurement-discipline,batched,cold,buf_kib=3840;ws_over_l2=0.188,6,0.004054
02-measurement-discipline,batched,cold,buf_kib=3840;ws_over_l2=0.188,7,0.004056
02-measurement-discipline,batched,cold,buf_kib=3840;ws_over_l2=0.188,8,0.004067
02-measurement-discipline,batched,cold,buf_kib=3840;ws_over_l2=0.188,9,0.004088
02-measurement-discipline,batched,cold,buf_kib=3840;ws_over_l2=0.188,10,0.004070
02-measurement-discipline,batched,cold,buf_kib=3840;ws_over_l2=0.188,11,0.004064
02-measurement-discipline,batched,cold,buf_kib=3840;ws_over_l2=0.188,12,0.004059
02-measurement-discipline,batched,cold,buf_kib=3840;ws_over_l2=0.188,13,0.004066
02-measurement-discipline,batched,cold,buf_kib=3840;ws_over_l2=0.188,14,0.004096
02-measurement-discipline,batched,cold,buf_kib=3840;ws_over_l2=0.188,15,0.004094
02-measurement-discipline,batched,cold,buf_kib=3840;ws_over_l2=0.188,16,0.004040
02-measurement-discipline,batched,cold,buf_kib=3840;ws_over_l2=0.188,17,0.004075
02-measurement-discipline,batched,cold,buf_kib=3840;ws_over_l2=0.188,18,0.004064
02-measurement-discipline,batched,cold,buf_kib=3840;ws_over_l2=0.188,19,0.004085
02-measurement-discipline,batched,cold,buf_kib=3840;ws_over_l2=0.188,20,0.004067
02-measurement-discipline,batched,cold,buf_kib=3840;ws_over_l2=0.188,21,0.004062
02-measurement-discipline,batched,cold,buf_kib=3840;ws_over_l2=0.188,22,0.004077
02-measurement-discipline,batched,cold,buf_kib=3840;ws_over_l2=0.188,23,0.004037
02-measurement-discipline,batched,cold,buf_kib=3840;ws_over_l2=0.188,24,0.004070
02-measurement-discipline,batched,cold,buf_kib=3840;ws_over_l2=0.188,25,0.004078
02-measurement-discipline,batched,cold,buf_kib=3840;ws_over_l2=0.188,26,0.004061
02-measurement-discipline,batched,cold,buf_kib=3840;ws_over_l2=0.188,27,0.004074
02-measurement-discipline,batched,cold,buf_kib=3840;ws_over_l2=0.188,28,0.004061
02-measurement-discipline,batched,cold,buf_kib=3840;ws_over_l2=0.188,29,0.004062
02-measurement-discipline,batched,cold,buf_kib=3840;ws_over_l2=0.188,30,0.004050
02-measurement-discipline,batched,cold,buf_kib=3840;ws_over_l2=0.188,31,0.004093
02-measurement-discipline,batched,cold,buf_kib=3840;ws_over_l2=0.188,32,0.004101
02-measurement-discipline,batched,cold,buf_kib=3840;ws_over_l2=0.188,33,0.004086
02-measurement-discipline,batched,cold,buf_kib=3840;ws_over_l2=0.188,34,0.004075
02-measurement-discipline,batched,cold,buf_kib=3840;ws_over_l2=0.188,35,0.004045
02-measurement-discipline,batched,cold,buf_kib=3840;ws_over_l2=0.188,36,0.004064
02-measurement-discipline,batched,cold,buf_kib=3840;ws_over_l2=0.188,37,0.004062
02-measurement-discipline,batched,cold,buf_kib=3840;ws_over_l2=0.188,38,0.004062
02-measurement-discipline,batched,cold,buf_kib=3840;ws_over_l2=0.188,39,0.004080
02-measurement-discipline,batched,cold,buf_kib=3840;ws_over_l2=0.188,40,0.004059
02-measurement-discipline,batched,cold,buf_kib=3840;ws_over_l2=0.188,41,0.004077
02-measurement-discipline,batched,cold,buf_kib=3840;ws_over_l2=0.188,42,0.004094
02-measurement-discipline,batched,cold,buf_kib=3840;ws_over_l2=0.188,43,0.004062
02-measurement-discipline,batched,cold,buf_kib=3840;ws_over_l2=0.188,44,0.004074
02-measurement-discipline,batched,cold,buf_kib=3840;ws_over_l2=0.188,45,0.004101
02-measurement-discipline,batched,cold,buf_kib=3840;ws_over_l2=0.188,46,0.004058
02-measurement-discipline,batched,cold,buf_kib=3840;ws_over_l2=0.188,47,0.004059
02-measurement-discipline,batched,cold,buf_kib=3840;ws_over_l2=0.188,48,0.004048
02-measurement-discipline,batched,cold,buf_kib=3840;ws_over_l2=0.188,49,0.004072
02-measurement-discipline,disciplined,cold,buf_kib=3840;ws_over_l2=0.188,0,0.009472
02-measurement-discipline,disciplined,cold,buf_kib=3840;ws_over_l2=0.188,1,0.009568
02-measurement-discipline,disciplined,cold,buf_kib=3840;ws_over_l2=0.188,2,0.009440
02-measurement-discipline,disciplined,cold,buf_kib=3840;ws_over_l2=0.188,3,0.009344
02-measurement-discipline,disciplined,cold,buf_kib=3840;ws_over_l2=0.188,4,0.010432
02-measurement-discipline,disciplined,cold,buf_kib=3840;ws_over_l2=0.188,5,0.009728
02-measurement-discipline,disciplined,cold,buf_kib=3840;ws_over_l2=0.188,6,0.009440
02-measurement-discipline,disciplined,cold,buf_kib=3840;ws_over_l2=0.188,7,0.009472
02-measurement-discipline,disciplined,cold,buf_kib=3840;ws_over_l2=0.188,8,0.009440
02-measurement-discipline,disciplined,cold,buf_kib=3840;ws_over_l2=0.188,9,0.009248
02-measurement-discipline,disciplined,cold,buf_kib=3840;ws_over_l2=0.188,10,0.009248
02-measurement-discipline,disciplined,cold,buf_kib=3840;ws_over_l2=0.188,11,0.009536
02-measurement-discipline,disciplined,cold,buf_kib=3840;ws_over_l2=0.188,12,0.009376
02-measurement-discipline,disciplined,cold,buf_kib=3840;ws_over_l2=0.188,13,0.009568
02-measurement-discipline,disciplined,cold,buf_kib=3840;ws_over_l2=0.188,14,0.009280
02-measurement-discipline,disciplined,cold,buf_kib=3840;ws_over_l2=0.188,15,0.009472
02-measurement-discipline,disciplined,cold,buf_kib=3840;ws_over_l2=0.188,16,0.009728
02-measurement-discipline,disciplined,cold,buf_kib=3840;ws_over_l2=0.188,17,0.009888
02-measurement-discipline,disciplined,cold,buf_kib=3840;ws_over_l2=0.188,18,0.009632
02-measurement-discipline,disciplined,cold,buf_kib=3840;ws_over_l2=0.188,19,0.009536
02-measurement-discipline,disciplined,cold,buf_kib=3840;ws_over_l2=0.188,20,0.009760
02-measurement-discipline,disciplined,cold,buf_kib=3840;ws_over_l2=0.188,21,0.009312
02-measurement-discipline,disciplined,cold,buf_kib=3840;ws_over_l2=0.188,22,0.009312
02-measurement-discipline,disciplined,cold,buf_kib=3840;ws_over_l2=0.188,23,0.009344
02-measurement-discipline,disciplined,cold,buf_kib=3840;ws_over_l2=0.188,24,0.009408
02-measurement-discipline,disciplined,cold,buf_kib=3840;ws_over_l2=0.188,25,0.009152
02-measurement-discipline,disciplined,cold,buf_kib=3840;ws_over_l2=0.188,26,0.009408
02-measurement-discipline,disciplined,cold,buf_kib=3840;ws_over_l2=0.188,27,0.009408
02-measurement-discipline,disciplined,cold,buf_kib=3840;ws_over_l2=0.188,28,0.010592
02-measurement-discipline,disciplined,cold,buf_kib=3840;ws_over_l2=0.188,29,0.009440
02-measurement-discipline,disciplined,cold,buf_kib=3840;ws_over_l2=0.188,30,0.009632
02-measurement-discipline,disciplined,cold,buf_kib=3840;ws_over_l2=0.188,31,0.009376
02-measurement-discipline,disciplined,cold,buf_kib=3840;ws_over_l2=0.188,32,0.009600
02-measurement-discipline,disciplined,cold,buf_kib=3840;ws_over_l2=0.188,33,0.009792
02-measurement-discipline,disciplined,cold,buf_kib=3840;ws_over_l2=0.188,34,0.009184
02-measurement-discipline,disciplined,cold,buf_kib=3840;ws_over_l2=0.188,35,0.009312
02-measurement-discipline,disciplined,cold,buf_kib=3840;ws_over_l2=0.188,36,0.009248
02-measurement-discipline,disciplined,cold,buf_kib=3840;ws_over_l2=0.188,37,0.009216
02-measurement-discipline,disciplined,cold,buf_kib=3840;ws_over_l2=0.188,38,0.009504
02-measurement-discipline,disciplined,cold,buf_kib=3840;ws_over_l2=0.188,39,0.009568
02-measurement-discipline,disciplined,cold,buf_kib=3840;ws_over_l2=0.188,40,0.009440
02-measurement-discipline,disciplined,cold,buf_kib=3840;ws_over_l2=0.188,41,0.009984
02-measurement-discipline,disciplined,cold,buf_kib=3840;ws_over_l2=0.188,42,0.009280
02-measurement-discipline,disciplined,cold,buf_kib=3840;ws_over_l2=0.188,43,0.009216
02-measurement-discipline,disciplined,cold,buf_kib=3840;ws_over_l2=0.188,44,0.009568
02-measurement-discipline,disciplined,cold,buf_kib=3840;ws_over_l2=0.188,45,0.009408
02-measurement-discipline,disciplined,cold,buf_kib=3840;ws_over_l2=0.188,46,0.009280
02-measurement-discipline,disciplined,cold,buf_kib=3840;ws_over_l2=0.188,47,0.009760
02-measurement-discipline,disciplined,cold,buf_kib=3840;ws_over_l2=0.188,48,0.009376
02-measurement-discipline,disciplined,cold,buf_kib=3840;ws_over_l2=0.188,49,0.009152
02-measurement-discipline,disciplined,hot,buf_kib=3840;ws_over_l2=0.188,0,0.003187
02-measurement-discipline,disciplined,hot,buf_kib=3840;ws_over_l2=0.188,1,0.003139
02-measurement-discipline,disciplined,hot,buf_kib=3840;ws_over_l2=0.188,2,0.003136
02-measurement-discipline,disciplined,hot,buf_kib=3840;ws_over_l2=0.188,3,0.003149
02-measurement-discipline,disciplined,hot,buf_kib=3840;ws_over_l2=0.188,4,0.003139
02-measurement-discipline,disciplined,hot,buf_kib=3840;ws_over_l2=0.188,5,0.003147
02-measurement-discipline,disciplined,hot,buf_kib=3840;ws_over_l2=0.188,6,0.003131
02-measurement-discipline,disciplined,hot,buf_kib=3840;ws_over_l2=0.188,7,0.003133
02-measurement-discipline,disciplined,hot,buf_kib=3840;ws_over_l2=0.188,8,0.003134
02-measurement-discipline,disciplined,hot,buf_kib=3840;ws_over_l2=0.188,9,0.003139
02-measurement-discipline,disciplined,hot,buf_kib=3840;ws_over_l2=0.188,10,0.003128
02-measurement-discipline,disciplined,hot,buf_kib=3840;ws_over_l2=0.188,11,0.003128
02-measurement-discipline,disciplined,hot,buf_kib=3840;ws_over_l2=0.188,12,0.003133
02-measurement-discipline,disciplined,hot,buf_kib=3840;ws_over_l2=0.188,13,0.003128
02-measurement-discipline,disciplined,hot,buf_kib=3840;ws_over_l2=0.188,14,0.003134
02-measurement-discipline,disciplined,hot,buf_kib=3840;ws_over_l2=0.188,15,0.003133
02-measurement-discipline,disciplined,hot,buf_kib=3840;ws_over_l2=0.188,16,0.003141
02-measurement-discipline,disciplined,hot,buf_kib=3840;ws_over_l2=0.188,17,0.003141
02-measurement-discipline,disciplined,hot,buf_kib=3840;ws_over_l2=0.188,18,0.003141
02-measurement-discipline,disciplined,hot,buf_kib=3840;ws_over_l2=0.188,19,0.003147
02-measurement-discipline,disciplined,hot,buf_kib=3840;ws_over_l2=0.188,20,0.003134
02-measurement-discipline,disciplined,hot,buf_kib=3840;ws_over_l2=0.188,21,0.003133
02-measurement-discipline,disciplined,hot,buf_kib=3840;ws_over_l2=0.188,22,0.003128
02-measurement-discipline,disciplined,hot,buf_kib=3840;ws_over_l2=0.188,23,0.003128
02-measurement-discipline,disciplined,hot,buf_kib=3840;ws_over_l2=0.188,24,0.003128
02-measurement-discipline,disciplined,hot,buf_kib=3840;ws_over_l2=0.188,25,0.003141
02-measurement-discipline,disciplined,hot,buf_kib=3840;ws_over_l2=0.188,26,0.003130
02-measurement-discipline,disciplined,hot,buf_kib=3840;ws_over_l2=0.188,27,0.003146
02-measurement-discipline,disciplined,hot,buf_kib=3840;ws_over_l2=0.188,28,0.003141
02-measurement-discipline,disciplined,hot,buf_kib=3840;ws_over_l2=0.188,29,0.003130
02-measurement-discipline,disciplined,hot,buf_kib=3840;ws_over_l2=0.188,30,0.003131
02-measurement-discipline,disciplined,hot,buf_kib=3840;ws_over_l2=0.188,31,0.003133
02-measurement-discipline,disciplined,hot,buf_kib=3840;ws_over_l2=0.188,32,0.003133
02-measurement-discipline,disciplined,hot,buf_kib=3840;ws_over_l2=0.188,33,0.003131
02-measurement-discipline,disciplined,hot,buf_kib=3840;ws_over_l2=0.188,34,0.003133
02-measurement-discipline,disciplined,hot,buf_kib=3840;ws_over_l2=0.188,35,0.003133
02-measurement-discipline,disciplined,hot,buf_kib=3840;ws_over_l2=0.188,36,0.003130
02-measurement-discipline,disciplined,hot,buf_kib=3840;ws_over_l2=0.188,37,0.003144
02-measurement-discipline,disciplined,hot,buf_kib=3840;ws_over_l2=0.188,38,0.003138
02-measurement-discipline,disciplined,hot,buf_kib=3840;ws_over_l2=0.188,39,0.003131
02-measurement-discipline,disciplined,hot,buf_kib=3840;ws_over_l2=0.188,40,0.003134
02-measurement-discipline,disciplined,hot,buf_kib=3840;ws_over_l2=0.188,41,0.003128
02-measurement-discipline,disciplined,hot,buf_kib=3840;ws_over_l2=0.188,42,0.003126
02-measurement-discipline,disciplined,hot,buf_kib=3840;ws_over_l2=0.188,43,0.003133
02-measurement-discipline,disciplined,hot,buf_kib=3840;ws_over_l2=0.188,44,0.003126
02-measurement-discipline,disciplined,hot,buf_kib=3840;ws_over_l2=0.188,45,0.003134
02-measurement-discipline,disciplined,hot,buf_kib=3840;ws_over_l2=0.188,46,0.003128
02-measurement-discipline,disciplined,hot,buf_kib=3840;ws_over_l2=0.188,47,0.003146
02-measurement-discipline,disciplined,hot,buf_kib=3840;ws_over_l2=0.188,48,0.003134
02-measurement-discipline,disciplined,hot,buf_kib=3840;ws_over_l2=0.188,49,0.003134
02-measurement-discipline,wallclock,cold,buf_kib=7680;ws_over_l2=0.375,0,0.020153
02-measurement-discipline,wallclock,cold,buf_kib=7680;ws_over_l2=0.375,1,0.012667
02-measurement-discipline,wallclock,cold,buf_kib=7680;ws_over_l2=0.375,2,0.011569
02-measurement-discipline,wallclock,cold,buf_kib=7680;ws_over_l2=0.375,3,0.011438
02-measurement-discipline,wallclock,cold,buf_kib=7680;ws_over_l2=0.375,4,0.011242
02-measurement-discipline,wallclock,cold,buf_kib=7680;ws_over_l2=0.375,5,0.011562
02-measurement-discipline,wallclock,cold,buf_kib=7680;ws_over_l2=0.375,6,0.011325
02-measurement-discipline,wallclock,cold,buf_kib=7680;ws_over_l2=0.375,7,0.011168
02-measurement-discipline,wallclock,cold,buf_kib=7680;ws_over_l2=0.375,8,0.011205
02-measurement-discipline,wallclock,cold,buf_kib=7680;ws_over_l2=0.375,9,0.011879
02-measurement-discipline,wallclock,cold,buf_kib=7680;ws_over_l2=0.375,10,0.010998
02-measurement-discipline,wallclock,cold,buf_kib=7680;ws_over_l2=0.375,11,0.011088
02-measurement-discipline,wallclock,cold,buf_kib=7680;ws_over_l2=0.375,12,0.011774
02-measurement-discipline,wallclock,cold,buf_kib=7680;ws_over_l2=0.375,13,0.011161
02-measurement-discipline,wallclock,cold,buf_kib=7680;ws_over_l2=0.375,14,0.011040
02-measurement-discipline,wallclock,cold,buf_kib=7680;ws_over_l2=0.375,15,0.011364
02-measurement-discipline,wallclock,cold,buf_kib=7680;ws_over_l2=0.375,16,0.011720
02-measurement-discipline,wallclock,cold,buf_kib=7680;ws_over_l2=0.375,17,0.011127
02-measurement-discipline,wallclock,cold,buf_kib=7680;ws_over_l2=0.375,18,0.011012
02-measurement-discipline,wallclock,cold,buf_kib=7680;ws_over_l2=0.375,19,0.011605
02-measurement-discipline,wallclock,cold,buf_kib=7680;ws_over_l2=0.375,20,0.011041
02-measurement-discipline,wallclock,cold,buf_kib=7680;ws_over_l2=0.375,21,0.011164
02-measurement-discipline,wallclock,cold,buf_kib=7680;ws_over_l2=0.375,22,0.011247
02-measurement-discipline,wallclock,cold,buf_kib=7680;ws_over_l2=0.375,23,0.011807
02-measurement-discipline,wallclock,cold,buf_kib=7680;ws_over_l2=0.375,24,0.011405
02-measurement-discipline,wallclock,cold,buf_kib=7680;ws_over_l2=0.375,25,0.011164
02-measurement-discipline,wallclock,cold,buf_kib=7680;ws_over_l2=0.375,26,0.011526
02-measurement-discipline,wallclock,cold,buf_kib=7680;ws_over_l2=0.375,27,0.026036
02-measurement-discipline,wallclock,cold,buf_kib=7680;ws_over_l2=0.375,28,0.012593
02-measurement-discipline,wallclock,cold,buf_kib=7680;ws_over_l2=0.375,29,0.011276
02-measurement-discipline,wallclock,cold,buf_kib=7680;ws_over_l2=0.375,30,0.012125
02-measurement-discipline,wallclock,cold,buf_kib=7680;ws_over_l2=0.375,31,0.011200
02-measurement-discipline,wallclock,cold,buf_kib=7680;ws_over_l2=0.375,32,0.011038
02-measurement-discipline,wallclock,cold,buf_kib=7680;ws_over_l2=0.375,33,0.011846
02-measurement-discipline,wallclock,cold,buf_kib=7680;ws_over_l2=0.375,34,0.011046
02-measurement-discipline,wallclock,cold,buf_kib=7680;ws_over_l2=0.375,35,0.011035
02-measurement-discipline,wallclock,cold,buf_kib=7680;ws_over_l2=0.375,36,0.011243
02-measurement-discipline,wallclock,cold,buf_kib=7680;ws_over_l2=0.375,37,0.011691
02-measurement-discipline,wallclock,cold,buf_kib=7680;ws_over_l2=0.375,38,0.011190
02-measurement-discipline,wallclock,cold,buf_kib=7680;ws_over_l2=0.375,39,0.011185
02-measurement-discipline,wallclock,cold,buf_kib=7680;ws_over_l2=0.375,40,0.011192
02-measurement-discipline,wallclock,cold,buf_kib=7680;ws_over_l2=0.375,41,0.011816
02-measurement-discipline,wallclock,cold,buf_kib=7680;ws_over_l2=0.375,42,0.011122
02-measurement-discipline,wallclock,cold,buf_kib=7680;ws_over_l2=0.375,43,0.011051
02-measurement-discipline,wallclock,cold,buf_kib=7680;ws_over_l2=0.375,44,0.012166
02-measurement-discipline,wallclock,cold,buf_kib=7680;ws_over_l2=0.375,45,0.011371
02-measurement-discipline,wallclock,cold,buf_kib=7680;ws_over_l2=0.375,46,0.011215
02-measurement-discipline,wallclock,cold,buf_kib=7680;ws_over_l2=0.375,47,0.011321
02-measurement-discipline,wallclock,cold,buf_kib=7680;ws_over_l2=0.375,48,0.012007
02-measurement-discipline,wallclock,cold,buf_kib=7680;ws_over_l2=0.375,49,0.011280
02-measurement-discipline,no-flush,cold,buf_kib=7680;ws_over_l2=0.375,0,0.008992
02-measurement-discipline,no-flush,cold,buf_kib=7680;ws_over_l2=0.375,1,0.008384
02-measurement-discipline,no-flush,cold,buf_kib=7680;ws_over_l2=0.375,2,0.008320
02-measurement-discipline,no-flush,cold,buf_kib=7680;ws_over_l2=0.375,3,0.008448
02-measurement-discipline,no-flush,cold,buf_kib=7680;ws_over_l2=0.375,4,0.008128
02-measurement-discipline,no-flush,cold,buf_kib=7680;ws_over_l2=0.375,5,0.008416
02-measurement-discipline,no-flush,cold,buf_kib=7680;ws_over_l2=0.375,6,0.008544
02-measurement-discipline,no-flush,cold,buf_kib=7680;ws_over_l2=0.375,7,0.008288
02-measurement-discipline,no-flush,cold,buf_kib=7680;ws_over_l2=0.375,8,0.008288
02-measurement-discipline,no-flush,cold,buf_kib=7680;ws_over_l2=0.375,9,0.008448
02-measurement-discipline,no-flush,cold,buf_kib=7680;ws_over_l2=0.375,10,0.008384
02-measurement-discipline,no-flush,cold,buf_kib=7680;ws_over_l2=0.375,11,0.008160
02-measurement-discipline,no-flush,cold,buf_kib=7680;ws_over_l2=0.375,12,0.008128
02-measurement-discipline,no-flush,cold,buf_kib=7680;ws_over_l2=0.375,13,0.008992
02-measurement-discipline,no-flush,cold,buf_kib=7680;ws_over_l2=0.375,14,0.008224
02-measurement-discipline,no-flush,cold,buf_kib=7680;ws_over_l2=0.375,15,0.008224
02-measurement-discipline,no-flush,cold,buf_kib=7680;ws_over_l2=0.375,16,0.008544
02-measurement-discipline,no-flush,cold,buf_kib=7680;ws_over_l2=0.375,17,0.008448
02-measurement-discipline,no-flush,cold,buf_kib=7680;ws_over_l2=0.375,18,0.008256
02-measurement-discipline,no-flush,cold,buf_kib=7680;ws_over_l2=0.375,19,0.008352
02-measurement-discipline,no-flush,cold,buf_kib=7680;ws_over_l2=0.375,20,0.008224
02-measurement-discipline,no-flush,cold,buf_kib=7680;ws_over_l2=0.375,21,0.008608
02-measurement-discipline,no-flush,cold,buf_kib=7680;ws_over_l2=0.375,22,0.008256
02-measurement-discipline,no-flush,cold,buf_kib=7680;ws_over_l2=0.375,23,0.008384
02-measurement-discipline,no-flush,cold,buf_kib=7680;ws_over_l2=0.375,24,0.008256
02-measurement-discipline,no-flush,cold,buf_kib=7680;ws_over_l2=0.375,25,0.008352
02-measurement-discipline,no-flush,cold,buf_kib=7680;ws_over_l2=0.375,26,0.008608
02-measurement-discipline,no-flush,cold,buf_kib=7680;ws_over_l2=0.375,27,0.008320
02-measurement-discipline,no-flush,cold,buf_kib=7680;ws_over_l2=0.375,28,0.008096
02-measurement-discipline,no-flush,cold,buf_kib=7680;ws_over_l2=0.375,29,0.008448
02-measurement-discipline,no-flush,cold,buf_kib=7680;ws_over_l2=0.375,30,0.008480
02-measurement-discipline,no-flush,cold,buf_kib=7680;ws_over_l2=0.375,31,0.008224
02-measurement-discipline,no-flush,cold,buf_kib=7680;ws_over_l2=0.375,32,0.008480
02-measurement-discipline,no-flush,cold,buf_kib=7680;ws_over_l2=0.375,33,0.008416
02-measurement-discipline,no-flush,cold,buf_kib=7680;ws_over_l2=0.375,34,0.008288
02-measurement-discipline,no-flush,cold,buf_kib=7680;ws_over_l2=0.375,35,0.008160
02-measurement-discipline,no-flush,cold,buf_kib=7680;ws_over_l2=0.375,36,0.008544
02-measurement-discipline,no-flush,cold,buf_kib=7680;ws_over_l2=0.375,37,0.008288
02-measurement-discipline,no-flush,cold,buf_kib=7680;ws_over_l2=0.375,38,0.008480
02-measurement-discipline,no-flush,cold,buf_kib=7680;ws_over_l2=0.375,39,0.008416
02-measurement-discipline,no-flush,cold,buf_kib=7680;ws_over_l2=0.375,40,0.008384
02-measurement-discipline,no-flush,cold,buf_kib=7680;ws_over_l2=0.375,41,0.008448
02-measurement-discipline,no-flush,cold,buf_kib=7680;ws_over_l2=0.375,42,0.008832
02-measurement-discipline,no-flush,cold,buf_kib=7680;ws_over_l2=0.375,43,0.008160
02-measurement-discipline,no-flush,cold,buf_kib=7680;ws_over_l2=0.375,44,0.008288
02-measurement-discipline,no-flush,cold,buf_kib=7680;ws_over_l2=0.375,45,0.008640
02-measurement-discipline,no-flush,cold,buf_kib=7680;ws_over_l2=0.375,46,0.008448
02-measurement-discipline,no-flush,cold,buf_kib=7680;ws_over_l2=0.375,47,0.008288
02-measurement-discipline,no-flush,cold,buf_kib=7680;ws_over_l2=0.375,48,0.008320
02-measurement-discipline,no-flush,cold,buf_kib=7680;ws_over_l2=0.375,49,0.008672
02-measurement-discipline,batched,cold,buf_kib=7680;ws_over_l2=0.375,0,0.004762
02-measurement-discipline,batched,cold,buf_kib=7680;ws_over_l2=0.375,1,0.004738
02-measurement-discipline,batched,cold,buf_kib=7680;ws_over_l2=0.375,2,0.004792
02-measurement-discipline,batched,cold,buf_kib=7680;ws_over_l2=0.375,3,0.004741
02-measurement-discipline,batched,cold,buf_kib=7680;ws_over_l2=0.375,4,0.004746
02-measurement-discipline,batched,cold,buf_kib=7680;ws_over_l2=0.375,5,0.004758
02-measurement-discipline,batched,cold,buf_kib=7680;ws_over_l2=0.375,6,0.004760
02-measurement-discipline,batched,cold,buf_kib=7680;ws_over_l2=0.375,7,0.004757
02-measurement-discipline,batched,cold,buf_kib=7680;ws_over_l2=0.375,8,0.004755
02-measurement-discipline,batched,cold,buf_kib=7680;ws_over_l2=0.375,9,0.004755
02-measurement-discipline,batched,cold,buf_kib=7680;ws_over_l2=0.375,10,0.004757
02-measurement-discipline,batched,cold,buf_kib=7680;ws_over_l2=0.375,11,0.004754
02-measurement-discipline,batched,cold,buf_kib=7680;ws_over_l2=0.375,12,0.004778
02-measurement-discipline,batched,cold,buf_kib=7680;ws_over_l2=0.375,13,0.004758
02-measurement-discipline,batched,cold,buf_kib=7680;ws_over_l2=0.375,14,0.004742
02-measurement-discipline,batched,cold,buf_kib=7680;ws_over_l2=0.375,15,0.004744
02-measurement-discipline,batched,cold,buf_kib=7680;ws_over_l2=0.375,16,0.004762
02-measurement-discipline,batched,cold,buf_kib=7680;ws_over_l2=0.375,17,0.004741
02-measurement-discipline,batched,cold,buf_kib=7680;ws_over_l2=0.375,18,0.004734
02-measurement-discipline,batched,cold,buf_kib=7680;ws_over_l2=0.375,19,0.004802
02-measurement-discipline,batched,cold,buf_kib=7680;ws_over_l2=0.375,20,0.004746
02-measurement-discipline,batched,cold,buf_kib=7680;ws_over_l2=0.375,21,0.004776
02-measurement-discipline,batched,cold,buf_kib=7680;ws_over_l2=0.375,22,0.004742
02-measurement-discipline,batched,cold,buf_kib=7680;ws_over_l2=0.375,23,0.004760
02-measurement-discipline,batched,cold,buf_kib=7680;ws_over_l2=0.375,24,0.004771
02-measurement-discipline,batched,cold,buf_kib=7680;ws_over_l2=0.375,25,0.004746
02-measurement-discipline,batched,cold,buf_kib=7680;ws_over_l2=0.375,26,0.004763
02-measurement-discipline,batched,cold,buf_kib=7680;ws_over_l2=0.375,27,0.004786
02-measurement-discipline,batched,cold,buf_kib=7680;ws_over_l2=0.375,28,0.004739
02-measurement-discipline,batched,cold,buf_kib=7680;ws_over_l2=0.375,29,0.004746
02-measurement-discipline,batched,cold,buf_kib=7680;ws_over_l2=0.375,30,0.004718
02-measurement-discipline,batched,cold,buf_kib=7680;ws_over_l2=0.375,31,0.004762
02-measurement-discipline,batched,cold,buf_kib=7680;ws_over_l2=0.375,32,0.004771
02-measurement-discipline,batched,cold,buf_kib=7680;ws_over_l2=0.375,33,0.004750
02-measurement-discipline,batched,cold,buf_kib=7680;ws_over_l2=0.375,34,0.004755
02-measurement-discipline,batched,cold,buf_kib=7680;ws_over_l2=0.375,35,0.004762
02-measurement-discipline,batched,cold,buf_kib=7680;ws_over_l2=0.375,36,0.004750
02-measurement-discipline,batched,cold,buf_kib=7680;ws_over_l2=0.375,37,0.004733
02-measurement-discipline,batched,cold,buf_kib=7680;ws_over_l2=0.375,38,0.004766
02-measurement-discipline,batched,cold,buf_kib=7680;ws_over_l2=0.375,39,0.004765
02-measurement-discipline,batched,cold,buf_kib=7680;ws_over_l2=0.375,40,0.004722
02-measurement-discipline,batched,cold,buf_kib=7680;ws_over_l2=0.375,41,0.004750
02-measurement-discipline,batched,cold,buf_kib=7680;ws_over_l2=0.375,42,0.004771
02-measurement-discipline,batched,cold,buf_kib=7680;ws_over_l2=0.375,43,0.004730
02-measurement-discipline,batched,cold,buf_kib=7680;ws_over_l2=0.375,44,0.004736
02-measurement-discipline,batched,cold,buf_kib=7680;ws_over_l2=0.375,45,0.004744
02-measurement-discipline,batched,cold,buf_kib=7680;ws_over_l2=0.375,46,0.004757
02-measurement-discipline,batched,cold,buf_kib=7680;ws_over_l2=0.375,47,0.004747
02-measurement-discipline,batched,cold,buf_kib=7680;ws_over_l2=0.375,48,0.004760
02-measurement-discipline,batched,cold,buf_kib=7680;ws_over_l2=0.375,49,0.004765
02-measurement-discipline,disciplined,cold,buf_kib=7680;ws_over_l2=0.375,0,0.012704
02-measurement-discipline,disciplined,cold,buf_kib=7680;ws_over_l2=0.375,1,0.012608
02-measurement-discipline,disciplined,cold,buf_kib=7680;ws_over_l2=0.375,2,0.012352
02-measurement-discipline,disciplined,cold,buf_kib=7680;ws_over_l2=0.375,3,0.013376
02-measurement-discipline,disciplined,cold,buf_kib=7680;ws_over_l2=0.375,4,0.012576
02-measurement-discipline,disciplined,cold,buf_kib=7680;ws_over_l2=0.375,5,0.012672
02-measurement-discipline,disciplined,cold,buf_kib=7680;ws_over_l2=0.375,6,0.012416
02-measurement-discipline,disciplined,cold,buf_kib=7680;ws_over_l2=0.375,7,0.012320
02-measurement-discipline,disciplined,cold,buf_kib=7680;ws_over_l2=0.375,8,0.012416
02-measurement-discipline,disciplined,cold,buf_kib=7680;ws_over_l2=0.375,9,0.012640
02-measurement-discipline,disciplined,cold,buf_kib=7680;ws_over_l2=0.375,10,0.012800
02-measurement-discipline,disciplined,cold,buf_kib=7680;ws_over_l2=0.375,11,0.012576
02-measurement-discipline,disciplined,cold,buf_kib=7680;ws_over_l2=0.375,12,0.012512
02-measurement-discipline,disciplined,cold,buf_kib=7680;ws_over_l2=0.375,13,0.012480
02-measurement-discipline,disciplined,cold,buf_kib=7680;ws_over_l2=0.375,14,0.012480
02-measurement-discipline,disciplined,cold,buf_kib=7680;ws_over_l2=0.375,15,0.012352
02-measurement-discipline,disciplined,cold,buf_kib=7680;ws_over_l2=0.375,16,0.012576
02-measurement-discipline,disciplined,cold,buf_kib=7680;ws_over_l2=0.375,17,0.013120
02-measurement-discipline,disciplined,cold,buf_kib=7680;ws_over_l2=0.375,18,0.012416
02-measurement-discipline,disciplined,cold,buf_kib=7680;ws_over_l2=0.375,19,0.012352
02-measurement-discipline,disciplined,cold,buf_kib=7680;ws_over_l2=0.375,20,0.012512
02-measurement-discipline,disciplined,cold,buf_kib=7680;ws_over_l2=0.375,21,0.012512
02-measurement-discipline,disciplined,cold,buf_kib=7680;ws_over_l2=0.375,22,0.012384
02-measurement-discipline,disciplined,cold,buf_kib=7680;ws_over_l2=0.375,23,0.012384
02-measurement-discipline,disciplined,cold,buf_kib=7680;ws_over_l2=0.375,24,0.013696
02-measurement-discipline,disciplined,cold,buf_kib=7680;ws_over_l2=0.375,25,0.012448
02-measurement-discipline,disciplined,cold,buf_kib=7680;ws_over_l2=0.375,26,0.012384
02-measurement-discipline,disciplined,cold,buf_kib=7680;ws_over_l2=0.375,27,0.012512
02-measurement-discipline,disciplined,cold,buf_kib=7680;ws_over_l2=0.375,28,0.012384
02-measurement-discipline,disciplined,cold,buf_kib=7680;ws_over_l2=0.375,29,0.012512
02-measurement-discipline,disciplined,cold,buf_kib=7680;ws_over_l2=0.375,30,0.012384
02-measurement-discipline,disciplined,cold,buf_kib=7680;ws_over_l2=0.375,31,0.013408
02-measurement-discipline,disciplined,cold,buf_kib=7680;ws_over_l2=0.375,32,0.012544
02-measurement-discipline,disciplined,cold,buf_kib=7680;ws_over_l2=0.375,33,0.012640
02-measurement-discipline,disciplined,cold,buf_kib=7680;ws_over_l2=0.375,34,0.012416
02-measurement-discipline,disciplined,cold,buf_kib=7680;ws_over_l2=0.375,35,0.012480
02-measurement-discipline,disciplined,cold,buf_kib=7680;ws_over_l2=0.375,36,0.012448
02-measurement-discipline,disciplined,cold,buf_kib=7680;ws_over_l2=0.375,37,0.012416
02-measurement-discipline,disciplined,cold,buf_kib=7680;ws_over_l2=0.375,38,0.013568
02-measurement-discipline,disciplined,cold,buf_kib=7680;ws_over_l2=0.375,39,0.012256
02-measurement-discipline,disciplined,cold,buf_kib=7680;ws_over_l2=0.375,40,0.012576
02-measurement-discipline,disciplined,cold,buf_kib=7680;ws_over_l2=0.375,41,0.012352
02-measurement-discipline,disciplined,cold,buf_kib=7680;ws_over_l2=0.375,42,0.012352
02-measurement-discipline,disciplined,cold,buf_kib=7680;ws_over_l2=0.375,43,0.012384
02-measurement-discipline,disciplined,cold,buf_kib=7680;ws_over_l2=0.375,44,0.012384
02-measurement-discipline,disciplined,cold,buf_kib=7680;ws_over_l2=0.375,45,0.013664
02-measurement-discipline,disciplined,cold,buf_kib=7680;ws_over_l2=0.375,46,0.012512
02-measurement-discipline,disciplined,cold,buf_kib=7680;ws_over_l2=0.375,47,0.012320
02-measurement-discipline,disciplined,cold,buf_kib=7680;ws_over_l2=0.375,48,0.012480
02-measurement-discipline,disciplined,cold,buf_kib=7680;ws_over_l2=0.375,49,0.012640
02-measurement-discipline,disciplined,hot,buf_kib=7680;ws_over_l2=0.375,0,0.003976
02-measurement-discipline,disciplined,hot,buf_kib=7680;ws_over_l2=0.375,1,0.003926
02-measurement-discipline,disciplined,hot,buf_kib=7680;ws_over_l2=0.375,2,0.003946
02-measurement-discipline,disciplined,hot,buf_kib=7680;ws_over_l2=0.375,3,0.003928
02-measurement-discipline,disciplined,hot,buf_kib=7680;ws_over_l2=0.375,4,0.003938
02-measurement-discipline,disciplined,hot,buf_kib=7680;ws_over_l2=0.375,5,0.003944
02-measurement-discipline,disciplined,hot,buf_kib=7680;ws_over_l2=0.375,6,0.003928
02-measurement-discipline,disciplined,hot,buf_kib=7680;ws_over_l2=0.375,7,0.003926
02-measurement-discipline,disciplined,hot,buf_kib=7680;ws_over_l2=0.375,8,0.003914
02-measurement-discipline,disciplined,hot,buf_kib=7680;ws_over_l2=0.375,9,0.003914
02-measurement-discipline,disciplined,hot,buf_kib=7680;ws_over_l2=0.375,10,0.003947
02-measurement-discipline,disciplined,hot,buf_kib=7680;ws_over_l2=0.375,11,0.003938
02-measurement-discipline,disciplined,hot,buf_kib=7680;ws_over_l2=0.375,12,0.003923
02-measurement-discipline,disciplined,hot,buf_kib=7680;ws_over_l2=0.375,13,0.003923
02-measurement-discipline,disciplined,hot,buf_kib=7680;ws_over_l2=0.375,14,0.003918
02-measurement-discipline,disciplined,hot,buf_kib=7680;ws_over_l2=0.375,15,0.003917
02-measurement-discipline,disciplined,hot,buf_kib=7680;ws_over_l2=0.375,16,0.003934
02-measurement-discipline,disciplined,hot,buf_kib=7680;ws_over_l2=0.375,17,0.003954
02-measurement-discipline,disciplined,hot,buf_kib=7680;ws_over_l2=0.375,18,0.003909
02-measurement-discipline,disciplined,hot,buf_kib=7680;ws_over_l2=0.375,19,0.003950
02-measurement-discipline,disciplined,hot,buf_kib=7680;ws_over_l2=0.375,20,0.003933
02-measurement-discipline,disciplined,hot,buf_kib=7680;ws_over_l2=0.375,21,0.003931
02-measurement-discipline,disciplined,hot,buf_kib=7680;ws_over_l2=0.375,22,0.003944
02-measurement-discipline,disciplined,hot,buf_kib=7680;ws_over_l2=0.375,23,0.003938
02-measurement-discipline,disciplined,hot,buf_kib=7680;ws_over_l2=0.375,24,0.003923
02-measurement-discipline,disciplined,hot,buf_kib=7680;ws_over_l2=0.375,25,0.003904
02-measurement-discipline,disciplined,hot,buf_kib=7680;ws_over_l2=0.375,26,0.003942
02-measurement-discipline,disciplined,hot,buf_kib=7680;ws_over_l2=0.375,27,0.003930
02-measurement-discipline,disciplined,hot,buf_kib=7680;ws_over_l2=0.375,28,0.003922
02-measurement-discipline,disciplined,hot,buf_kib=7680;ws_over_l2=0.375,29,0.003997
02-measurement-discipline,disciplined,hot,buf_kib=7680;ws_over_l2=0.375,30,0.003909
02-measurement-discipline,disciplined,hot,buf_kib=7680;ws_over_l2=0.375,31,0.003912
02-measurement-discipline,disciplined,hot,buf_kib=7680;ws_over_l2=0.375,32,0.003925
02-measurement-discipline,disciplined,hot,buf_kib=7680;ws_over_l2=0.375,33,0.003910
02-measurement-discipline,disciplined,hot,buf_kib=7680;ws_over_l2=0.375,34,0.003910
02-measurement-discipline,disciplined,hot,buf_kib=7680;ws_over_l2=0.375,35,0.003901
02-measurement-discipline,disciplined,hot,buf_kib=7680;ws_over_l2=0.375,36,0.003918
02-measurement-discipline,disciplined,hot,buf_kib=7680;ws_over_l2=0.375,37,0.003920
02-measurement-discipline,disciplined,hot,buf_kib=7680;ws_over_l2=0.375,38,0.003915
02-measurement-discipline,disciplined,hot,buf_kib=7680;ws_over_l2=0.375,39,0.003910
02-measurement-discipline,disciplined,hot,buf_kib=7680;ws_over_l2=0.375,40,0.003930
02-measurement-discipline,disciplined,hot,buf_kib=7680;ws_over_l2=0.375,41,0.003914
02-measurement-discipline,disciplined,hot,buf_kib=7680;ws_over_l2=0.375,42,0.003912
02-measurement-discipline,disciplined,hot,buf_kib=7680;ws_over_l2=0.375,43,0.003928
02-measurement-discipline,disciplined,hot,buf_kib=7680;ws_over_l2=0.375,44,0.003934
02-measurement-discipline,disciplined,hot,buf_kib=7680;ws_over_l2=0.375,45,0.003952
02-measurement-discipline,disciplined,hot,buf_kib=7680;ws_over_l2=0.375,46,0.003946
02-measurement-discipline,disciplined,hot,buf_kib=7680;ws_over_l2=0.375,47,0.003910
02-measurement-discipline,disciplined,hot,buf_kib=7680;ws_over_l2=0.375,48,0.003922
02-measurement-discipline,disciplined,hot,buf_kib=7680;ws_over_l2=0.375,49,0.003923
02-measurement-discipline,wallclock,cold,buf_kib=15360;ws_over_l2=0.750,0,0.029107
02-measurement-discipline,wallclock,cold,buf_kib=15360;ws_over_l2=0.750,1,0.018266
02-measurement-discipline,wallclock,cold,buf_kib=15360;ws_over_l2=0.750,2,0.017795
02-measurement-discipline,wallclock,cold,buf_kib=15360;ws_over_l2=0.750,3,0.017688
02-measurement-discipline,wallclock,cold,buf_kib=15360;ws_over_l2=0.750,4,0.018106
02-measurement-discipline,wallclock,cold,buf_kib=15360;ws_over_l2=0.750,5,0.017971
02-measurement-discipline,wallclock,cold,buf_kib=15360;ws_over_l2=0.750,6,0.017569
02-measurement-discipline,wallclock,cold,buf_kib=15360;ws_over_l2=0.750,7,0.018441
02-measurement-discipline,wallclock,cold,buf_kib=15360;ws_over_l2=0.750,8,0.019042
02-measurement-discipline,wallclock,cold,buf_kib=15360;ws_over_l2=0.750,9,0.018005
02-measurement-discipline,wallclock,cold,buf_kib=15360;ws_over_l2=0.750,10,0.017681
02-measurement-discipline,wallclock,cold,buf_kib=15360;ws_over_l2=0.750,11,0.017922
02-measurement-discipline,wallclock,cold,buf_kib=15360;ws_over_l2=0.750,12,0.018200
02-measurement-discipline,wallclock,cold,buf_kib=15360;ws_over_l2=0.750,13,0.017560
02-measurement-discipline,wallclock,cold,buf_kib=15360;ws_over_l2=0.750,14,0.018486
02-measurement-discipline,wallclock,cold,buf_kib=15360;ws_over_l2=0.750,15,0.017845
02-measurement-discipline,wallclock,cold,buf_kib=15360;ws_over_l2=0.750,16,0.018156
02-measurement-discipline,wallclock,cold,buf_kib=15360;ws_over_l2=0.750,17,0.018441
02-measurement-discipline,wallclock,cold,buf_kib=15360;ws_over_l2=0.750,18,0.017609
02-measurement-discipline,wallclock,cold,buf_kib=15360;ws_over_l2=0.750,19,0.019160
02-measurement-discipline,wallclock,cold,buf_kib=15360;ws_over_l2=0.750,20,0.018155
02-measurement-discipline,wallclock,cold,buf_kib=15360;ws_over_l2=0.750,21,0.017767
02-measurement-discipline,wallclock,cold,buf_kib=15360;ws_over_l2=0.750,22,0.017676
02-measurement-discipline,wallclock,cold,buf_kib=15360;ws_over_l2=0.750,23,0.018130
02-measurement-discipline,wallclock,cold,buf_kib=15360;ws_over_l2=0.750,24,0.018210
02-measurement-discipline,wallclock,cold,buf_kib=15360;ws_over_l2=0.750,25,0.018324
02-measurement-discipline,wallclock,cold,buf_kib=15360;ws_over_l2=0.750,26,0.017801
02-measurement-discipline,wallclock,cold,buf_kib=15360;ws_over_l2=0.750,27,0.018120
02-measurement-discipline,wallclock,cold,buf_kib=15360;ws_over_l2=0.750,28,0.018326
02-measurement-discipline,wallclock,cold,buf_kib=15360;ws_over_l2=0.750,29,0.017612
02-measurement-discipline,wallclock,cold,buf_kib=15360;ws_over_l2=0.750,30,0.018964
02-measurement-discipline,wallclock,cold,buf_kib=15360;ws_over_l2=0.750,31,0.018562
02-measurement-discipline,wallclock,cold,buf_kib=15360;ws_over_l2=0.750,32,0.017883
02-measurement-discipline,wallclock,cold,buf_kib=15360;ws_over_l2=0.750,33,0.017852
02-measurement-discipline,wallclock,cold,buf_kib=15360;ws_over_l2=0.750,34,0.017674
02-measurement-discipline,wallclock,cold,buf_kib=15360;ws_over_l2=0.750,35,0.017595
02-measurement-discipline,wallclock,cold,buf_kib=15360;ws_over_l2=0.750,36,0.019064
02-measurement-discipline,wallclock,cold,buf_kib=15360;ws_over_l2=0.750,37,0.018001
02-measurement-discipline,wallclock,cold,buf_kib=15360;ws_over_l2=0.750,38,0.017675
02-measurement-discipline,wallclock,cold,buf_kib=15360;ws_over_l2=0.750,39,0.018086
02-measurement-discipline,wallclock,cold,buf_kib=15360;ws_over_l2=0.750,40,0.017794
02-measurement-discipline,wallclock,cold,buf_kib=15360;ws_over_l2=0.750,41,0.017923
02-measurement-discipline,wallclock,cold,buf_kib=15360;ws_over_l2=0.750,42,0.018050
02-measurement-discipline,wallclock,cold,buf_kib=15360;ws_over_l2=0.750,43,0.017835
02-measurement-discipline,wallclock,cold,buf_kib=15360;ws_over_l2=0.750,44,0.018287
02-measurement-discipline,wallclock,cold,buf_kib=15360;ws_over_l2=0.750,45,0.030305
02-measurement-discipline,wallclock,cold,buf_kib=15360;ws_over_l2=0.750,46,0.019367
02-measurement-discipline,wallclock,cold,buf_kib=15360;ws_over_l2=0.750,47,0.018041
02-measurement-discipline,wallclock,cold,buf_kib=15360;ws_over_l2=0.750,48,0.018003
02-measurement-discipline,wallclock,cold,buf_kib=15360;ws_over_l2=0.750,49,0.018409
02-measurement-discipline,no-flush,cold,buf_kib=15360;ws_over_l2=0.750,0,0.015296
02-measurement-discipline,no-flush,cold,buf_kib=15360;ws_over_l2=0.750,1,0.015488
02-measurement-discipline,no-flush,cold,buf_kib=15360;ws_over_l2=0.750,2,0.015200
02-measurement-discipline,no-flush,cold,buf_kib=15360;ws_over_l2=0.750,3,0.014816
02-measurement-discipline,no-flush,cold,buf_kib=15360;ws_over_l2=0.750,4,0.014912
02-measurement-discipline,no-flush,cold,buf_kib=15360;ws_over_l2=0.750,5,0.015520
02-measurement-discipline,no-flush,cold,buf_kib=15360;ws_over_l2=0.750,6,0.014624
02-measurement-discipline,no-flush,cold,buf_kib=15360;ws_over_l2=0.750,7,0.014528
02-measurement-discipline,no-flush,cold,buf_kib=15360;ws_over_l2=0.750,8,0.014880
02-measurement-discipline,no-flush,cold,buf_kib=15360;ws_over_l2=0.750,9,0.016160
02-measurement-discipline,no-flush,cold,buf_kib=15360;ws_over_l2=0.750,10,0.015040
02-measurement-discipline,no-flush,cold,buf_kib=15360;ws_over_l2=0.750,11,0.014688
02-measurement-discipline,no-flush,cold,buf_kib=15360;ws_over_l2=0.750,12,0.015392
02-measurement-discipline,no-flush,cold,buf_kib=15360;ws_over_l2=0.750,13,0.014848
02-measurement-discipline,no-flush,cold,buf_kib=15360;ws_over_l2=0.750,14,0.014816
02-measurement-discipline,no-flush,cold,buf_kib=15360;ws_over_l2=0.750,15,0.014944
02-measurement-discipline,no-flush,cold,buf_kib=15360;ws_over_l2=0.750,16,0.014912
02-measurement-discipline,no-flush,cold,buf_kib=15360;ws_over_l2=0.750,17,0.015072
02-measurement-discipline,no-flush,cold,buf_kib=15360;ws_over_l2=0.750,18,0.014880
02-measurement-discipline,no-flush,cold,buf_kib=15360;ws_over_l2=0.750,19,0.015200
02-measurement-discipline,no-flush,cold,buf_kib=15360;ws_over_l2=0.750,20,0.014880
02-measurement-discipline,no-flush,cold,buf_kib=15360;ws_over_l2=0.750,21,0.015008
02-measurement-discipline,no-flush,cold,buf_kib=15360;ws_over_l2=0.750,22,0.014752
02-measurement-discipline,no-flush,cold,buf_kib=15360;ws_over_l2=0.750,23,0.014464
02-measurement-discipline,no-flush,cold,buf_kib=15360;ws_over_l2=0.750,24,0.014880
02-measurement-discipline,no-flush,cold,buf_kib=15360;ws_over_l2=0.750,25,0.015168
02-measurement-discipline,no-flush,cold,buf_kib=15360;ws_over_l2=0.750,26,0.015072
02-measurement-discipline,no-flush,cold,buf_kib=15360;ws_over_l2=0.750,27,0.014752
02-measurement-discipline,no-flush,cold,buf_kib=15360;ws_over_l2=0.750,28,0.014720
02-measurement-discipline,no-flush,cold,buf_kib=15360;ws_over_l2=0.750,29,0.014592
02-measurement-discipline,no-flush,cold,buf_kib=15360;ws_over_l2=0.750,30,0.014848
02-measurement-discipline,no-flush,cold,buf_kib=15360;ws_over_l2=0.750,31,0.014528
02-measurement-discipline,no-flush,cold,buf_kib=15360;ws_over_l2=0.750,32,0.015136
02-measurement-discipline,no-flush,cold,buf_kib=15360;ws_over_l2=0.750,33,0.014880
02-measurement-discipline,no-flush,cold,buf_kib=15360;ws_over_l2=0.750,34,0.015616
02-measurement-discipline,no-flush,cold,buf_kib=15360;ws_over_l2=0.750,35,0.014656
02-measurement-discipline,no-flush,cold,buf_kib=15360;ws_over_l2=0.750,36,0.014848
02-measurement-discipline,no-flush,cold,buf_kib=15360;ws_over_l2=0.750,37,0.014912
02-measurement-discipline,no-flush,cold,buf_kib=15360;ws_over_l2=0.750,38,0.014816
02-measurement-discipline,no-flush,cold,buf_kib=15360;ws_over_l2=0.750,39,0.014656
02-measurement-discipline,no-flush,cold,buf_kib=15360;ws_over_l2=0.750,40,0.014880
02-measurement-discipline,no-flush,cold,buf_kib=15360;ws_over_l2=0.750,41,0.014784
02-measurement-discipline,no-flush,cold,buf_kib=15360;ws_over_l2=0.750,42,0.016352
02-measurement-discipline,no-flush,cold,buf_kib=15360;ws_over_l2=0.750,43,0.014688
02-measurement-discipline,no-flush,cold,buf_kib=15360;ws_over_l2=0.750,44,0.015008
02-measurement-discipline,no-flush,cold,buf_kib=15360;ws_over_l2=0.750,45,0.014880
02-measurement-discipline,no-flush,cold,buf_kib=15360;ws_over_l2=0.750,46,0.014720
02-measurement-discipline,no-flush,cold,buf_kib=15360;ws_over_l2=0.750,47,0.014848
02-measurement-discipline,no-flush,cold,buf_kib=15360;ws_over_l2=0.750,48,0.014528
02-measurement-discipline,no-flush,cold,buf_kib=15360;ws_over_l2=0.750,49,0.015168
02-measurement-discipline,batched,cold,buf_kib=15360;ws_over_l2=0.750,0,0.012021
02-measurement-discipline,batched,cold,buf_kib=15360;ws_over_l2=0.750,1,0.011890
02-measurement-discipline,batched,cold,buf_kib=15360;ws_over_l2=0.750,2,0.011830
02-measurement-discipline,batched,cold,buf_kib=15360;ws_over_l2=0.750,3,0.011896
02-measurement-discipline,batched,cold,buf_kib=15360;ws_over_l2=0.750,4,0.011910
02-measurement-discipline,batched,cold,buf_kib=15360;ws_over_l2=0.750,5,0.011853
02-measurement-discipline,batched,cold,buf_kib=15360;ws_over_l2=0.750,6,0.011997
02-measurement-discipline,batched,cold,buf_kib=15360;ws_over_l2=0.750,7,0.011950
02-measurement-discipline,batched,cold,buf_kib=15360;ws_over_l2=0.750,8,0.011910
02-measurement-discipline,batched,cold,buf_kib=15360;ws_over_l2=0.750,9,0.011955
02-measurement-discipline,batched,cold,buf_kib=15360;ws_over_l2=0.750,10,0.011858
02-measurement-discipline,batched,cold,buf_kib=15360;ws_over_l2=0.750,11,0.012010
02-measurement-discipline,batched,cold,buf_kib=15360;ws_over_l2=0.750,12,0.011894
02-measurement-discipline,batched,cold,buf_kib=15360;ws_over_l2=0.750,13,0.011973
02-measurement-discipline,batched,cold,buf_kib=15360;ws_over_l2=0.750,14,0.011880
02-measurement-discipline,batched,cold,buf_kib=15360;ws_over_l2=0.750,15,0.011907
02-measurement-discipline,batched,cold,buf_kib=15360;ws_over_l2=0.750,16,0.011866
02-measurement-discipline,batched,cold,buf_kib=15360;ws_over_l2=0.750,17,0.011850
02-measurement-discipline,batched,cold,buf_kib=15360;ws_over_l2=0.750,18,0.011845
02-measurement-discipline,batched,cold,buf_kib=15360;ws_over_l2=0.750,19,0.011922
02-measurement-discipline,batched,cold,buf_kib=15360;ws_over_l2=0.750,20,0.011870
02-measurement-discipline,batched,cold,buf_kib=15360;ws_over_l2=0.750,21,0.011923
02-measurement-discipline,batched,cold,buf_kib=15360;ws_over_l2=0.750,22,0.011958
02-measurement-discipline,batched,cold,buf_kib=15360;ws_over_l2=0.750,23,0.011973
02-measurement-discipline,batched,cold,buf_kib=15360;ws_over_l2=0.750,24,0.011942
02-measurement-discipline,batched,cold,buf_kib=15360;ws_over_l2=0.750,25,0.011877
02-measurement-discipline,batched,cold,buf_kib=15360;ws_over_l2=0.750,26,0.011854
02-measurement-discipline,batched,cold,buf_kib=15360;ws_over_l2=0.750,27,0.011869
02-measurement-discipline,batched,cold,buf_kib=15360;ws_over_l2=0.750,28,0.011933
02-measurement-discipline,batched,cold,buf_kib=15360;ws_over_l2=0.750,29,0.011914
02-measurement-discipline,batched,cold,buf_kib=15360;ws_over_l2=0.750,30,0.011960
02-measurement-discipline,batched,cold,buf_kib=15360;ws_over_l2=0.750,31,0.011883
02-measurement-discipline,batched,cold,buf_kib=15360;ws_over_l2=0.750,32,0.012029
02-measurement-discipline,batched,cold,buf_kib=15360;ws_over_l2=0.750,33,0.011824
02-measurement-discipline,batched,cold,buf_kib=15360;ws_over_l2=0.750,34,0.012005
02-measurement-discipline,batched,cold,buf_kib=15360;ws_over_l2=0.750,35,0.011894
02-measurement-discipline,batched,cold,buf_kib=15360;ws_over_l2=0.750,36,0.011963
02-measurement-discipline,batched,cold,buf_kib=15360;ws_over_l2=0.750,37,0.011827
02-measurement-discipline,batched,cold,buf_kib=15360;ws_over_l2=0.750,38,0.012064
02-measurement-discipline,batched,cold,buf_kib=15360;ws_over_l2=0.750,39,0.011918
02-measurement-discipline,batched,cold,buf_kib=15360;ws_over_l2=0.750,40,0.011909
02-measurement-discipline,batched,cold,buf_kib=15360;ws_over_l2=0.750,41,0.011819
02-measurement-discipline,batched,cold,buf_kib=15360;ws_over_l2=0.750,42,0.011899
02-measurement-discipline,batched,cold,buf_kib=15360;ws_over_l2=0.750,43,0.011928
02-measurement-discipline,batched,cold,buf_kib=15360;ws_over_l2=0.750,44,0.011898
02-measurement-discipline,batched,cold,buf_kib=15360;ws_over_l2=0.750,45,0.011952
02-measurement-discipline,batched,cold,buf_kib=15360;ws_over_l2=0.750,46,0.011834
02-measurement-discipline,batched,cold,buf_kib=15360;ws_over_l2=0.750,47,0.011918
02-measurement-discipline,batched,cold,buf_kib=15360;ws_over_l2=0.750,48,0.011858
02-measurement-discipline,batched,cold,buf_kib=15360;ws_over_l2=0.750,49,0.011853
02-measurement-discipline,disciplined,cold,buf_kib=15360;ws_over_l2=0.750,0,0.018560
02-measurement-discipline,disciplined,cold,buf_kib=15360;ws_over_l2=0.750,1,0.018592
02-measurement-discipline,disciplined,cold,buf_kib=15360;ws_over_l2=0.750,2,0.018432
02-measurement-discipline,disciplined,cold,buf_kib=15360;ws_over_l2=0.750,3,0.018496
02-measurement-discipline,disciplined,cold,buf_kib=15360;ws_over_l2=0.750,4,0.018688
02-measurement-discipline,disciplined,cold,buf_kib=15360;ws_over_l2=0.750,5,0.018464
02-measurement-discipline,disciplined,cold,buf_kib=15360;ws_over_l2=0.750,6,0.018656
02-measurement-discipline,disciplined,cold,buf_kib=15360;ws_over_l2=0.750,7,0.019744
02-measurement-discipline,disciplined,cold,buf_kib=15360;ws_over_l2=0.750,8,0.018336
02-measurement-discipline,disciplined,cold,buf_kib=15360;ws_over_l2=0.750,9,0.018784
02-measurement-discipline,disciplined,cold,buf_kib=15360;ws_over_l2=0.750,10,0.019968
02-measurement-discipline,disciplined,cold,buf_kib=15360;ws_over_l2=0.750,11,0.018496
02-measurement-discipline,disciplined,cold,buf_kib=15360;ws_over_l2=0.750,12,0.018496
02-measurement-discipline,disciplined,cold,buf_kib=15360;ws_over_l2=0.750,13,0.018624
02-measurement-discipline,disciplined,cold,buf_kib=15360;ws_over_l2=0.750,14,0.018656
02-measurement-discipline,disciplined,cold,buf_kib=15360;ws_over_l2=0.750,15,0.018688
02-measurement-discipline,disciplined,cold,buf_kib=15360;ws_over_l2=0.750,16,0.018528
02-measurement-discipline,disciplined,cold,buf_kib=15360;ws_over_l2=0.750,17,0.018656
02-measurement-discipline,disciplined,cold,buf_kib=15360;ws_over_l2=0.750,18,0.018688
02-measurement-discipline,disciplined,cold,buf_kib=15360;ws_over_l2=0.750,19,0.018368
02-measurement-discipline,disciplined,cold,buf_kib=15360;ws_over_l2=0.750,20,0.018880
02-measurement-discipline,disciplined,cold,buf_kib=15360;ws_over_l2=0.750,21,0.019872
02-measurement-discipline,disciplined,cold,buf_kib=15360;ws_over_l2=0.750,22,0.018624
02-measurement-discipline,disciplined,cold,buf_kib=15360;ws_over_l2=0.750,23,0.018912
02-measurement-discipline,disciplined,cold,buf_kib=15360;ws_over_l2=0.750,24,0.018560
02-measurement-discipline,disciplined,cold,buf_kib=15360;ws_over_l2=0.750,25,0.018560
02-measurement-discipline,disciplined,cold,buf_kib=15360;ws_over_l2=0.750,26,0.018688
02-measurement-discipline,disciplined,cold,buf_kib=15360;ws_over_l2=0.750,27,0.018560
02-measurement-discipline,disciplined,cold,buf_kib=15360;ws_over_l2=0.750,28,0.018464
02-measurement-discipline,disciplined,cold,buf_kib=15360;ws_over_l2=0.750,29,0.018464
02-measurement-discipline,disciplined,cold,buf_kib=15360;ws_over_l2=0.750,30,0.018656
02-measurement-discipline,disciplined,cold,buf_kib=15360;ws_over_l2=0.750,31,0.018560
02-measurement-discipline,disciplined,cold,buf_kib=15360;ws_over_l2=0.750,32,0.019808
02-measurement-discipline,disciplined,cold,buf_kib=15360;ws_over_l2=0.750,33,0.018496
02-measurement-discipline,disciplined,cold,buf_kib=15360;ws_over_l2=0.750,34,0.018752
02-measurement-discipline,disciplined,cold,buf_kib=15360;ws_over_l2=0.750,35,0.018784
02-measurement-discipline,disciplined,cold,buf_kib=15360;ws_over_l2=0.750,36,0.018560
02-measurement-discipline,disciplined,cold,buf_kib=15360;ws_over_l2=0.750,37,0.018496
02-measurement-discipline,disciplined,cold,buf_kib=15360;ws_over_l2=0.750,38,0.019072
02-measurement-discipline,disciplined,cold,buf_kib=15360;ws_over_l2=0.750,39,0.018752
02-measurement-discipline,disciplined,cold,buf_kib=15360;ws_over_l2=0.750,40,0.019328
02-measurement-discipline,disciplined,cold,buf_kib=15360;ws_over_l2=0.750,41,0.018464
02-measurement-discipline,disciplined,cold,buf_kib=15360;ws_over_l2=0.750,42,0.018624
02-measurement-discipline,disciplined,cold,buf_kib=15360;ws_over_l2=0.750,43,0.020000
02-measurement-discipline,disciplined,cold,buf_kib=15360;ws_over_l2=0.750,44,0.018688
02-measurement-discipline,disciplined,cold,buf_kib=15360;ws_over_l2=0.750,45,0.018464
02-measurement-discipline,disciplined,cold,buf_kib=15360;ws_over_l2=0.750,46,0.018528
02-measurement-discipline,disciplined,cold,buf_kib=15360;ws_over_l2=0.750,47,0.018592
02-measurement-discipline,disciplined,cold,buf_kib=15360;ws_over_l2=0.750,48,0.018464
02-measurement-discipline,disciplined,cold,buf_kib=15360;ws_over_l2=0.750,49,0.018624
02-measurement-discipline,disciplined,hot,buf_kib=15360;ws_over_l2=0.750,0,0.010450
02-measurement-discipline,disciplined,hot,buf_kib=15360;ws_over_l2=0.750,1,0.010544
02-measurement-discipline,disciplined,hot,buf_kib=15360;ws_over_l2=0.750,2,0.010486
02-measurement-discipline,disciplined,hot,buf_kib=15360;ws_over_l2=0.750,3,0.010454
02-measurement-discipline,disciplined,hot,buf_kib=15360;ws_over_l2=0.750,4,0.010563
02-measurement-discipline,disciplined,hot,buf_kib=15360;ws_over_l2=0.750,5,0.010550
02-measurement-discipline,disciplined,hot,buf_kib=15360;ws_over_l2=0.750,6,0.010502
02-measurement-discipline,disciplined,hot,buf_kib=15360;ws_over_l2=0.750,7,0.010458
02-measurement-discipline,disciplined,hot,buf_kib=15360;ws_over_l2=0.750,8,0.010438
02-measurement-discipline,disciplined,hot,buf_kib=15360;ws_over_l2=0.750,9,0.010421
02-measurement-discipline,disciplined,hot,buf_kib=15360;ws_over_l2=0.750,10,0.010528
02-measurement-discipline,disciplined,hot,buf_kib=15360;ws_over_l2=0.750,11,0.010462
02-measurement-discipline,disciplined,hot,buf_kib=15360;ws_over_l2=0.750,12,0.010459
02-measurement-discipline,disciplined,hot,buf_kib=15360;ws_over_l2=0.750,13,0.010581
02-measurement-discipline,disciplined,hot,buf_kib=15360;ws_over_l2=0.750,14,0.010477
02-measurement-discipline,disciplined,hot,buf_kib=15360;ws_over_l2=0.750,15,0.010555
02-measurement-discipline,disciplined,hot,buf_kib=15360;ws_over_l2=0.750,16,0.010507
02-measurement-discipline,disciplined,hot,buf_kib=15360;ws_over_l2=0.750,17,0.010526
02-measurement-discipline,disciplined,hot,buf_kib=15360;ws_over_l2=0.750,18,0.010486
02-measurement-discipline,disciplined,hot,buf_kib=15360;ws_over_l2=0.750,19,0.010482
02-measurement-discipline,disciplined,hot,buf_kib=15360;ws_over_l2=0.750,20,0.010530
02-measurement-discipline,disciplined,hot,buf_kib=15360;ws_over_l2=0.750,21,0.010475
02-measurement-discipline,disciplined,hot,buf_kib=15360;ws_over_l2=0.750,22,0.010482
02-measurement-discipline,disciplined,hot,buf_kib=15360;ws_over_l2=0.750,23,0.010502
02-measurement-discipline,disciplined,hot,buf_kib=15360;ws_over_l2=0.750,24,0.010616
02-measurement-discipline,disciplined,hot,buf_kib=15360;ws_over_l2=0.750,25,0.010518
02-measurement-discipline,disciplined,hot,buf_kib=15360;ws_over_l2=0.750,26,0.010461
02-measurement-discipline,disciplined,hot,buf_kib=15360;ws_over_l2=0.750,27,0.010478
02-measurement-discipline,disciplined,hot,buf_kib=15360;ws_over_l2=0.750,28,0.010549
02-measurement-discipline,disciplined,hot,buf_kib=15360;ws_over_l2=0.750,29,0.010501
02-measurement-discipline,disciplined,hot,buf_kib=15360;ws_over_l2=0.750,30,0.010458
02-measurement-discipline,disciplined,hot,buf_kib=15360;ws_over_l2=0.750,31,0.010498
02-measurement-discipline,disciplined,hot,buf_kib=15360;ws_over_l2=0.750,32,0.010586
02-measurement-discipline,disciplined,hot,buf_kib=15360;ws_over_l2=0.750,33,0.010573
02-measurement-discipline,disciplined,hot,buf_kib=15360;ws_over_l2=0.750,34,0.010491
02-measurement-discipline,disciplined,hot,buf_kib=15360;ws_over_l2=0.750,35,0.010440
02-measurement-discipline,disciplined,hot,buf_kib=15360;ws_over_l2=0.750,36,0.010494
02-measurement-discipline,disciplined,hot,buf_kib=15360;ws_over_l2=0.750,37,0.010501
02-measurement-discipline,disciplined,hot,buf_kib=15360;ws_over_l2=0.750,38,0.010501
02-measurement-discipline,disciplined,hot,buf_kib=15360;ws_over_l2=0.750,39,0.010426
02-measurement-discipline,disciplined,hot,buf_kib=15360;ws_over_l2=0.750,40,0.010518
02-measurement-discipline,disciplined,hot,buf_kib=15360;ws_over_l2=0.750,41,0.010480
02-measurement-discipline,disciplined,hot,buf_kib=15360;ws_over_l2=0.750,42,0.010488
02-measurement-discipline,disciplined,hot,buf_kib=15360;ws_over_l2=0.750,43,0.010512
02-measurement-discipline,disciplined,hot,buf_kib=15360;ws_over_l2=0.750,44,0.010413
02-measurement-discipline,disciplined,hot,buf_kib=15360;ws_over_l2=0.750,45,0.010518
02-measurement-discipline,disciplined,hot,buf_kib=15360;ws_over_l2=0.750,46,0.010533
02-measurement-discipline,disciplined,hot,buf_kib=15360;ws_over_l2=0.750,47,0.010421
02-measurement-discipline,disciplined,hot,buf_kib=15360;ws_over_l2=0.750,48,0.010493
02-measurement-discipline,disciplined,hot,buf_kib=15360;ws_over_l2=0.750,49,0.010507
02-measurement-discipline,wallclock,cold,buf_kib=30720;ws_over_l2=1.500,0,0.041968
02-measurement-discipline,wallclock,cold,buf_kib=30720;ws_over_l2=1.500,1,0.031266
02-measurement-discipline,wallclock,cold,buf_kib=30720;ws_over_l2=1.500,2,0.031163
02-measurement-discipline,wallclock,cold,buf_kib=30720;ws_over_l2=1.500,3,0.032519
02-measurement-discipline,wallclock,cold,buf_kib=30720;ws_over_l2=1.500,4,0.030890
02-measurement-discipline,wallclock,cold,buf_kib=30720;ws_over_l2=1.500,5,0.030872
02-measurement-discipline,wallclock,cold,buf_kib=30720;ws_over_l2=1.500,6,0.032277
02-measurement-discipline,wallclock,cold,buf_kib=30720;ws_over_l2=1.500,7,0.031608
02-measurement-discipline,wallclock,cold,buf_kib=30720;ws_over_l2=1.500,8,0.031279
02-measurement-discipline,wallclock,cold,buf_kib=30720;ws_over_l2=1.500,9,0.030797
02-measurement-discipline,wallclock,cold,buf_kib=30720;ws_over_l2=1.500,10,0.031089
02-measurement-discipline,wallclock,cold,buf_kib=30720;ws_over_l2=1.500,11,0.031115
02-measurement-discipline,wallclock,cold,buf_kib=30720;ws_over_l2=1.500,12,0.031206
02-measurement-discipline,wallclock,cold,buf_kib=30720;ws_over_l2=1.500,13,0.032557
02-measurement-discipline,wallclock,cold,buf_kib=30720;ws_over_l2=1.500,14,0.030894
02-measurement-discipline,wallclock,cold,buf_kib=30720;ws_over_l2=1.500,15,0.030969
02-measurement-discipline,wallclock,cold,buf_kib=30720;ws_over_l2=1.500,16,0.032440
02-measurement-discipline,wallclock,cold,buf_kib=30720;ws_over_l2=1.500,17,0.031195
02-measurement-discipline,wallclock,cold,buf_kib=30720;ws_over_l2=1.500,18,0.030727
02-measurement-discipline,wallclock,cold,buf_kib=30720;ws_over_l2=1.500,19,0.032841
02-measurement-discipline,wallclock,cold,buf_kib=30720;ws_over_l2=1.500,20,0.031372
02-measurement-discipline,wallclock,cold,buf_kib=30720;ws_over_l2=1.500,21,0.031564
02-measurement-discipline,wallclock,cold,buf_kib=30720;ws_over_l2=1.500,22,0.032762
02-measurement-discipline,wallclock,cold,buf_kib=30720;ws_over_l2=1.500,23,0.030845
02-measurement-discipline,wallclock,cold,buf_kib=30720;ws_over_l2=1.500,24,0.030731
02-measurement-discipline,wallclock,cold,buf_kib=30720;ws_over_l2=1.500,25,0.030881
02-measurement-discipline,wallclock,cold,buf_kib=30720;ws_over_l2=1.500,26,0.030834
02-measurement-discipline,wallclock,cold,buf_kib=30720;ws_over_l2=1.500,27,0.030853
02-measurement-discipline,wallclock,cold,buf_kib=30720;ws_over_l2=1.500,28,0.030609
02-measurement-discipline,wallclock,cold,buf_kib=30720;ws_over_l2=1.500,29,0.032681
02-measurement-discipline,wallclock,cold,buf_kib=30720;ws_over_l2=1.500,30,0.031209
02-measurement-discipline,wallclock,cold,buf_kib=30720;ws_over_l2=1.500,31,0.030846
02-measurement-discipline,wallclock,cold,buf_kib=30720;ws_over_l2=1.500,32,0.032238
02-measurement-discipline,wallclock,cold,buf_kib=30720;ws_over_l2=1.500,33,0.030892
02-measurement-discipline,wallclock,cold,buf_kib=30720;ws_over_l2=1.500,34,0.030996
02-measurement-discipline,wallclock,cold,buf_kib=30720;ws_over_l2=1.500,35,0.032730
02-measurement-discipline,wallclock,cold,buf_kib=30720;ws_over_l2=1.500,36,0.031194
02-measurement-discipline,wallclock,cold,buf_kib=30720;ws_over_l2=1.500,37,0.031289
02-measurement-discipline,wallclock,cold,buf_kib=30720;ws_over_l2=1.500,38,0.032606
02-measurement-discipline,wallclock,cold,buf_kib=30720;ws_over_l2=1.500,39,0.030473
02-measurement-discipline,wallclock,cold,buf_kib=30720;ws_over_l2=1.500,40,0.030970
02-measurement-discipline,wallclock,cold,buf_kib=30720;ws_over_l2=1.500,41,0.030961
02-measurement-discipline,wallclock,cold,buf_kib=30720;ws_over_l2=1.500,42,0.031646
02-measurement-discipline,wallclock,cold,buf_kib=30720;ws_over_l2=1.500,43,0.031080
02-measurement-discipline,wallclock,cold,buf_kib=30720;ws_over_l2=1.500,44,0.031240
02-measurement-discipline,wallclock,cold,buf_kib=30720;ws_over_l2=1.500,45,0.032275
02-measurement-discipline,wallclock,cold,buf_kib=30720;ws_over_l2=1.500,46,0.031049
02-measurement-discipline,wallclock,cold,buf_kib=30720;ws_over_l2=1.500,47,0.030641
02-measurement-discipline,wallclock,cold,buf_kib=30720;ws_over_l2=1.500,48,0.032483
02-measurement-discipline,wallclock,cold,buf_kib=30720;ws_over_l2=1.500,49,0.031296
02-measurement-discipline,no-flush,cold,buf_kib=30720;ws_over_l2=1.500,0,0.027552
02-measurement-discipline,no-flush,cold,buf_kib=30720;ws_over_l2=1.500,1,0.029312
02-measurement-discipline,no-flush,cold,buf_kib=30720;ws_over_l2=1.500,2,0.027744
02-measurement-discipline,no-flush,cold,buf_kib=30720;ws_over_l2=1.500,3,0.030240
02-measurement-discipline,no-flush,cold,buf_kib=30720;ws_over_l2=1.500,4,0.029280
02-measurement-discipline,no-flush,cold,buf_kib=30720;ws_over_l2=1.500,5,0.027904
02-measurement-discipline,no-flush,cold,buf_kib=30720;ws_over_l2=1.500,6,0.027712
02-measurement-discipline,no-flush,cold,buf_kib=30720;ws_over_l2=1.500,7,0.027712
02-measurement-discipline,no-flush,cold,buf_kib=30720;ws_over_l2=1.500,8,0.027936
02-measurement-discipline,no-flush,cold,buf_kib=30720;ws_over_l2=1.500,9,0.028960
02-measurement-discipline,no-flush,cold,buf_kib=30720;ws_over_l2=1.500,10,0.027456
02-measurement-discipline,no-flush,cold,buf_kib=30720;ws_over_l2=1.500,11,0.027872
02-measurement-discipline,no-flush,cold,buf_kib=30720;ws_over_l2=1.500,12,0.028992
02-measurement-discipline,no-flush,cold,buf_kib=30720;ws_over_l2=1.500,13,0.028256
02-measurement-discipline,no-flush,cold,buf_kib=30720;ws_over_l2=1.500,14,0.027680
02-measurement-discipline,no-flush,cold,buf_kib=30720;ws_over_l2=1.500,15,0.027648
02-measurement-discipline,no-flush,cold,buf_kib=30720;ws_over_l2=1.500,16,0.027520
02-measurement-discipline,no-flush,cold,buf_kib=30720;ws_over_l2=1.500,17,0.031232
02-measurement-discipline,no-flush,cold,buf_kib=30720;ws_over_l2=1.500,18,0.027584
02-measurement-discipline,no-flush,cold,buf_kib=30720;ws_over_l2=1.500,19,0.027456
02-measurement-discipline,no-flush,cold,buf_kib=30720;ws_over_l2=1.500,20,0.027904
02-measurement-discipline,no-flush,cold,buf_kib=30720;ws_over_l2=1.500,21,0.029248
02-measurement-discipline,no-flush,cold,buf_kib=30720;ws_over_l2=1.500,22,0.029152
02-measurement-discipline,no-flush,cold,buf_kib=30720;ws_over_l2=1.500,23,0.027936
02-measurement-discipline,no-flush,cold,buf_kib=30720;ws_over_l2=1.500,24,0.027872
02-measurement-discipline,no-flush,cold,buf_kib=30720;ws_over_l2=1.500,25,0.030400
02-measurement-discipline,no-flush,cold,buf_kib=30720;ws_over_l2=1.500,26,0.027616
02-measurement-discipline,no-flush,cold,buf_kib=30720;ws_over_l2=1.500,27,0.027904
02-measurement-discipline,no-flush,cold,buf_kib=30720;ws_over_l2=1.500,28,0.027648
02-measurement-discipline,no-flush,cold,buf_kib=30720;ws_over_l2=1.500,29,0.027648
02-measurement-discipline,no-flush,cold,buf_kib=30720;ws_over_l2=1.500,30,0.029248
02-measurement-discipline,no-flush,cold,buf_kib=30720;ws_over_l2=1.500,31,0.027616
02-measurement-discipline,no-flush,cold,buf_kib=30720;ws_over_l2=1.500,32,0.027840
02-measurement-discipline,no-flush,cold,buf_kib=30720;ws_over_l2=1.500,33,0.028672
02-measurement-discipline,no-flush,cold,buf_kib=30720;ws_over_l2=1.500,34,0.027424
02-measurement-discipline,no-flush,cold,buf_kib=30720;ws_over_l2=1.500,35,0.027840
02-measurement-discipline,no-flush,cold,buf_kib=30720;ws_over_l2=1.500,36,0.027680
02-measurement-discipline,no-flush,cold,buf_kib=30720;ws_over_l2=1.500,37,0.029184
02-measurement-discipline,no-flush,cold,buf_kib=30720;ws_over_l2=1.500,38,0.028928
02-measurement-discipline,no-flush,cold,buf_kib=30720;ws_over_l2=1.500,39,0.027616
02-measurement-discipline,no-flush,cold,buf_kib=30720;ws_over_l2=1.500,40,0.027936
02-measurement-discipline,no-flush,cold,buf_kib=30720;ws_over_l2=1.500,41,0.027776
02-measurement-discipline,no-flush,cold,buf_kib=30720;ws_over_l2=1.500,42,0.027776
02-measurement-discipline,no-flush,cold,buf_kib=30720;ws_over_l2=1.500,43,0.029664
02-measurement-discipline,no-flush,cold,buf_kib=30720;ws_over_l2=1.500,44,0.028256
02-measurement-discipline,no-flush,cold,buf_kib=30720;ws_over_l2=1.500,45,0.029408
02-measurement-discipline,no-flush,cold,buf_kib=30720;ws_over_l2=1.500,46,0.028704
02-measurement-discipline,no-flush,cold,buf_kib=30720;ws_over_l2=1.500,47,0.027616
02-measurement-discipline,no-flush,cold,buf_kib=30720;ws_over_l2=1.500,48,0.027648
02-measurement-discipline,no-flush,cold,buf_kib=30720;ws_over_l2=1.500,49,0.029312
02-measurement-discipline,batched,cold,buf_kib=30720;ws_over_l2=1.500,0,0.025272
02-measurement-discipline,batched,cold,buf_kib=30720;ws_over_l2=1.500,1,0.025149
02-measurement-discipline,batched,cold,buf_kib=30720;ws_over_l2=1.500,2,0.025090
02-measurement-discipline,batched,cold,buf_kib=30720;ws_over_l2=1.500,3,0.025170
02-measurement-discipline,batched,cold,buf_kib=30720;ws_over_l2=1.500,4,0.025027
02-measurement-discipline,batched,cold,buf_kib=30720;ws_over_l2=1.500,5,0.025138
02-measurement-discipline,batched,cold,buf_kib=30720;ws_over_l2=1.500,6,0.025141
02-measurement-discipline,batched,cold,buf_kib=30720;ws_over_l2=1.500,7,0.025163
02-measurement-discipline,batched,cold,buf_kib=30720;ws_over_l2=1.500,8,0.025152
02-measurement-discipline,batched,cold,buf_kib=30720;ws_over_l2=1.500,9,0.025194
02-measurement-discipline,batched,cold,buf_kib=30720;ws_over_l2=1.500,10,0.025067
02-measurement-discipline,batched,cold,buf_kib=30720;ws_over_l2=1.500,11,0.025170
02-measurement-discipline,batched,cold,buf_kib=30720;ws_over_l2=1.500,12,0.025197
02-measurement-discipline,batched,cold,buf_kib=30720;ws_over_l2=1.500,13,0.025120
02-measurement-discipline,batched,cold,buf_kib=30720;ws_over_l2=1.500,14,0.025198
02-measurement-discipline,batched,cold,buf_kib=30720;ws_over_l2=1.500,15,0.025128
02-measurement-discipline,batched,cold,buf_kib=30720;ws_over_l2=1.500,16,0.025136
02-measurement-discipline,batched,cold,buf_kib=30720;ws_over_l2=1.500,17,0.025085
02-measurement-discipline,batched,cold,buf_kib=30720;ws_over_l2=1.500,18,0.025173
02-measurement-discipline,batched,cold,buf_kib=30720;ws_over_l2=1.500,19,0.025131
02-measurement-discipline,batched,cold,buf_kib=30720;ws_over_l2=1.500,20,0.025182
02-measurement-discipline,batched,cold,buf_kib=30720;ws_over_l2=1.500,21,0.025099
02-measurement-discipline,batched,cold,buf_kib=30720;ws_over_l2=1.500,22,0.025126
02-measurement-discipline,batched,cold,buf_kib=30720;ws_over_l2=1.500,23,0.025104
02-measurement-discipline,batched,cold,buf_kib=30720;ws_over_l2=1.500,24,0.025179
02-measurement-discipline,batched,cold,buf_kib=30720;ws_over_l2=1.500,25,0.025130
02-measurement-discipline,batched,cold,buf_kib=30720;ws_over_l2=1.500,26,0.025170
02-measurement-discipline,batched,cold,buf_kib=30720;ws_over_l2=1.500,27,0.025178
02-measurement-discipline,batched,cold,buf_kib=30720;ws_over_l2=1.500,28,0.025138
02-measurement-discipline,batched,cold,buf_kib=30720;ws_over_l2=1.500,29,0.025136
02-measurement-discipline,batched,cold,buf_kib=30720;ws_over_l2=1.500,30,0.025192
02-measurement-discipline,batched,cold,buf_kib=30720;ws_over_l2=1.500,31,0.025102
02-measurement-discipline,batched,cold,buf_kib=30720;ws_over_l2=1.500,32,0.025022
02-measurement-discipline,batched,cold,buf_kib=30720;ws_over_l2=1.500,33,0.025134
02-measurement-discipline,batched,cold,buf_kib=30720;ws_over_l2=1.500,34,0.025130
02-measurement-discipline,batched,cold,buf_kib=30720;ws_over_l2=1.500,35,0.025139
02-measurement-discipline,batched,cold,buf_kib=30720;ws_over_l2=1.500,36,0.025126
02-measurement-discipline,batched,cold,buf_kib=30720;ws_over_l2=1.500,37,0.025147
02-measurement-discipline,batched,cold,buf_kib=30720;ws_over_l2=1.500,38,0.025144
02-measurement-discipline,batched,cold,buf_kib=30720;ws_over_l2=1.500,39,0.025088
02-measurement-discipline,batched,cold,buf_kib=30720;ws_over_l2=1.500,40,0.025136
02-measurement-discipline,batched,cold,buf_kib=30720;ws_over_l2=1.500,41,0.025141
02-measurement-discipline,batched,cold,buf_kib=30720;ws_over_l2=1.500,42,0.025155
02-measurement-discipline,batched,cold,buf_kib=30720;ws_over_l2=1.500,43,0.025202
02-measurement-discipline,batched,cold,buf_kib=30720;ws_over_l2=1.500,44,0.025152
02-measurement-discipline,batched,cold,buf_kib=30720;ws_over_l2=1.500,45,0.025182
02-measurement-discipline,batched,cold,buf_kib=30720;ws_over_l2=1.500,46,0.025080
02-measurement-discipline,batched,cold,buf_kib=30720;ws_over_l2=1.500,47,0.024979
02-measurement-discipline,batched,cold,buf_kib=30720;ws_over_l2=1.500,48,0.025131
02-measurement-discipline,batched,cold,buf_kib=30720;ws_over_l2=1.500,49,0.025190
02-measurement-discipline,disciplined,cold,buf_kib=30720;ws_over_l2=1.500,0,0.031776
02-measurement-discipline,disciplined,cold,buf_kib=30720;ws_over_l2=1.500,1,0.030176
02-measurement-discipline,disciplined,cold,buf_kib=30720;ws_over_l2=1.500,2,0.030560
02-measurement-discipline,disciplined,cold,buf_kib=30720;ws_over_l2=1.500,3,0.030656
02-measurement-discipline,disciplined,cold,buf_kib=30720;ws_over_l2=1.500,4,0.031680
02-measurement-discipline,disciplined,cold,buf_kib=30720;ws_over_l2=1.500,5,0.030304
02-measurement-discipline,disciplined,cold,buf_kib=30720;ws_over_l2=1.500,6,0.030272
02-measurement-discipline,disciplined,cold,buf_kib=30720;ws_over_l2=1.500,7,0.030368
02-measurement-discipline,disciplined,cold,buf_kib=30720;ws_over_l2=1.500,8,0.032128
02-measurement-discipline,disciplined,cold,buf_kib=30720;ws_over_l2=1.500,9,0.030368
02-measurement-discipline,disciplined,cold,buf_kib=30720;ws_over_l2=1.500,10,0.030048
02-measurement-discipline,disciplined,cold,buf_kib=30720;ws_over_l2=1.500,11,0.030496
02-measurement-discipline,disciplined,cold,buf_kib=30720;ws_over_l2=1.500,12,0.031552
02-measurement-discipline,disciplined,cold,buf_kib=30720;ws_over_l2=1.500,13,0.030560
02-measurement-discipline,disciplined,cold,buf_kib=30720;ws_over_l2=1.500,14,0.030464
02-measurement-discipline,disciplined,cold,buf_kib=30720;ws_over_l2=1.500,15,0.030176
02-measurement-discipline,disciplined,cold,buf_kib=30720;ws_over_l2=1.500,16,0.032128
02-measurement-discipline,disciplined,cold,buf_kib=30720;ws_over_l2=1.500,17,0.030304
02-measurement-discipline,disciplined,cold,buf_kib=30720;ws_over_l2=1.500,18,0.030464
02-measurement-discipline,disciplined,cold,buf_kib=30720;ws_over_l2=1.500,19,0.030144
02-measurement-discipline,disciplined,cold,buf_kib=30720;ws_over_l2=1.500,20,0.031744
02-measurement-discipline,disciplined,cold,buf_kib=30720;ws_over_l2=1.500,21,0.030528
02-measurement-discipline,disciplined,cold,buf_kib=30720;ws_over_l2=1.500,22,0.030240
02-measurement-discipline,disciplined,cold,buf_kib=30720;ws_over_l2=1.500,23,0.030304
02-measurement-discipline,disciplined,cold,buf_kib=30720;ws_over_l2=1.500,24,0.031712
02-measurement-discipline,disciplined,cold,buf_kib=30720;ws_over_l2=1.500,25,0.030304
02-measurement-discipline,disciplined,cold,buf_kib=30720;ws_over_l2=1.500,26,0.030368
02-measurement-discipline,disciplined,cold,buf_kib=30720;ws_over_l2=1.500,27,0.030272
02-measurement-discipline,disciplined,cold,buf_kib=30720;ws_over_l2=1.500,28,0.031648
02-measurement-discipline,disciplined,cold,buf_kib=30720;ws_over_l2=1.500,29,0.030368
02-measurement-discipline,disciplined,cold,buf_kib=30720;ws_over_l2=1.500,30,0.030560
02-measurement-discipline,disciplined,cold,buf_kib=30720;ws_over_l2=1.500,31,0.030528
02-measurement-discipline,disciplined,cold,buf_kib=30720;ws_over_l2=1.500,32,0.031712
02-measurement-discipline,disciplined,cold,buf_kib=30720;ws_over_l2=1.500,33,0.030400
02-measurement-discipline,disciplined,cold,buf_kib=30720;ws_over_l2=1.500,34,0.030176
02-measurement-discipline,disciplined,cold,buf_kib=30720;ws_over_l2=1.500,35,0.030528
02-measurement-discipline,disciplined,cold,buf_kib=30720;ws_over_l2=1.500,36,0.031392
02-measurement-discipline,disciplined,cold,buf_kib=30720;ws_over_l2=1.500,37,0.030368
02-measurement-discipline,disciplined,cold,buf_kib=30720;ws_over_l2=1.500,38,0.030624
02-measurement-discipline,disciplined,cold,buf_kib=30720;ws_over_l2=1.500,39,0.030336
02-measurement-discipline,disciplined,cold,buf_kib=30720;ws_over_l2=1.500,40,0.031872
02-measurement-discipline,disciplined,cold,buf_kib=30720;ws_over_l2=1.500,41,0.030144
02-measurement-discipline,disciplined,cold,buf_kib=30720;ws_over_l2=1.500,42,0.030496
02-measurement-discipline,disciplined,cold,buf_kib=30720;ws_over_l2=1.500,43,0.030400
02-measurement-discipline,disciplined,cold,buf_kib=30720;ws_over_l2=1.500,44,0.031712
02-measurement-discipline,disciplined,cold,buf_kib=30720;ws_over_l2=1.500,45,0.030080
02-measurement-discipline,disciplined,cold,buf_kib=30720;ws_over_l2=1.500,46,0.030240
02-measurement-discipline,disciplined,cold,buf_kib=30720;ws_over_l2=1.500,47,0.030496
02-measurement-discipline,disciplined,cold,buf_kib=30720;ws_over_l2=1.500,48,0.031552
02-measurement-discipline,disciplined,cold,buf_kib=30720;ws_over_l2=1.500,49,0.031552
02-measurement-discipline,disciplined,hot,buf_kib=30720;ws_over_l2=1.500,0,0.023803
02-measurement-discipline,disciplined,hot,buf_kib=30720;ws_over_l2=1.500,1,0.023834
02-measurement-discipline,disciplined,hot,buf_kib=30720;ws_over_l2=1.500,2,0.023832
02-measurement-discipline,disciplined,hot,buf_kib=30720;ws_over_l2=1.500,3,0.023878
02-measurement-discipline,disciplined,hot,buf_kib=30720;ws_over_l2=1.500,4,0.023826
02-measurement-discipline,disciplined,hot,buf_kib=30720;ws_over_l2=1.500,5,0.023752
02-measurement-discipline,disciplined,hot,buf_kib=30720;ws_over_l2=1.500,6,0.023763
02-measurement-discipline,disciplined,hot,buf_kib=30720;ws_over_l2=1.500,7,0.023840
02-measurement-discipline,disciplined,hot,buf_kib=30720;ws_over_l2=1.500,8,0.023778
02-measurement-discipline,disciplined,hot,buf_kib=30720;ws_over_l2=1.500,9,0.023862
02-measurement-discipline,disciplined,hot,buf_kib=30720;ws_over_l2=1.500,10,0.023826
02-measurement-discipline,disciplined,hot,buf_kib=30720;ws_over_l2=1.500,11,0.023720
02-measurement-discipline,disciplined,hot,buf_kib=30720;ws_over_l2=1.500,12,0.023726
02-measurement-discipline,disciplined,hot,buf_kib=30720;ws_over_l2=1.500,13,0.023822
02-measurement-discipline,disciplined,hot,buf_kib=30720;ws_over_l2=1.500,14,0.023824
02-measurement-discipline,disciplined,hot,buf_kib=30720;ws_over_l2=1.500,15,0.023779
02-measurement-discipline,disciplined,hot,buf_kib=30720;ws_over_l2=1.500,16,0.023915
02-measurement-discipline,disciplined,hot,buf_kib=30720;ws_over_l2=1.500,17,0.023813
02-measurement-discipline,disciplined,hot,buf_kib=30720;ws_over_l2=1.500,18,0.023760
02-measurement-discipline,disciplined,hot,buf_kib=30720;ws_over_l2=1.500,19,0.023738
02-measurement-discipline,disciplined,hot,buf_kib=30720;ws_over_l2=1.500,20,0.023925
02-measurement-discipline,disciplined,hot,buf_kib=30720;ws_over_l2=1.500,21,0.023792
02-measurement-discipline,disciplined,hot,buf_kib=30720;ws_over_l2=1.500,22,0.023840
02-measurement-discipline,disciplined,hot,buf_kib=30720;ws_over_l2=1.500,23,0.023806
02-measurement-discipline,disciplined,hot,buf_kib=30720;ws_over_l2=1.500,24,0.023896
02-measurement-discipline,disciplined,hot,buf_kib=30720;ws_over_l2=1.500,25,0.023798
02-measurement-discipline,disciplined,hot,buf_kib=30720;ws_over_l2=1.500,26,0.023710
02-measurement-discipline,disciplined,hot,buf_kib=30720;ws_over_l2=1.500,27,0.023795
02-measurement-discipline,disciplined,hot,buf_kib=30720;ws_over_l2=1.500,28,0.023797
02-measurement-discipline,disciplined,hot,buf_kib=30720;ws_over_l2=1.500,29,0.023842
02-measurement-discipline,disciplined,hot,buf_kib=30720;ws_over_l2=1.500,30,0.023806
02-measurement-discipline,disciplined,hot,buf_kib=30720;ws_over_l2=1.500,31,0.023797
02-measurement-discipline,disciplined,hot,buf_kib=30720;ws_over_l2=1.500,32,0.023718
02-measurement-discipline,disciplined,hot,buf_kib=30720;ws_over_l2=1.500,33,0.023837
02-measurement-discipline,disciplined,hot,buf_kib=30720;ws_over_l2=1.500,34,0.023826
02-measurement-discipline,disciplined,hot,buf_kib=30720;ws_over_l2=1.500,35,0.023846
02-measurement-discipline,disciplined,hot,buf_kib=30720;ws_over_l2=1.500,36,0.023835
02-measurement-discipline,disciplined,hot,buf_kib=30720;ws_over_l2=1.500,37,0.023832
02-measurement-discipline,disciplined,hot,buf_kib=30720;ws_over_l2=1.500,38,0.023778
02-measurement-discipline,disciplined,hot,buf_kib=30720;ws_over_l2=1.500,39,0.023691
02-measurement-discipline,disciplined,hot,buf_kib=30720;ws_over_l2=1.500,40,0.023874
02-measurement-discipline,disciplined,hot,buf_kib=30720;ws_over_l2=1.500,41,0.023808
02-measurement-discipline,disciplined,hot,buf_kib=30720;ws_over_l2=1.500,42,0.023875
02-measurement-discipline,disciplined,hot,buf_kib=30720;ws_over_l2=1.500,43,0.023837
02-measurement-discipline,disciplined,hot,buf_kib=30720;ws_over_l2=1.500,44,0.023846
02-measurement-discipline,disciplined,hot,buf_kib=30720;ws_over_l2=1.500,45,0.023714
02-measurement-discipline,disciplined,hot,buf_kib=30720;ws_over_l2=1.500,46,0.023685
02-measurement-discipline,disciplined,hot,buf_kib=30720;ws_over_l2=1.500,47,0.023835
02-measurement-discipline,disciplined,hot,buf_kib=30720;ws_over_l2=1.500,48,0.023853
02-measurement-discipline,disciplined,hot,buf_kib=30720;ws_over_l2=1.500,49,0.023862
02-measurement-discipline,wallclock,cold,buf_kib=61440;ws_over_l2=3.000,0,0.065607
02-measurement-discipline,wallclock,cold,buf_kib=61440;ws_over_l2=3.000,1,0.053994
02-measurement-discipline,wallclock,cold,buf_kib=61440;ws_over_l2=3.000,2,0.053604
02-measurement-discipline,wallclock,cold,buf_kib=61440;ws_over_l2=3.000,3,0.055998
02-measurement-discipline,wallclock,cold,buf_kib=61440;ws_over_l2=3.000,4,0.053741
02-measurement-discipline,wallclock,cold,buf_kib=61440;ws_over_l2=3.000,5,0.054474
02-measurement-discipline,wallclock,cold,buf_kib=61440;ws_over_l2=3.000,6,0.053564
02-measurement-discipline,wallclock,cold,buf_kib=61440;ws_over_l2=3.000,7,0.054331
02-measurement-discipline,wallclock,cold,buf_kib=61440;ws_over_l2=3.000,8,0.053370
02-measurement-discipline,wallclock,cold,buf_kib=61440;ws_over_l2=3.000,9,0.054841
02-measurement-discipline,wallclock,cold,buf_kib=61440;ws_over_l2=3.000,10,0.054085
02-measurement-discipline,wallclock,cold,buf_kib=61440;ws_over_l2=3.000,11,0.054329
02-measurement-discipline,wallclock,cold,buf_kib=61440;ws_over_l2=3.000,12,0.053086
02-measurement-discipline,wallclock,cold,buf_kib=61440;ws_over_l2=3.000,13,0.055367
02-measurement-discipline,wallclock,cold,buf_kib=61440;ws_over_l2=3.000,14,0.054155
02-measurement-discipline,wallclock,cold,buf_kib=61440;ws_over_l2=3.000,15,0.053037
02-measurement-discipline,wallclock,cold,buf_kib=61440;ws_over_l2=3.000,16,0.054371
02-measurement-discipline,wallclock,cold,buf_kib=61440;ws_over_l2=3.000,17,0.053622
02-measurement-discipline,wallclock,cold,buf_kib=61440;ws_over_l2=3.000,18,0.054506
02-measurement-discipline,wallclock,cold,buf_kib=61440;ws_over_l2=3.000,19,0.052806
02-measurement-discipline,wallclock,cold,buf_kib=61440;ws_over_l2=3.000,20,0.055723
02-measurement-discipline,wallclock,cold,buf_kib=61440;ws_over_l2=3.000,21,0.052610
02-measurement-discipline,wallclock,cold,buf_kib=61440;ws_over_l2=3.000,22,0.054602
02-measurement-discipline,wallclock,cold,buf_kib=61440;ws_over_l2=3.000,23,0.053292
02-measurement-discipline,wallclock,cold,buf_kib=61440;ws_over_l2=3.000,24,0.055405
02-measurement-discipline,wallclock,cold,buf_kib=61440;ws_over_l2=3.000,25,0.052923
02-measurement-discipline,wallclock,cold,buf_kib=61440;ws_over_l2=3.000,26,0.054237
02-measurement-discipline,wallclock,cold,buf_kib=61440;ws_over_l2=3.000,27,0.052810
02-measurement-discipline,wallclock,cold,buf_kib=61440;ws_over_l2=3.000,28,0.054036
02-measurement-discipline,wallclock,cold,buf_kib=61440;ws_over_l2=3.000,29,0.054597
02-measurement-discipline,wallclock,cold,buf_kib=61440;ws_over_l2=3.000,30,0.053019
02-measurement-discipline,wallclock,cold,buf_kib=61440;ws_over_l2=3.000,31,0.055287
02-measurement-discipline,wallclock,cold,buf_kib=61440;ws_over_l2=3.000,32,0.052475
02-measurement-discipline,wallclock,cold,buf_kib=61440;ws_over_l2=3.000,33,0.055482
02-measurement-discipline,wallclock,cold,buf_kib=61440;ws_over_l2=3.000,34,0.053003
02-measurement-discipline,wallclock,cold,buf_kib=61440;ws_over_l2=3.000,35,0.054929
02-measurement-discipline,wallclock,cold,buf_kib=61440;ws_over_l2=3.000,36,0.053201
02-measurement-discipline,wallclock,cold,buf_kib=61440;ws_over_l2=3.000,37,0.054152
02-measurement-discipline,wallclock,cold,buf_kib=61440;ws_over_l2=3.000,38,0.054129
02-measurement-discipline,wallclock,cold,buf_kib=61440;ws_over_l2=3.000,39,0.053764
02-measurement-discipline,wallclock,cold,buf_kib=61440;ws_over_l2=3.000,40,0.052905
02-measurement-discipline,wallclock,cold,buf_kib=61440;ws_over_l2=3.000,41,0.053407
02-measurement-discipline,wallclock,cold,buf_kib=61440;ws_over_l2=3.000,42,0.055609
02-measurement-discipline,wallclock,cold,buf_kib=61440;ws_over_l2=3.000,43,0.053006
02-measurement-discipline,wallclock,cold,buf_kib=61440;ws_over_l2=3.000,44,0.054323
02-measurement-discipline,wallclock,cold,buf_kib=61440;ws_over_l2=3.000,45,0.053368
02-measurement-discipline,wallclock,cold,buf_kib=61440;ws_over_l2=3.000,46,0.054679
02-measurement-discipline,wallclock,cold,buf_kib=61440;ws_over_l2=3.000,47,0.052810
02-measurement-discipline,wallclock,cold,buf_kib=61440;ws_over_l2=3.000,48,0.054624
02-measurement-discipline,wallclock,cold,buf_kib=61440;ws_over_l2=3.000,49,0.053407
02-measurement-discipline,no-flush,cold,buf_kib=61440;ws_over_l2=3.000,0,0.051264
02-measurement-discipline,no-flush,cold,buf_kib=61440;ws_over_l2=3.000,1,0.049728
02-measurement-discipline,no-flush,cold,buf_kib=61440;ws_over_l2=3.000,2,0.049664
02-measurement-discipline,no-flush,cold,buf_kib=61440;ws_over_l2=3.000,3,0.051584
02-measurement-discipline,no-flush,cold,buf_kib=61440;ws_over_l2=3.000,4,0.049856
02-measurement-discipline,no-flush,cold,buf_kib=61440;ws_over_l2=3.000,5,0.052064
02-measurement-discipline,no-flush,cold,buf_kib=61440;ws_over_l2=3.000,6,0.049568
02-measurement-discipline,no-flush,cold,buf_kib=61440;ws_over_l2=3.000,7,0.049952
02-measurement-discipline,no-flush,cold,buf_kib=61440;ws_over_l2=3.000,8,0.051648
02-measurement-discipline,no-flush,cold,buf_kib=61440;ws_over_l2=3.000,9,0.049600
02-measurement-discipline,no-flush,cold,buf_kib=61440;ws_over_l2=3.000,10,0.050912
02-measurement-discipline,no-flush,cold,buf_kib=61440;ws_over_l2=3.000,11,0.049696
02-measurement-discipline,no-flush,cold,buf_kib=61440;ws_over_l2=3.000,12,0.051296
02-measurement-discipline,no-flush,cold,buf_kib=61440;ws_over_l2=3.000,13,0.051808
02-measurement-discipline,no-flush,cold,buf_kib=61440;ws_over_l2=3.000,14,0.050208
02-measurement-discipline,no-flush,cold,buf_kib=61440;ws_over_l2=3.000,15,0.051520
02-measurement-discipline,no-flush,cold,buf_kib=61440;ws_over_l2=3.000,16,0.051808
02-measurement-discipline,no-flush,cold,buf_kib=61440;ws_over_l2=3.000,17,0.049824
02-measurement-discipline,no-flush,cold,buf_kib=61440;ws_over_l2=3.000,18,0.051552
02-measurement-discipline,no-flush,cold,buf_kib=61440;ws_over_l2=3.000,19,0.049760
02-measurement-discipline,no-flush,cold,buf_kib=61440;ws_over_l2=3.000,20,0.051040
02-measurement-discipline,no-flush,cold,buf_kib=61440;ws_over_l2=3.000,21,0.049792
02-measurement-discipline,no-flush,cold,buf_kib=61440;ws_over_l2=3.000,22,0.049856
02-measurement-discipline,no-flush,cold,buf_kib=61440;ws_over_l2=3.000,23,0.051040
02-measurement-discipline,no-flush,cold,buf_kib=61440;ws_over_l2=3.000,24,0.049824
02-measurement-discipline,no-flush,cold,buf_kib=61440;ws_over_l2=3.000,25,0.051456
02-measurement-discipline,no-flush,cold,buf_kib=61440;ws_over_l2=3.000,26,0.050304
02-measurement-discipline,no-flush,cold,buf_kib=61440;ws_over_l2=3.000,27,0.050240
02-measurement-discipline,no-flush,cold,buf_kib=61440;ws_over_l2=3.000,28,0.051008
02-measurement-discipline,no-flush,cold,buf_kib=61440;ws_over_l2=3.000,29,0.049984
02-measurement-discipline,no-flush,cold,buf_kib=61440;ws_over_l2=3.000,30,0.051200
02-measurement-discipline,no-flush,cold,buf_kib=61440;ws_over_l2=3.000,31,0.050208
02-measurement-discipline,no-flush,cold,buf_kib=61440;ws_over_l2=3.000,32,0.051456
02-measurement-discipline,no-flush,cold,buf_kib=61440;ws_over_l2=3.000,33,0.051200
02-measurement-discipline,no-flush,cold,buf_kib=61440;ws_over_l2=3.000,34,0.050240
02-measurement-discipline,no-flush,cold,buf_kib=61440;ws_over_l2=3.000,35,0.050816
02-measurement-discipline,no-flush,cold,buf_kib=61440;ws_over_l2=3.000,36,0.050112
02-measurement-discipline,no-flush,cold,buf_kib=61440;ws_over_l2=3.000,37,0.049760
02-measurement-discipline,no-flush,cold,buf_kib=61440;ws_over_l2=3.000,38,0.051296
02-measurement-discipline,no-flush,cold,buf_kib=61440;ws_over_l2=3.000,39,0.049824
02-measurement-discipline,no-flush,cold,buf_kib=61440;ws_over_l2=3.000,40,0.051456
02-measurement-discipline,no-flush,cold,buf_kib=61440;ws_over_l2=3.000,41,0.049888
02-measurement-discipline,no-flush,cold,buf_kib=61440;ws_over_l2=3.000,42,0.049728
02-measurement-discipline,no-flush,cold,buf_kib=61440;ws_over_l2=3.000,43,0.051520
02-measurement-discipline,no-flush,cold,buf_kib=61440;ws_over_l2=3.000,44,0.049920
02-measurement-discipline,no-flush,cold,buf_kib=61440;ws_over_l2=3.000,45,0.051040
02-measurement-discipline,no-flush,cold,buf_kib=61440;ws_over_l2=3.000,46,0.049856
02-measurement-discipline,no-flush,cold,buf_kib=61440;ws_over_l2=3.000,47,0.049600
02-measurement-discipline,no-flush,cold,buf_kib=61440;ws_over_l2=3.000,48,0.051488
02-measurement-discipline,no-flush,cold,buf_kib=61440;ws_over_l2=3.000,49,0.049952
02-measurement-discipline,batched,cold,buf_kib=61440;ws_over_l2=3.000,0,0.047658
02-measurement-discipline,batched,cold,buf_kib=61440;ws_over_l2=3.000,1,0.047622
02-measurement-discipline,batched,cold,buf_kib=61440;ws_over_l2=3.000,2,0.047616
02-measurement-discipline,batched,cold,buf_kib=61440;ws_over_l2=3.000,3,0.047568
02-measurement-discipline,batched,cold,buf_kib=61440;ws_over_l2=3.000,4,0.047613
02-measurement-discipline,batched,cold,buf_kib=61440;ws_over_l2=3.000,5,0.047624
02-measurement-discipline,batched,cold,buf_kib=61440;ws_over_l2=3.000,6,0.047603
02-measurement-discipline,batched,cold,buf_kib=61440;ws_over_l2=3.000,7,0.047741
02-measurement-discipline,batched,cold,buf_kib=61440;ws_over_l2=3.000,8,0.047606
02-measurement-discipline,batched,cold,buf_kib=61440;ws_over_l2=3.000,9,0.047558
02-measurement-discipline,batched,cold,buf_kib=61440;ws_over_l2=3.000,10,0.047669
02-measurement-discipline,batched,cold,buf_kib=61440;ws_over_l2=3.000,11,0.047549
02-measurement-discipline,batched,cold,buf_kib=61440;ws_over_l2=3.000,12,0.047565
02-measurement-discipline,batched,cold,buf_kib=61440;ws_over_l2=3.000,13,0.047613
02-measurement-discipline,batched,cold,buf_kib=61440;ws_over_l2=3.000,14,0.047638
02-measurement-discipline,batched,cold,buf_kib=61440;ws_over_l2=3.000,15,0.047770
02-measurement-discipline,batched,cold,buf_kib=61440;ws_over_l2=3.000,16,0.047594
02-measurement-discipline,batched,cold,buf_kib=61440;ws_over_l2=3.000,17,0.047578
02-measurement-discipline,batched,cold,buf_kib=61440;ws_over_l2=3.000,18,0.047602
02-measurement-discipline,batched,cold,buf_kib=61440;ws_over_l2=3.000,19,0.047611
02-measurement-discipline,batched,cold,buf_kib=61440;ws_over_l2=3.000,20,0.047642
02-measurement-discipline,batched,cold,buf_kib=61440;ws_over_l2=3.000,21,0.047579
02-measurement-discipline,batched,cold,buf_kib=61440;ws_over_l2=3.000,22,0.047608
02-measurement-discipline,batched,cold,buf_kib=61440;ws_over_l2=3.000,23,0.047586
02-measurement-discipline,batched,cold,buf_kib=61440;ws_over_l2=3.000,24,0.047550
02-measurement-discipline,batched,cold,buf_kib=61440;ws_over_l2=3.000,25,0.047573
02-measurement-discipline,batched,cold,buf_kib=61440;ws_over_l2=3.000,26,0.047613
02-measurement-discipline,batched,cold,buf_kib=61440;ws_over_l2=3.000,27,0.047792
02-measurement-discipline,batched,cold,buf_kib=61440;ws_over_l2=3.000,28,0.047709
02-measurement-discipline,batched,cold,buf_kib=61440;ws_over_l2=3.000,29,0.047530
02-measurement-discipline,batched,cold,buf_kib=61440;ws_over_l2=3.000,30,0.047658
02-measurement-discipline,batched,cold,buf_kib=61440;ws_over_l2=3.000,31,0.047578
02-measurement-discipline,batched,cold,buf_kib=61440;ws_over_l2=3.000,32,0.047768
02-measurement-discipline,batched,cold,buf_kib=61440;ws_over_l2=3.000,33,0.047621
02-measurement-discipline,batched,cold,buf_kib=61440;ws_over_l2=3.000,34,0.047619
02-measurement-discipline,batched,cold,buf_kib=61440;ws_over_l2=3.000,35,0.047570
02-measurement-discipline,batched,cold,buf_kib=61440;ws_over_l2=3.000,36,0.047619
02-measurement-discipline,batched,cold,buf_kib=61440;ws_over_l2=3.000,37,0.047605
02-measurement-discipline,batched,cold,buf_kib=61440;ws_over_l2=3.000,38,0.047805
02-measurement-discipline,batched,cold,buf_kib=61440;ws_over_l2=3.000,39,0.047603
02-measurement-discipline,batched,cold,buf_kib=61440;ws_over_l2=3.000,40,0.047542
02-measurement-discipline,batched,cold,buf_kib=61440;ws_over_l2=3.000,41,0.047654
02-measurement-discipline,batched,cold,buf_kib=61440;ws_over_l2=3.000,42,0.047685
02-measurement-discipline,batched,cold,buf_kib=61440;ws_over_l2=3.000,43,0.047805
02-measurement-discipline,batched,cold,buf_kib=61440;ws_over_l2=3.000,44,0.047602
02-measurement-discipline,batched,cold,buf_kib=61440;ws_over_l2=3.000,45,0.047624
02-measurement-discipline,batched,cold,buf_kib=61440;ws_over_l2=3.000,46,0.047576
02-measurement-discipline,batched,cold,buf_kib=61440;ws_over_l2=3.000,47,0.047582
02-measurement-discipline,batched,cold,buf_kib=61440;ws_over_l2=3.000,48,0.047509
02-measurement-discipline,batched,cold,buf_kib=61440;ws_over_l2=3.000,49,0.047653
02-measurement-discipline,disciplined,cold,buf_kib=61440;ws_over_l2=3.000,0,0.053824
02-measurement-discipline,disciplined,cold,buf_kib=61440;ws_over_l2=3.000,1,0.053984
02-measurement-discipline,disciplined,cold,buf_kib=61440;ws_over_l2=3.000,2,0.054144
02-measurement-discipline,disciplined,cold,buf_kib=61440;ws_over_l2=3.000,3,0.054016
02-measurement-discipline,disciplined,cold,buf_kib=61440;ws_over_l2=3.000,4,0.054112
02-measurement-discipline,disciplined,cold,buf_kib=61440;ws_over_l2=3.000,5,0.054048
02-measurement-discipline,disciplined,cold,buf_kib=61440;ws_over_l2=3.000,6,0.054272
02-measurement-discipline,disciplined,cold,buf_kib=61440;ws_over_l2=3.000,7,0.054176
02-measurement-discipline,disciplined,cold,buf_kib=61440;ws_over_l2=3.000,8,0.053920
02-measurement-discipline,disciplined,cold,buf_kib=61440;ws_over_l2=3.000,9,0.054688
02-measurement-discipline,disciplined,cold,buf_kib=61440;ws_over_l2=3.000,10,0.054816
02-measurement-discipline,disciplined,cold,buf_kib=61440;ws_over_l2=3.000,11,0.054464
02-measurement-discipline,disciplined,cold,buf_kib=61440;ws_over_l2=3.000,12,0.054816
02-measurement-discipline,disciplined,cold,buf_kib=61440;ws_over_l2=3.000,13,0.054688
02-measurement-discipline,disciplined,cold,buf_kib=61440;ws_over_l2=3.000,14,0.054112
02-measurement-discipline,disciplined,cold,buf_kib=61440;ws_over_l2=3.000,15,0.053664
02-measurement-discipline,disciplined,cold,buf_kib=61440;ws_over_l2=3.000,16,0.053888
02-measurement-discipline,disciplined,cold,buf_kib=61440;ws_over_l2=3.000,17,0.052288
02-measurement-discipline,disciplined,cold,buf_kib=61440;ws_over_l2=3.000,18,0.052512
02-measurement-discipline,disciplined,cold,buf_kib=61440;ws_over_l2=3.000,19,0.052640
02-measurement-discipline,disciplined,cold,buf_kib=61440;ws_over_l2=3.000,20,0.052576
02-measurement-discipline,disciplined,cold,buf_kib=61440;ws_over_l2=3.000,21,0.052960
02-measurement-discipline,disciplined,cold,buf_kib=61440;ws_over_l2=3.000,22,0.052928
02-measurement-discipline,disciplined,cold,buf_kib=61440;ws_over_l2=3.000,23,0.052224
02-measurement-discipline,disciplined,cold,buf_kib=61440;ws_over_l2=3.000,24,0.052576
02-measurement-discipline,disciplined,cold,buf_kib=61440;ws_over_l2=3.000,25,0.052992
02-measurement-discipline,disciplined,cold,buf_kib=61440;ws_over_l2=3.000,26,0.052864
02-measurement-discipline,disciplined,cold,buf_kib=61440;ws_over_l2=3.000,27,0.052992
02-measurement-discipline,disciplined,cold,buf_kib=61440;ws_over_l2=3.000,28,0.052640
02-measurement-discipline,disciplined,cold,buf_kib=61440;ws_over_l2=3.000,29,0.052960
02-measurement-discipline,disciplined,cold,buf_kib=61440;ws_over_l2=3.000,30,0.052672
02-measurement-discipline,disciplined,cold,buf_kib=61440;ws_over_l2=3.000,31,0.053312
02-measurement-discipline,disciplined,cold,buf_kib=61440;ws_over_l2=3.000,32,0.052544
02-measurement-discipline,disciplined,cold,buf_kib=61440;ws_over_l2=3.000,33,0.052800
02-measurement-discipline,disciplined,cold,buf_kib=61440;ws_over_l2=3.000,34,0.052512
02-measurement-discipline,disciplined,cold,buf_kib=61440;ws_over_l2=3.000,35,0.052544
02-measurement-discipline,disciplined,cold,buf_kib=61440;ws_over_l2=3.000,36,0.052864
02-measurement-discipline,disciplined,cold,buf_kib=61440;ws_over_l2=3.000,37,0.052640
02-measurement-discipline,disciplined,cold,buf_kib=61440;ws_over_l2=3.000,38,0.052992
02-measurement-discipline,disciplined,cold,buf_kib=61440;ws_over_l2=3.000,39,0.052544
02-measurement-discipline,disciplined,cold,buf_kib=61440;ws_over_l2=3.000,40,0.052672
02-measurement-discipline,disciplined,cold,buf_kib=61440;ws_over_l2=3.000,41,0.052576
02-measurement-discipline,disciplined,cold,buf_kib=61440;ws_over_l2=3.000,42,0.052512
02-measurement-discipline,disciplined,cold,buf_kib=61440;ws_over_l2=3.000,43,0.052800
02-measurement-discipline,disciplined,cold,buf_kib=61440;ws_over_l2=3.000,44,0.052576
02-measurement-discipline,disciplined,cold,buf_kib=61440;ws_over_l2=3.000,45,0.053152
02-measurement-discipline,disciplined,cold,buf_kib=61440;ws_over_l2=3.000,46,0.053792
02-measurement-discipline,disciplined,cold,buf_kib=61440;ws_over_l2=3.000,47,0.054272
02-measurement-discipline,disciplined,cold,buf_kib=61440;ws_over_l2=3.000,48,0.053856
02-measurement-discipline,disciplined,cold,buf_kib=61440;ws_over_l2=3.000,49,0.054048
02-measurement-discipline,disciplined,hot,buf_kib=61440;ws_over_l2=3.000,0,0.046266
02-measurement-discipline,disciplined,hot,buf_kib=61440;ws_over_l2=3.000,1,0.046418
02-measurement-discipline,disciplined,hot,buf_kib=61440;ws_over_l2=3.000,2,0.046280
02-measurement-discipline,disciplined,hot,buf_kib=61440;ws_over_l2=3.000,3,0.046387
02-measurement-discipline,disciplined,hot,buf_kib=61440;ws_over_l2=3.000,4,0.046386
02-measurement-discipline,disciplined,hot,buf_kib=61440;ws_over_l2=3.000,5,0.046310
02-measurement-discipline,disciplined,hot,buf_kib=61440;ws_over_l2=3.000,6,0.046238
02-measurement-discipline,disciplined,hot,buf_kib=61440;ws_over_l2=3.000,7,0.046370
02-measurement-discipline,disciplined,hot,buf_kib=61440;ws_over_l2=3.000,8,0.046246
02-measurement-discipline,disciplined,hot,buf_kib=61440;ws_over_l2=3.000,9,0.046349
02-measurement-discipline,disciplined,hot,buf_kib=61440;ws_over_l2=3.000,10,0.046357
02-measurement-discipline,disciplined,hot,buf_kib=61440;ws_over_l2=3.000,11,0.046322
02-measurement-discipline,disciplined,hot,buf_kib=61440;ws_over_l2=3.000,12,0.046280
02-measurement-discipline,disciplined,hot,buf_kib=61440;ws_over_l2=3.000,13,0.046400
02-measurement-discipline,disciplined,hot,buf_kib=61440;ws_over_l2=3.000,14,0.046379
02-measurement-discipline,disciplined,hot,buf_kib=61440;ws_over_l2=3.000,15,0.046197
02-measurement-discipline,disciplined,hot,buf_kib=61440;ws_over_l2=3.000,16,0.046306
02-measurement-discipline,disciplined,hot,buf_kib=61440;ws_over_l2=3.000,17,0.046317
02-measurement-discipline,disciplined,hot,buf_kib=61440;ws_over_l2=3.000,18,0.046358
02-measurement-discipline,disciplined,hot,buf_kib=61440;ws_over_l2=3.000,19,0.046317
02-measurement-discipline,disciplined,hot,buf_kib=61440;ws_over_l2=3.000,20,0.046326
02-measurement-discipline,disciplined,hot,buf_kib=61440;ws_over_l2=3.000,21,0.046411
02-measurement-discipline,disciplined,hot,buf_kib=61440;ws_over_l2=3.000,22,0.046378
02-measurement-discipline,disciplined,hot,buf_kib=61440;ws_over_l2=3.000,23,0.046274
02-measurement-discipline,disciplined,hot,buf_kib=61440;ws_over_l2=3.000,24,0.046405
02-measurement-discipline,disciplined,hot,buf_kib=61440;ws_over_l2=3.000,25,0.046373
02-measurement-discipline,disciplined,hot,buf_kib=61440;ws_over_l2=3.000,26,0.046307
02-measurement-discipline,disciplined,hot,buf_kib=61440;ws_over_l2=3.000,27,0.046427
02-measurement-discipline,disciplined,hot,buf_kib=61440;ws_over_l2=3.000,28,0.046360
02-measurement-discipline,disciplined,hot,buf_kib=61440;ws_over_l2=3.000,29,0.046224
02-measurement-discipline,disciplined,hot,buf_kib=61440;ws_over_l2=3.000,30,0.046368
02-measurement-discipline,disciplined,hot,buf_kib=61440;ws_over_l2=3.000,31,0.046270
02-measurement-discipline,disciplined,hot,buf_kib=61440;ws_over_l2=3.000,32,0.046298
02-measurement-discipline,disciplined,hot,buf_kib=61440;ws_over_l2=3.000,33,0.046350
02-measurement-discipline,disciplined,hot,buf_kib=61440;ws_over_l2=3.000,34,0.046307
02-measurement-discipline,disciplined,hot,buf_kib=61440;ws_over_l2=3.000,35,0.046318
02-measurement-discipline,disciplined,hot,buf_kib=61440;ws_over_l2=3.000,36,0.046358
02-measurement-discipline,disciplined,hot,buf_kib=61440;ws_over_l2=3.000,37,0.046326
02-measurement-discipline,disciplined,hot,buf_kib=61440;ws_over_l2=3.000,38,0.046262
02-measurement-discipline,disciplined,hot,buf_kib=61440;ws_over_l2=3.000,39,0.046258
02-measurement-discipline,disciplined,hot,buf_kib=61440;ws_over_l2=3.000,40,0.046342
02-measurement-discipline,disciplined,hot,buf_kib=61440;ws_over_l2=3.000,41,0.046250
02-measurement-discipline,disciplined,hot,buf_kib=61440;ws_over_l2=3.000,42,0.046256
02-measurement-discipline,disciplined,hot,buf_kib=61440;ws_over_l2=3.000,43,0.046422
02-measurement-discipline,disciplined,hot,buf_kib=61440;ws_over_l2=3.000,44,0.046222
02-measurement-discipline,disciplined,hot,buf_kib=61440;ws_over_l2=3.000,45,0.046322
02-measurement-discipline,disciplined,hot,buf_kib=61440;ws_over_l2=3.000,46,0.046310
02-measurement-discipline,disciplined,hot,buf_kib=61440;ws_over_l2=3.000,47,0.046429
02-measurement-discipline,disciplined,hot,buf_kib=61440;ws_over_l2=3.000,48,0.046362
02-measurement-discipline,disciplined,hot,buf_kib=61440;ws_over_l2=3.000,49,0.046304
02-measurement-discipline,wallclock,cold,buf_kib=122880;ws_over_l2=6.000,0,0.112506
02-measurement-discipline,wallclock,cold,buf_kib=122880;ws_over_l2=6.000,1,0.098354
02-measurement-discipline,wallclock,cold,buf_kib=122880;ws_over_l2=6.000,2,0.100105
02-measurement-discipline,wallclock,cold,buf_kib=122880;ws_over_l2=6.000,3,0.098765
02-measurement-discipline,wallclock,cold,buf_kib=122880;ws_over_l2=6.000,4,0.100845
02-measurement-discipline,wallclock,cold,buf_kib=122880;ws_over_l2=6.000,5,0.098967
02-measurement-discipline,wallclock,cold,buf_kib=122880;ws_over_l2=6.000,6,0.100240
02-measurement-discipline,wallclock,cold,buf_kib=122880;ws_over_l2=6.000,7,0.099007
02-measurement-discipline,wallclock,cold,buf_kib=122880;ws_over_l2=6.000,8,0.099865
02-measurement-discipline,wallclock,cold,buf_kib=122880;ws_over_l2=6.000,9,0.098688
02-measurement-discipline,wallclock,cold,buf_kib=122880;ws_over_l2=6.000,10,0.099846
02-measurement-discipline,wallclock,cold,buf_kib=122880;ws_over_l2=6.000,11,0.099203
02-measurement-discipline,wallclock,cold,buf_kib=122880;ws_over_l2=6.000,12,0.098772
02-measurement-discipline,wallclock,cold,buf_kib=122880;ws_over_l2=6.000,13,0.098932
02-measurement-discipline,wallclock,cold,buf_kib=122880;ws_over_l2=6.000,14,0.100069
02-measurement-discipline,wallclock,cold,buf_kib=122880;ws_over_l2=6.000,15,0.099328
02-measurement-discipline,wallclock,cold,buf_kib=122880;ws_over_l2=6.000,16,0.099398
02-measurement-discipline,wallclock,cold,buf_kib=122880;ws_over_l2=6.000,17,0.098839
02-measurement-discipline,wallclock,cold,buf_kib=122880;ws_over_l2=6.000,18,0.099846
02-measurement-discipline,wallclock,cold,buf_kib=122880;ws_over_l2=6.000,19,0.099444
02-measurement-discipline,wallclock,cold,buf_kib=122880;ws_over_l2=6.000,20,0.099071
02-measurement-discipline,wallclock,cold,buf_kib=122880;ws_over_l2=6.000,21,0.098810
02-measurement-discipline,wallclock,cold,buf_kib=122880;ws_over_l2=6.000,22,0.099447
02-measurement-discipline,wallclock,cold,buf_kib=122880;ws_over_l2=6.000,23,0.098967
02-measurement-discipline,wallclock,cold,buf_kib=122880;ws_over_l2=6.000,24,0.099710
02-measurement-discipline,wallclock,cold,buf_kib=122880;ws_over_l2=6.000,25,0.099182
02-measurement-discipline,wallclock,cold,buf_kib=122880;ws_over_l2=6.000,26,0.100080
02-measurement-discipline,wallclock,cold,buf_kib=122880;ws_over_l2=6.000,27,0.099193
02-measurement-discipline,wallclock,cold,buf_kib=122880;ws_over_l2=6.000,28,0.099241
02-measurement-discipline,wallclock,cold,buf_kib=122880;ws_over_l2=6.000,29,0.098957
02-measurement-discipline,wallclock,cold,buf_kib=122880;ws_over_l2=6.000,30,0.099531
02-measurement-discipline,wallclock,cold,buf_kib=122880;ws_over_l2=6.000,31,0.099563
02-measurement-discipline,wallclock,cold,buf_kib=122880;ws_over_l2=6.000,32,0.099558
02-measurement-discipline,wallclock,cold,buf_kib=122880;ws_over_l2=6.000,33,0.098997
02-measurement-discipline,wallclock,cold,buf_kib=122880;ws_over_l2=6.000,34,0.101258
02-measurement-discipline,wallclock,cold,buf_kib=122880;ws_over_l2=6.000,35,0.099590
02-measurement-discipline,wallclock,cold,buf_kib=122880;ws_over_l2=6.000,36,0.099651
02-measurement-discipline,wallclock,cold,buf_kib=122880;ws_over_l2=6.000,37,0.098351
02-measurement-discipline,wallclock,cold,buf_kib=122880;ws_over_l2=6.000,38,0.100158
02-measurement-discipline,wallclock,cold,buf_kib=122880;ws_over_l2=6.000,39,0.098613
02-measurement-discipline,wallclock,cold,buf_kib=122880;ws_over_l2=6.000,40,0.099966
02-measurement-discipline,wallclock,cold,buf_kib=122880;ws_over_l2=6.000,41,0.099440
02-measurement-discipline,wallclock,cold,buf_kib=122880;ws_over_l2=6.000,42,0.100776
02-measurement-discipline,wallclock,cold,buf_kib=122880;ws_over_l2=6.000,43,0.098483
02-measurement-discipline,wallclock,cold,buf_kib=122880;ws_over_l2=6.000,44,0.099597
02-measurement-discipline,wallclock,cold,buf_kib=122880;ws_over_l2=6.000,45,0.098037
02-measurement-discipline,wallclock,cold,buf_kib=122880;ws_over_l2=6.000,46,0.099562
02-measurement-discipline,wallclock,cold,buf_kib=122880;ws_over_l2=6.000,47,0.099077
02-measurement-discipline,wallclock,cold,buf_kib=122880;ws_over_l2=6.000,48,0.099679
02-measurement-discipline,wallclock,cold,buf_kib=122880;ws_over_l2=6.000,49,0.098414
02-measurement-discipline,no-flush,cold,buf_kib=122880;ws_over_l2=6.000,0,0.095424
02-measurement-discipline,no-flush,cold,buf_kib=122880;ws_over_l2=6.000,1,0.096640
02-measurement-discipline,no-flush,cold,buf_kib=122880;ws_over_l2=6.000,2,0.095424
02-measurement-discipline,no-flush,cold,buf_kib=122880;ws_over_l2=6.000,3,0.097216
02-measurement-discipline,no-flush,cold,buf_kib=122880;ws_over_l2=6.000,4,0.095808
02-measurement-discipline,no-flush,cold,buf_kib=122880;ws_over_l2=6.000,5,0.096608
02-measurement-discipline,no-flush,cold,buf_kib=122880;ws_over_l2=6.000,6,0.095904
02-measurement-discipline,no-flush,cold,buf_kib=122880;ws_over_l2=6.000,7,0.098240
02-measurement-discipline,no-flush,cold,buf_kib=122880;ws_over_l2=6.000,8,0.096288
02-measurement-discipline,no-flush,cold,buf_kib=122880;ws_over_l2=6.000,9,0.096608
02-measurement-discipline,no-flush,cold,buf_kib=122880;ws_over_l2=6.000,10,0.095552
02-measurement-discipline,no-flush,cold,buf_kib=122880;ws_over_l2=6.000,11,0.095648
02-measurement-discipline,no-flush,cold,buf_kib=122880;ws_over_l2=6.000,12,0.094336
02-measurement-discipline,no-flush,cold,buf_kib=122880;ws_over_l2=6.000,13,0.097024
02-measurement-discipline,no-flush,cold,buf_kib=122880;ws_over_l2=6.000,14,0.095712
02-measurement-discipline,no-flush,cold,buf_kib=122880;ws_over_l2=6.000,15,0.096608
02-measurement-discipline,no-flush,cold,buf_kib=122880;ws_over_l2=6.000,16,0.095392
02-measurement-discipline,no-flush,cold,buf_kib=122880;ws_over_l2=6.000,17,0.096672
02-measurement-discipline,no-flush,cold,buf_kib=122880;ws_over_l2=6.000,18,0.096096
02-measurement-discipline,no-flush,cold,buf_kib=122880;ws_over_l2=6.000,19,0.098336
02-measurement-discipline,no-flush,cold,buf_kib=122880;ws_over_l2=6.000,20,0.096288
02-measurement-discipline,no-flush,cold,buf_kib=122880;ws_over_l2=6.000,21,0.095968
02-measurement-discipline,no-flush,cold,buf_kib=122880;ws_over_l2=6.000,22,0.095680
02-measurement-discipline,no-flush,cold,buf_kib=122880;ws_over_l2=6.000,23,0.096416
02-measurement-discipline,no-flush,cold,buf_kib=122880;ws_over_l2=6.000,24,0.094752
02-measurement-discipline,no-flush,cold,buf_kib=122880;ws_over_l2=6.000,25,0.098336
02-measurement-discipline,no-flush,cold,buf_kib=122880;ws_over_l2=6.000,26,0.095616
02-measurement-discipline,no-flush,cold,buf_kib=122880;ws_over_l2=6.000,27,0.096512
02-measurement-discipline,no-flush,cold,buf_kib=122880;ws_over_l2=6.000,28,0.093728
02-measurement-discipline,no-flush,cold,buf_kib=122880;ws_over_l2=6.000,29,0.097728
02-measurement-discipline,no-flush,cold,buf_kib=122880;ws_over_l2=6.000,30,0.095616
02-measurement-discipline,no-flush,cold,buf_kib=122880;ws_over_l2=6.000,31,0.097824
02-measurement-discipline,no-flush,cold,buf_kib=122880;ws_over_l2=6.000,32,0.095584
02-measurement-discipline,no-flush,cold,buf_kib=122880;ws_over_l2=6.000,33,0.097024
02-measurement-discipline,no-flush,cold,buf_kib=122880;ws_over_l2=6.000,34,0.095840
02-measurement-discipline,no-flush,cold,buf_kib=122880;ws_over_l2=6.000,35,0.095648
02-measurement-discipline,no-flush,cold,buf_kib=122880;ws_over_l2=6.000,36,0.095776
02-measurement-discipline,no-flush,cold,buf_kib=122880;ws_over_l2=6.000,37,0.096448
02-measurement-discipline,no-flush,cold,buf_kib=122880;ws_over_l2=6.000,38,0.095136
02-measurement-discipline,no-flush,cold,buf_kib=122880;ws_over_l2=6.000,39,0.095808
02-measurement-discipline,no-flush,cold,buf_kib=122880;ws_over_l2=6.000,40,0.096160
02-measurement-discipline,no-flush,cold,buf_kib=122880;ws_over_l2=6.000,41,0.096160
02-measurement-discipline,no-flush,cold,buf_kib=122880;ws_over_l2=6.000,42,0.095552
02-measurement-discipline,no-flush,cold,buf_kib=122880;ws_over_l2=6.000,43,0.096768
02-measurement-discipline,no-flush,cold,buf_kib=122880;ws_over_l2=6.000,44,0.096064
02-measurement-discipline,no-flush,cold,buf_kib=122880;ws_over_l2=6.000,45,0.095328
02-measurement-discipline,no-flush,cold,buf_kib=122880;ws_over_l2=6.000,46,0.094656
02-measurement-discipline,no-flush,cold,buf_kib=122880;ws_over_l2=6.000,47,0.097024
02-measurement-discipline,no-flush,cold,buf_kib=122880;ws_over_l2=6.000,48,0.096000
02-measurement-discipline,no-flush,cold,buf_kib=122880;ws_over_l2=6.000,49,0.095904
02-measurement-discipline,batched,cold,buf_kib=122880;ws_over_l2=6.000,0,0.093230
02-measurement-discipline,batched,cold,buf_kib=122880;ws_over_l2=6.000,1,0.093154
02-measurement-discipline,batched,cold,buf_kib=122880;ws_over_l2=6.000,2,0.092947
02-measurement-discipline,batched,cold,buf_kib=122880;ws_over_l2=6.000,3,0.093155
02-measurement-discipline,batched,cold,buf_kib=122880;ws_over_l2=6.000,4,0.093026
02-measurement-discipline,batched,cold,buf_kib=122880;ws_over_l2=6.000,5,0.092974
02-measurement-discipline,batched,cold,buf_kib=122880;ws_over_l2=6.000,6,0.092784
02-measurement-discipline,batched,cold,buf_kib=122880;ws_over_l2=6.000,7,0.092962
02-measurement-discipline,batched,cold,buf_kib=122880;ws_over_l2=6.000,8,0.093163
02-measurement-discipline,batched,cold,buf_kib=122880;ws_over_l2=6.000,9,0.093109
02-measurement-discipline,batched,cold,buf_kib=122880;ws_over_l2=6.000,10,0.092867
02-measurement-discipline,batched,cold,buf_kib=122880;ws_over_l2=6.000,11,0.093048
02-measurement-discipline,batched,cold,buf_kib=122880;ws_over_l2=6.000,12,0.092901
02-measurement-discipline,batched,cold,buf_kib=122880;ws_over_l2=6.000,13,0.092898
02-measurement-discipline,batched,cold,buf_kib=122880;ws_over_l2=6.000,14,0.093179
02-measurement-discipline,batched,cold,buf_kib=122880;ws_over_l2=6.000,15,0.092768
02-measurement-discipline,batched,cold,buf_kib=122880;ws_over_l2=6.000,16,0.092829
02-measurement-discipline,batched,cold,buf_kib=122880;ws_over_l2=6.000,17,0.093131
02-measurement-discipline,batched,cold,buf_kib=122880;ws_over_l2=6.000,18,0.092891
02-measurement-discipline,batched,cold,buf_kib=122880;ws_over_l2=6.000,19,0.093034
02-measurement-discipline,batched,cold,buf_kib=122880;ws_over_l2=6.000,20,0.092973
02-measurement-discipline,batched,cold,buf_kib=122880;ws_over_l2=6.000,21,0.093126
02-measurement-discipline,batched,cold,buf_kib=122880;ws_over_l2=6.000,22,0.092987
02-measurement-discipline,batched,cold,buf_kib=122880;ws_over_l2=6.000,23,0.093149
02-measurement-discipline,batched,cold,buf_kib=122880;ws_over_l2=6.000,24,0.093003
02-measurement-discipline,batched,cold,buf_kib=122880;ws_over_l2=6.000,25,0.092984
02-measurement-discipline,batched,cold,buf_kib=122880;ws_over_l2=6.000,26,0.093210
02-measurement-discipline,batched,cold,buf_kib=122880;ws_over_l2=6.000,27,0.092733
02-measurement-discipline,batched,cold,buf_kib=122880;ws_over_l2=6.000,28,0.092893
02-measurement-discipline,batched,cold,buf_kib=122880;ws_over_l2=6.000,29,0.093067
02-measurement-discipline,batched,cold,buf_kib=122880;ws_over_l2=6.000,30,0.092950
02-measurement-discipline,batched,cold,buf_kib=122880;ws_over_l2=6.000,31,0.093118
02-measurement-discipline,batched,cold,buf_kib=122880;ws_over_l2=6.000,32,0.093328
02-measurement-discipline,batched,cold,buf_kib=122880;ws_over_l2=6.000,33,0.092987
02-measurement-discipline,batched,cold,buf_kib=122880;ws_over_l2=6.000,34,0.092784
02-measurement-discipline,batched,cold,buf_kib=122880;ws_over_l2=6.000,35,0.092949
02-measurement-discipline,batched,cold,buf_kib=122880;ws_over_l2=6.000,36,0.093256
02-measurement-discipline,batched,cold,buf_kib=122880;ws_over_l2=6.000,37,0.092683
02-measurement-discipline,batched,cold,buf_kib=122880;ws_over_l2=6.000,38,0.093211
02-measurement-discipline,batched,cold,buf_kib=122880;ws_over_l2=6.000,39,0.093018
02-measurement-discipline,batched,cold,buf_kib=122880;ws_over_l2=6.000,40,0.093101
02-measurement-discipline,batched,cold,buf_kib=122880;ws_over_l2=6.000,41,0.093147
02-measurement-discipline,batched,cold,buf_kib=122880;ws_over_l2=6.000,42,0.092978
02-measurement-discipline,batched,cold,buf_kib=122880;ws_over_l2=6.000,43,0.092685
02-measurement-discipline,batched,cold,buf_kib=122880;ws_over_l2=6.000,44,0.093363
02-measurement-discipline,batched,cold,buf_kib=122880;ws_over_l2=6.000,45,0.092907
02-measurement-discipline,batched,cold,buf_kib=122880;ws_over_l2=6.000,46,0.093139
02-measurement-discipline,batched,cold,buf_kib=122880;ws_over_l2=6.000,47,0.093142
02-measurement-discipline,batched,cold,buf_kib=122880;ws_over_l2=6.000,48,0.093158
02-measurement-discipline,batched,cold,buf_kib=122880;ws_over_l2=6.000,49,0.093008
02-measurement-discipline,disciplined,cold,buf_kib=122880;ws_over_l2=6.000,0,0.099232
02-measurement-discipline,disciplined,cold,buf_kib=122880;ws_over_l2=6.000,1,0.098496
02-measurement-discipline,disciplined,cold,buf_kib=122880;ws_over_l2=6.000,2,0.098496
02-measurement-discipline,disciplined,cold,buf_kib=122880;ws_over_l2=6.000,3,0.098496
02-measurement-discipline,disciplined,cold,buf_kib=122880;ws_over_l2=6.000,4,0.098880
02-measurement-discipline,disciplined,cold,buf_kib=122880;ws_over_l2=6.000,5,0.099072
02-measurement-discipline,disciplined,cold,buf_kib=122880;ws_over_l2=6.000,6,0.096896
02-measurement-discipline,disciplined,cold,buf_kib=122880;ws_over_l2=6.000,7,0.098240
02-measurement-discipline,disciplined,cold,buf_kib=122880;ws_over_l2=6.000,8,0.099104
02-measurement-discipline,disciplined,cold,buf_kib=122880;ws_over_l2=6.000,9,0.099072
02-measurement-discipline,disciplined,cold,buf_kib=122880;ws_over_l2=6.000,10,0.098624
02-measurement-discipline,disciplined,cold,buf_kib=122880;ws_over_l2=6.000,11,0.099232
02-measurement-discipline,disciplined,cold,buf_kib=122880;ws_over_l2=6.000,12,0.098880
02-measurement-discipline,disciplined,cold,buf_kib=122880;ws_over_l2=6.000,13,0.097504
02-measurement-discipline,disciplined,cold,buf_kib=122880;ws_over_l2=6.000,14,0.098400
02-measurement-discipline,disciplined,cold,buf_kib=122880;ws_over_l2=6.000,15,0.098880
02-measurement-discipline,disciplined,cold,buf_kib=122880;ws_over_l2=6.000,16,0.098464
02-measurement-discipline,disciplined,cold,buf_kib=122880;ws_over_l2=6.000,17,0.098752
02-measurement-discipline,disciplined,cold,buf_kib=122880;ws_over_l2=6.000,18,0.098272
02-measurement-discipline,disciplined,cold,buf_kib=122880;ws_over_l2=6.000,19,0.098528
02-measurement-discipline,disciplined,cold,buf_kib=122880;ws_over_l2=6.000,20,0.099360
02-measurement-discipline,disciplined,cold,buf_kib=122880;ws_over_l2=6.000,21,0.098912
02-measurement-discipline,disciplined,cold,buf_kib=122880;ws_over_l2=6.000,22,0.098752
02-measurement-discipline,disciplined,cold,buf_kib=122880;ws_over_l2=6.000,23,0.098592
02-measurement-discipline,disciplined,cold,buf_kib=122880;ws_over_l2=6.000,24,0.099008
02-measurement-discipline,disciplined,cold,buf_kib=122880;ws_over_l2=6.000,25,0.098368
02-measurement-discipline,disciplined,cold,buf_kib=122880;ws_over_l2=6.000,26,0.099008
02-measurement-discipline,disciplined,cold,buf_kib=122880;ws_over_l2=6.000,27,0.098688
02-measurement-discipline,disciplined,cold,buf_kib=122880;ws_over_l2=6.000,28,0.098208
02-measurement-discipline,disciplined,cold,buf_kib=122880;ws_over_l2=6.000,29,0.098464
02-measurement-discipline,disciplined,cold,buf_kib=122880;ws_over_l2=6.000,30,0.098592
02-measurement-discipline,disciplined,cold,buf_kib=122880;ws_over_l2=6.000,31,0.098848
02-measurement-discipline,disciplined,cold,buf_kib=122880;ws_over_l2=6.000,32,0.098624
02-measurement-discipline,disciplined,cold,buf_kib=122880;ws_over_l2=6.000,33,0.099296
02-measurement-discipline,disciplined,cold,buf_kib=122880;ws_over_l2=6.000,34,0.098176
02-measurement-discipline,disciplined,cold,buf_kib=122880;ws_over_l2=6.000,35,0.098464
02-measurement-discipline,disciplined,cold,buf_kib=122880;ws_over_l2=6.000,36,0.099200
02-measurement-discipline,disciplined,cold,buf_kib=122880;ws_over_l2=6.000,37,0.098848
02-measurement-discipline,disciplined,cold,buf_kib=122880;ws_over_l2=6.000,38,0.099072
02-measurement-discipline,disciplined,cold,buf_kib=122880;ws_over_l2=6.000,39,0.099360
02-measurement-discipline,disciplined,cold,buf_kib=122880;ws_over_l2=6.000,40,0.099136
02-measurement-discipline,disciplined,cold,buf_kib=122880;ws_over_l2=6.000,41,0.098976
02-measurement-discipline,disciplined,cold,buf_kib=122880;ws_over_l2=6.000,42,0.098720
02-measurement-discipline,disciplined,cold,buf_kib=122880;ws_over_l2=6.000,43,0.098016
02-measurement-discipline,disciplined,cold,buf_kib=122880;ws_over_l2=6.000,44,0.099360
02-measurement-discipline,disciplined,cold,buf_kib=122880;ws_over_l2=6.000,45,0.099040
02-measurement-discipline,disciplined,cold,buf_kib=122880;ws_over_l2=6.000,46,0.099168
02-measurement-discipline,disciplined,cold,buf_kib=122880;ws_over_l2=6.000,47,0.099264
02-measurement-discipline,disciplined,cold,buf_kib=122880;ws_over_l2=6.000,48,0.098208
02-measurement-discipline,disciplined,cold,buf_kib=122880;ws_over_l2=6.000,49,0.098912
02-measurement-discipline,disciplined,hot,buf_kib=122880;ws_over_l2=6.000,0,0.091738
02-measurement-discipline,disciplined,hot,buf_kib=122880;ws_over_l2=6.000,1,0.091750
02-measurement-discipline,disciplined,hot,buf_kib=122880;ws_over_l2=6.000,2,0.091810
02-measurement-discipline,disciplined,hot,buf_kib=122880;ws_over_l2=6.000,3,0.091874
02-measurement-discipline,disciplined,hot,buf_kib=122880;ws_over_l2=6.000,4,0.091723
02-measurement-discipline,disciplined,hot,buf_kib=122880;ws_over_l2=6.000,5,0.091696
02-measurement-discipline,disciplined,hot,buf_kib=122880;ws_over_l2=6.000,6,0.091688
02-measurement-discipline,disciplined,hot,buf_kib=122880;ws_over_l2=6.000,7,0.091794
02-measurement-discipline,disciplined,hot,buf_kib=122880;ws_over_l2=6.000,8,0.091755
02-measurement-discipline,disciplined,hot,buf_kib=122880;ws_over_l2=6.000,9,0.091584
02-measurement-discipline,disciplined,hot,buf_kib=122880;ws_over_l2=6.000,10,0.091838
02-measurement-discipline,disciplined,hot,buf_kib=122880;ws_over_l2=6.000,11,0.091600
02-measurement-discipline,disciplined,hot,buf_kib=122880;ws_over_l2=6.000,12,0.091902
02-measurement-discipline,disciplined,hot,buf_kib=122880;ws_over_l2=6.000,13,0.091773
02-measurement-discipline,disciplined,hot,buf_kib=122880;ws_over_l2=6.000,14,0.092067
02-measurement-discipline,disciplined,hot,buf_kib=122880;ws_over_l2=6.000,15,0.091720
02-measurement-discipline,disciplined,hot,buf_kib=122880;ws_over_l2=6.000,16,0.092058
02-measurement-discipline,disciplined,hot,buf_kib=122880;ws_over_l2=6.000,17,0.091805
02-measurement-discipline,disciplined,hot,buf_kib=122880;ws_over_l2=6.000,18,0.091627
02-measurement-discipline,disciplined,hot,buf_kib=122880;ws_over_l2=6.000,19,0.091675
02-measurement-discipline,disciplined,hot,buf_kib=122880;ws_over_l2=6.000,20,0.091667
02-measurement-discipline,disciplined,hot,buf_kib=122880;ws_over_l2=6.000,21,0.091893
02-measurement-discipline,disciplined,hot,buf_kib=122880;ws_over_l2=6.000,22,0.091621
02-measurement-discipline,disciplined,hot,buf_kib=122880;ws_over_l2=6.000,23,0.091779
02-measurement-discipline,disciplined,hot,buf_kib=122880;ws_over_l2=6.000,24,0.091613
02-measurement-discipline,disciplined,hot,buf_kib=122880;ws_over_l2=6.000,25,0.091670
02-measurement-discipline,disciplined,hot,buf_kib=122880;ws_over_l2=6.000,26,0.091678
02-measurement-discipline,disciplined,hot,buf_kib=122880;ws_over_l2=6.000,27,0.091805
02-measurement-discipline,disciplined,hot,buf_kib=122880;ws_over_l2=6.000,28,0.091827
02-measurement-discipline,disciplined,hot,buf_kib=122880;ws_over_l2=6.000,29,0.091864
02-measurement-discipline,disciplined,hot,buf_kib=122880;ws_over_l2=6.000,30,0.091699
02-measurement-discipline,disciplined,hot,buf_kib=122880;ws_over_l2=6.000,31,0.091648
02-measurement-discipline,disciplined,hot,buf_kib=122880;ws_over_l2=6.000,32,0.091675
02-measurement-discipline,disciplined,hot,buf_kib=122880;ws_over_l2=6.000,33,0.091806
02-measurement-discipline,disciplined,hot,buf_kib=122880;ws_over_l2=6.000,34,0.091605
02-measurement-discipline,disciplined,hot,buf_kib=122880;ws_over_l2=6.000,35,0.091533
02-measurement-discipline,disciplined,hot,buf_kib=122880;ws_over_l2=6.000,36,0.091707
02-measurement-discipline,disciplined,hot,buf_kib=122880;ws_over_l2=6.000,37,0.091778
02-measurement-discipline,disciplined,hot,buf_kib=122880;ws_over_l2=6.000,38,0.091645
02-measurement-discipline,disciplined,hot,buf_kib=122880;ws_over_l2=6.000,39,0.091541
02-measurement-discipline,disciplined,hot,buf_kib=122880;ws_over_l2=6.000,40,0.091629
02-measurement-discipline,disciplined,hot,buf_kib=122880;ws_over_l2=6.000,41,0.091819
02-measurement-discipline,disciplined,hot,buf_kib=122880;ws_over_l2=6.000,42,0.091675
02-measurement-discipline,disciplined,hot,buf_kib=122880;ws_over_l2=6.000,43,0.091672
02-measurement-discipline,disciplined,hot,buf_kib=122880;ws_over_l2=6.000,44,0.091550
02-measurement-discipline,disciplined,hot,buf_kib=122880;ws_over_l2=6.000,45,0.091554
02-measurement-discipline,disciplined,hot,buf_kib=122880;ws_over_l2=6.000,46,0.091712
02-measurement-discipline,disciplined,hot,buf_kib=122880;ws_over_l2=6.000,47,0.091717
02-measurement-discipline,disciplined,hot,buf_kib=122880;ws_over_l2=6.000,48,0.091837
02-measurement-discipline,disciplined,hot,buf_kib=122880;ws_over_l2=6.000,49,0.091702
02-measurement-discipline,wallclock,cold,buf_kib=262144;ws_over_l2=12.800,0,0.220789
02-measurement-discipline,wallclock,cold,buf_kib=262144;ws_over_l2=12.800,1,0.201098
02-measurement-discipline,wallclock,cold,buf_kib=262144;ws_over_l2=12.800,2,0.203950
02-measurement-discipline,wallclock,cold,buf_kib=262144;ws_over_l2=12.800,3,0.201565
02-measurement-discipline,wallclock,cold,buf_kib=262144;ws_over_l2=12.800,4,0.204886
02-measurement-discipline,wallclock,cold,buf_kib=262144;ws_over_l2=12.800,5,0.201521
02-measurement-discipline,wallclock,cold,buf_kib=262144;ws_over_l2=12.800,6,0.203246
02-measurement-discipline,wallclock,cold,buf_kib=262144;ws_over_l2=12.800,7,0.202028
02-measurement-discipline,wallclock,cold,buf_kib=262144;ws_over_l2=12.800,8,0.205940
02-measurement-discipline,wallclock,cold,buf_kib=262144;ws_over_l2=12.800,9,0.200915
02-measurement-discipline,wallclock,cold,buf_kib=262144;ws_over_l2=12.800,10,0.206595
02-measurement-discipline,wallclock,cold,buf_kib=262144;ws_over_l2=12.800,11,0.206080
02-measurement-discipline,wallclock,cold,buf_kib=262144;ws_over_l2=12.800,12,0.204241
02-measurement-discipline,wallclock,cold,buf_kib=262144;ws_over_l2=12.800,13,0.204395
02-measurement-discipline,wallclock,cold,buf_kib=262144;ws_over_l2=12.800,14,0.202283
02-measurement-discipline,wallclock,cold,buf_kib=262144;ws_over_l2=12.800,15,0.204196
02-measurement-discipline,wallclock,cold,buf_kib=262144;ws_over_l2=12.800,16,0.201402
02-measurement-discipline,wallclock,cold,buf_kib=262144;ws_over_l2=12.800,17,0.202662
02-measurement-discipline,wallclock,cold,buf_kib=262144;ws_over_l2=12.800,18,0.201456
02-measurement-discipline,wallclock,cold,buf_kib=262144;ws_over_l2=12.800,19,0.205973
02-measurement-discipline,wallclock,cold,buf_kib=262144;ws_over_l2=12.800,20,0.200041
02-measurement-discipline,wallclock,cold,buf_kib=262144;ws_over_l2=12.800,21,0.205952
02-measurement-discipline,wallclock,cold,buf_kib=262144;ws_over_l2=12.800,22,0.200810
02-measurement-discipline,wallclock,cold,buf_kib=262144;ws_over_l2=12.800,23,0.205560
02-measurement-discipline,wallclock,cold,buf_kib=262144;ws_over_l2=12.800,24,0.203821
02-measurement-discipline,wallclock,cold,buf_kib=262144;ws_over_l2=12.800,25,0.202494
02-measurement-discipline,wallclock,cold,buf_kib=262144;ws_over_l2=12.800,26,0.204600
02-measurement-discipline,wallclock,cold,buf_kib=262144;ws_over_l2=12.800,27,0.206141
02-measurement-discipline,wallclock,cold,buf_kib=262144;ws_over_l2=12.800,28,0.202959
02-measurement-discipline,wallclock,cold,buf_kib=262144;ws_over_l2=12.800,29,0.202052
02-measurement-discipline,wallclock,cold,buf_kib=262144;ws_over_l2=12.800,30,0.203036
02-measurement-discipline,wallclock,cold,buf_kib=262144;ws_over_l2=12.800,31,0.202769
02-measurement-discipline,wallclock,cold,buf_kib=262144;ws_over_l2=12.800,32,0.202674
02-measurement-discipline,wallclock,cold,buf_kib=262144;ws_over_l2=12.800,33,0.199327
02-measurement-discipline,wallclock,cold,buf_kib=262144;ws_over_l2=12.800,34,0.205441
02-measurement-discipline,wallclock,cold,buf_kib=262144;ws_over_l2=12.800,35,0.202077
02-measurement-discipline,wallclock,cold,buf_kib=262144;ws_over_l2=12.800,36,0.204211
02-measurement-discipline,wallclock,cold,buf_kib=262144;ws_over_l2=12.800,37,0.201835
02-measurement-discipline,wallclock,cold,buf_kib=262144;ws_over_l2=12.800,38,0.204482
02-measurement-discipline,wallclock,cold,buf_kib=262144;ws_over_l2=12.800,39,0.201803
02-measurement-discipline,wallclock,cold,buf_kib=262144;ws_over_l2=12.800,40,0.207040
02-measurement-discipline,wallclock,cold,buf_kib=262144;ws_over_l2=12.800,41,0.204085
02-measurement-discipline,wallclock,cold,buf_kib=262144;ws_over_l2=12.800,42,0.202600
02-measurement-discipline,wallclock,cold,buf_kib=262144;ws_over_l2=12.800,43,0.204639
02-measurement-discipline,wallclock,cold,buf_kib=262144;ws_over_l2=12.800,44,0.202372
02-measurement-discipline,wallclock,cold,buf_kib=262144;ws_over_l2=12.800,45,0.206399
02-measurement-discipline,wallclock,cold,buf_kib=262144;ws_over_l2=12.800,46,0.203495
02-measurement-discipline,wallclock,cold,buf_kib=262144;ws_over_l2=12.800,47,0.205224
02-measurement-discipline,wallclock,cold,buf_kib=262144;ws_over_l2=12.800,48,0.204485
02-measurement-discipline,wallclock,cold,buf_kib=262144;ws_over_l2=12.800,49,0.201460
02-measurement-discipline,no-flush,cold,buf_kib=262144;ws_over_l2=12.800,0,0.200064
02-measurement-discipline,no-flush,cold,buf_kib=262144;ws_over_l2=12.800,1,0.200928
02-measurement-discipline,no-flush,cold,buf_kib=262144;ws_over_l2=12.800,2,0.203456
02-measurement-discipline,no-flush,cold,buf_kib=262144;ws_over_l2=12.800,3,0.198080
02-measurement-discipline,no-flush,cold,buf_kib=262144;ws_over_l2=12.800,4,0.202400
02-measurement-discipline,no-flush,cold,buf_kib=262144;ws_over_l2=12.800,5,0.198816
02-measurement-discipline,no-flush,cold,buf_kib=262144;ws_over_l2=12.800,6,0.202496
02-measurement-discipline,no-flush,cold,buf_kib=262144;ws_over_l2=12.800,7,0.198208
02-measurement-discipline,no-flush,cold,buf_kib=262144;ws_over_l2=12.800,8,0.198944
02-measurement-discipline,no-flush,cold,buf_kib=262144;ws_over_l2=12.800,9,0.199744
02-measurement-discipline,no-flush,cold,buf_kib=262144;ws_over_l2=12.800,10,0.200672
02-measurement-discipline,no-flush,cold,buf_kib=262144;ws_over_l2=12.800,11,0.200000
02-measurement-discipline,no-flush,cold,buf_kib=262144;ws_over_l2=12.800,12,0.201664
02-measurement-discipline,no-flush,cold,buf_kib=262144;ws_over_l2=12.800,13,0.196288
02-measurement-discipline,no-flush,cold,buf_kib=262144;ws_over_l2=12.800,14,0.201760
02-measurement-discipline,no-flush,cold,buf_kib=262144;ws_over_l2=12.800,15,0.198528
02-measurement-discipline,no-flush,cold,buf_kib=262144;ws_over_l2=12.800,16,0.200800
02-measurement-discipline,no-flush,cold,buf_kib=262144;ws_over_l2=12.800,17,0.198176
02-measurement-discipline,no-flush,cold,buf_kib=262144;ws_over_l2=12.800,18,0.203136
02-measurement-discipline,no-flush,cold,buf_kib=262144;ws_over_l2=12.800,19,0.197888
02-measurement-discipline,no-flush,cold,buf_kib=262144;ws_over_l2=12.800,20,0.201088
02-measurement-discipline,no-flush,cold,buf_kib=262144;ws_over_l2=12.800,21,0.199136
02-measurement-discipline,no-flush,cold,buf_kib=262144;ws_over_l2=12.800,22,0.199648
02-measurement-discipline,no-flush,cold,buf_kib=262144;ws_over_l2=12.800,23,0.202528
02-measurement-discipline,no-flush,cold,buf_kib=262144;ws_over_l2=12.800,24,0.198720
02-measurement-discipline,no-flush,cold,buf_kib=262144;ws_over_l2=12.800,25,0.199392
02-measurement-discipline,no-flush,cold,buf_kib=262144;ws_over_l2=12.800,26,0.202144
02-measurement-discipline,no-flush,cold,buf_kib=262144;ws_over_l2=12.800,27,0.199872
02-measurement-discipline,no-flush,cold,buf_kib=262144;ws_over_l2=12.800,28,0.201792
02-measurement-discipline,no-flush,cold,buf_kib=262144;ws_over_l2=12.800,29,0.198080
02-measurement-discipline,no-flush,cold,buf_kib=262144;ws_over_l2=12.800,30,0.201376
02-measurement-discipline,no-flush,cold,buf_kib=262144;ws_over_l2=12.800,31,0.199776
02-measurement-discipline,no-flush,cold,buf_kib=262144;ws_over_l2=12.800,32,0.201888
02-measurement-discipline,no-flush,cold,buf_kib=262144;ws_over_l2=12.800,33,0.200288
02-measurement-discipline,no-flush,cold,buf_kib=262144;ws_over_l2=12.800,34,0.201248
02-measurement-discipline,no-flush,cold,buf_kib=262144;ws_over_l2=12.800,35,0.198048
02-measurement-discipline,no-flush,cold,buf_kib=262144;ws_over_l2=12.800,36,0.202368
02-measurement-discipline,no-flush,cold,buf_kib=262144;ws_over_l2=12.800,37,0.199424
02-measurement-discipline,no-flush,cold,buf_kib=262144;ws_over_l2=12.800,38,0.202048
02-measurement-discipline,no-flush,cold,buf_kib=262144;ws_over_l2=12.800,39,0.199072
02-measurement-discipline,no-flush,cold,buf_kib=262144;ws_over_l2=12.800,40,0.200352
02-measurement-discipline,no-flush,cold,buf_kib=262144;ws_over_l2=12.800,41,0.197088
02-measurement-discipline,no-flush,cold,buf_kib=262144;ws_over_l2=12.800,42,0.199072
02-measurement-discipline,no-flush,cold,buf_kib=262144;ws_over_l2=12.800,43,0.198816
02-measurement-discipline,no-flush,cold,buf_kib=262144;ws_over_l2=12.800,44,0.202432
02-measurement-discipline,no-flush,cold,buf_kib=262144;ws_over_l2=12.800,45,0.202464
02-measurement-discipline,no-flush,cold,buf_kib=262144;ws_over_l2=12.800,46,0.196256
02-measurement-discipline,no-flush,cold,buf_kib=262144;ws_over_l2=12.800,47,0.200256
02-measurement-discipline,no-flush,cold,buf_kib=262144;ws_over_l2=12.800,48,0.199584
02-measurement-discipline,no-flush,cold,buf_kib=262144;ws_over_l2=12.800,49,0.201216
02-measurement-discipline,batched,cold,buf_kib=262144;ws_over_l2=12.800,0,0.196998
02-measurement-discipline,batched,cold,buf_kib=262144;ws_over_l2=12.800,1,0.197082
02-measurement-discipline,batched,cold,buf_kib=262144;ws_over_l2=12.800,2,0.197750
02-measurement-discipline,batched,cold,buf_kib=262144;ws_over_l2=12.800,3,0.197325
02-measurement-discipline,batched,cold,buf_kib=262144;ws_over_l2=12.800,4,0.197325
02-measurement-discipline,batched,cold,buf_kib=262144;ws_over_l2=12.800,5,0.196952
02-measurement-discipline,batched,cold,buf_kib=262144;ws_over_l2=12.800,6,0.197522
02-measurement-discipline,batched,cold,buf_kib=262144;ws_over_l2=12.800,7,0.197237
02-measurement-discipline,batched,cold,buf_kib=262144;ws_over_l2=12.800,8,0.197086
02-measurement-discipline,batched,cold,buf_kib=262144;ws_over_l2=12.800,9,0.196779
02-measurement-discipline,batched,cold,buf_kib=262144;ws_over_l2=12.800,10,0.197488
02-measurement-discipline,batched,cold,buf_kib=262144;ws_over_l2=12.800,11,0.196803
02-measurement-discipline,batched,cold,buf_kib=262144;ws_over_l2=12.800,12,0.196938
02-measurement-discipline,batched,cold,buf_kib=262144;ws_over_l2=12.800,13,0.197062
02-measurement-discipline,batched,cold,buf_kib=262144;ws_over_l2=12.800,14,0.197000
02-measurement-discipline,batched,cold,buf_kib=262144;ws_over_l2=12.800,15,0.196941
02-measurement-discipline,batched,cold,buf_kib=262144;ws_over_l2=12.800,16,0.197429
02-measurement-discipline,batched,cold,buf_kib=262144;ws_over_l2=12.800,17,0.197146
02-measurement-discipline,batched,cold,buf_kib=262144;ws_over_l2=12.800,18,0.197280
02-measurement-discipline,batched,cold,buf_kib=262144;ws_over_l2=12.800,19,0.197414
02-measurement-discipline,batched,cold,buf_kib=262144;ws_over_l2=12.800,20,0.196934
02-measurement-discipline,batched,cold,buf_kib=262144;ws_over_l2=12.800,21,0.197142
02-measurement-discipline,batched,cold,buf_kib=262144;ws_over_l2=12.800,22,0.196995
02-measurement-discipline,batched,cold,buf_kib=262144;ws_over_l2=12.800,23,0.196936
02-measurement-discipline,batched,cold,buf_kib=262144;ws_over_l2=12.800,24,0.197474
02-measurement-discipline,batched,cold,buf_kib=262144;ws_over_l2=12.800,25,0.197667
02-measurement-discipline,batched,cold,buf_kib=262144;ws_over_l2=12.800,26,0.196830
02-measurement-discipline,batched,cold,buf_kib=262144;ws_over_l2=12.800,27,0.197328
02-measurement-discipline,batched,cold,buf_kib=262144;ws_over_l2=12.800,28,0.196706
02-measurement-discipline,batched,cold,buf_kib=262144;ws_over_l2=12.800,29,0.196630
02-measurement-discipline,batched,cold,buf_kib=262144;ws_over_l2=12.800,30,0.197142
02-measurement-discipline,batched,cold,buf_kib=262144;ws_over_l2=12.800,31,0.197114
02-measurement-discipline,batched,cold,buf_kib=262144;ws_over_l2=12.800,32,0.197656
02-measurement-discipline,batched,cold,buf_kib=262144;ws_over_l2=12.800,33,0.197101
02-measurement-discipline,batched,cold,buf_kib=262144;ws_over_l2=12.800,34,0.197138
02-measurement-discipline,batched,cold,buf_kib=262144;ws_over_l2=12.800,35,0.197075
02-measurement-discipline,batched,cold,buf_kib=262144;ws_over_l2=12.800,36,0.197614
02-measurement-discipline,batched,cold,buf_kib=262144;ws_over_l2=12.800,37,0.197565
02-measurement-discipline,batched,cold,buf_kib=262144;ws_over_l2=12.800,38,0.196885
02-measurement-discipline,batched,cold,buf_kib=262144;ws_over_l2=12.800,39,0.197107
02-measurement-discipline,batched,cold,buf_kib=262144;ws_over_l2=12.800,40,0.197171
02-measurement-discipline,batched,cold,buf_kib=262144;ws_over_l2=12.800,41,0.197528
02-measurement-discipline,batched,cold,buf_kib=262144;ws_over_l2=12.800,42,0.197336
02-measurement-discipline,batched,cold,buf_kib=262144;ws_over_l2=12.800,43,0.196802
02-measurement-discipline,batched,cold,buf_kib=262144;ws_over_l2=12.800,44,0.197718
02-measurement-discipline,batched,cold,buf_kib=262144;ws_over_l2=12.800,45,0.196941
02-measurement-discipline,batched,cold,buf_kib=262144;ws_over_l2=12.800,46,0.197706
02-measurement-discipline,batched,cold,buf_kib=262144;ws_over_l2=12.800,47,0.197432
02-measurement-discipline,batched,cold,buf_kib=262144;ws_over_l2=12.800,48,0.197934
02-measurement-discipline,batched,cold,buf_kib=262144;ws_over_l2=12.800,49,0.197006
02-measurement-discipline,disciplined,cold,buf_kib=262144;ws_over_l2=12.800,0,0.202016
02-measurement-discipline,disciplined,cold,buf_kib=262144;ws_over_l2=12.800,1,0.200352
02-measurement-discipline,disciplined,cold,buf_kib=262144;ws_over_l2=12.800,2,0.202176
02-measurement-discipline,disciplined,cold,buf_kib=262144;ws_over_l2=12.800,3,0.201696
02-measurement-discipline,disciplined,cold,buf_kib=262144;ws_over_l2=12.800,4,0.201248
02-measurement-discipline,disciplined,cold,buf_kib=262144;ws_over_l2=12.800,5,0.203392
02-measurement-discipline,disciplined,cold,buf_kib=262144;ws_over_l2=12.800,6,0.201568
02-measurement-discipline,disciplined,cold,buf_kib=262144;ws_over_l2=12.800,7,0.202912
02-measurement-discipline,disciplined,cold,buf_kib=262144;ws_over_l2=12.800,8,0.200320
02-measurement-discipline,disciplined,cold,buf_kib=262144;ws_over_l2=12.800,9,0.201088
02-measurement-discipline,disciplined,cold,buf_kib=262144;ws_over_l2=12.800,10,0.201024
02-measurement-discipline,disciplined,cold,buf_kib=262144;ws_over_l2=12.800,11,0.199104
02-measurement-discipline,disciplined,cold,buf_kib=262144;ws_over_l2=12.800,12,0.201376
02-measurement-discipline,disciplined,cold,buf_kib=262144;ws_over_l2=12.800,13,0.201280
02-measurement-discipline,disciplined,cold,buf_kib=262144;ws_over_l2=12.800,14,0.203200
02-measurement-discipline,disciplined,cold,buf_kib=262144;ws_over_l2=12.800,15,0.202528
02-measurement-discipline,disciplined,cold,buf_kib=262144;ws_over_l2=12.800,16,0.201472
02-measurement-discipline,disciplined,cold,buf_kib=262144;ws_over_l2=12.800,17,0.201984
02-measurement-discipline,disciplined,cold,buf_kib=262144;ws_over_l2=12.800,18,0.201248
02-measurement-discipline,disciplined,cold,buf_kib=262144;ws_over_l2=12.800,19,0.202688
02-measurement-discipline,disciplined,cold,buf_kib=262144;ws_over_l2=12.800,20,0.201920
02-measurement-discipline,disciplined,cold,buf_kib=262144;ws_over_l2=12.800,21,0.201824
02-measurement-discipline,disciplined,cold,buf_kib=262144;ws_over_l2=12.800,22,0.202016
02-measurement-discipline,disciplined,cold,buf_kib=262144;ws_over_l2=12.800,23,0.201312
02-measurement-discipline,disciplined,cold,buf_kib=262144;ws_over_l2=12.800,24,0.203712
02-measurement-discipline,disciplined,cold,buf_kib=262144;ws_over_l2=12.800,25,0.201536
02-measurement-discipline,disciplined,cold,buf_kib=262144;ws_over_l2=12.800,26,0.202976
02-measurement-discipline,disciplined,cold,buf_kib=262144;ws_over_l2=12.800,27,0.202432
02-measurement-discipline,disciplined,cold,buf_kib=262144;ws_over_l2=12.800,28,0.200736
02-measurement-discipline,disciplined,cold,buf_kib=262144;ws_over_l2=12.800,29,0.200704
02-measurement-discipline,disciplined,cold,buf_kib=262144;ws_over_l2=12.800,30,0.202048
02-measurement-discipline,disciplined,cold,buf_kib=262144;ws_over_l2=12.800,31,0.202080
02-measurement-discipline,disciplined,cold,buf_kib=262144;ws_over_l2=12.800,32,0.203168
02-measurement-discipline,disciplined,cold,buf_kib=262144;ws_over_l2=12.800,33,0.200352
02-measurement-discipline,disciplined,cold,buf_kib=262144;ws_over_l2=12.800,34,0.200352
02-measurement-discipline,disciplined,cold,buf_kib=262144;ws_over_l2=12.800,35,0.203808
02-measurement-discipline,disciplined,cold,buf_kib=262144;ws_over_l2=12.800,36,0.201024
02-measurement-discipline,disciplined,cold,buf_kib=262144;ws_over_l2=12.800,37,0.201088
02-measurement-discipline,disciplined,cold,buf_kib=262144;ws_over_l2=12.800,38,0.202080
02-measurement-discipline,disciplined,cold,buf_kib=262144;ws_over_l2=12.800,39,0.200896
02-measurement-discipline,disciplined,cold,buf_kib=262144;ws_over_l2=12.800,40,0.202304
02-measurement-discipline,disciplined,cold,buf_kib=262144;ws_over_l2=12.800,41,0.201216
02-measurement-discipline,disciplined,cold,buf_kib=262144;ws_over_l2=12.800,42,0.202208
02-measurement-discipline,disciplined,cold,buf_kib=262144;ws_over_l2=12.800,43,0.202464
02-measurement-discipline,disciplined,cold,buf_kib=262144;ws_over_l2=12.800,44,0.201376
02-measurement-discipline,disciplined,cold,buf_kib=262144;ws_over_l2=12.800,45,0.203552
02-measurement-discipline,disciplined,cold,buf_kib=262144;ws_over_l2=12.800,46,0.200608
02-measurement-discipline,disciplined,cold,buf_kib=262144;ws_over_l2=12.800,47,0.202784
02-measurement-discipline,disciplined,cold,buf_kib=262144;ws_over_l2=12.800,48,0.205376
02-measurement-discipline,disciplined,cold,buf_kib=262144;ws_over_l2=12.800,49,0.203584
02-measurement-discipline,disciplined,hot,buf_kib=262144;ws_over_l2=12.800,0,0.195514
02-measurement-discipline,disciplined,hot,buf_kib=262144;ws_over_l2=12.800,1,0.196394
02-measurement-discipline,disciplined,hot,buf_kib=262144;ws_over_l2=12.800,2,0.196112
02-measurement-discipline,disciplined,hot,buf_kib=262144;ws_over_l2=12.800,3,0.196371
02-measurement-discipline,disciplined,hot,buf_kib=262144;ws_over_l2=12.800,4,0.195594
02-measurement-discipline,disciplined,hot,buf_kib=262144;ws_over_l2=12.800,5,0.195978
02-measurement-discipline,disciplined,hot,buf_kib=262144;ws_over_l2=12.800,6,0.195696
02-measurement-discipline,disciplined,hot,buf_kib=262144;ws_over_l2=12.800,7,0.196379
02-measurement-discipline,disciplined,hot,buf_kib=262144;ws_over_l2=12.800,8,0.195906
02-measurement-discipline,disciplined,hot,buf_kib=262144;ws_over_l2=12.800,9,0.195570
02-measurement-discipline,disciplined,hot,buf_kib=262144;ws_over_l2=12.800,10,0.195877
02-measurement-discipline,disciplined,hot,buf_kib=262144;ws_over_l2=12.800,11,0.196138
02-measurement-discipline,disciplined,hot,buf_kib=262144;ws_over_l2=12.800,12,0.196043
02-measurement-discipline,disciplined,hot,buf_kib=262144;ws_over_l2=12.800,13,0.196048
02-measurement-discipline,disciplined,hot,buf_kib=262144;ws_over_l2=12.800,14,0.196179
02-measurement-discipline,disciplined,hot,buf_kib=262144;ws_over_l2=12.800,15,0.196064
02-measurement-discipline,disciplined,hot,buf_kib=262144;ws_over_l2=12.800,16,0.196277
02-measurement-discipline,disciplined,hot,buf_kib=262144;ws_over_l2=12.800,17,0.196211
02-measurement-discipline,disciplined,hot,buf_kib=262144;ws_over_l2=12.800,18,0.195616
02-measurement-discipline,disciplined,hot,buf_kib=262144;ws_over_l2=12.800,19,0.195882
02-measurement-discipline,disciplined,hot,buf_kib=262144;ws_over_l2=12.800,20,0.196141
02-measurement-discipline,disciplined,hot,buf_kib=262144;ws_over_l2=12.800,21,0.196051
02-measurement-discipline,disciplined,hot,buf_kib=262144;ws_over_l2=12.800,22,0.196344
02-measurement-discipline,disciplined,hot,buf_kib=262144;ws_over_l2=12.800,23,0.195757
02-measurement-discipline,disciplined,hot,buf_kib=262144;ws_over_l2=12.800,24,0.196366
02-measurement-discipline,disciplined,hot,buf_kib=262144;ws_over_l2=12.800,25,0.195818
02-measurement-discipline,disciplined,hot,buf_kib=262144;ws_over_l2=12.800,26,0.195493
02-measurement-discipline,disciplined,hot,buf_kib=262144;ws_over_l2=12.800,27,0.195552
02-measurement-discipline,disciplined,hot,buf_kib=262144;ws_over_l2=12.800,28,0.196298
02-measurement-discipline,disciplined,hot,buf_kib=262144;ws_over_l2=12.800,29,0.195760
02-measurement-discipline,disciplined,hot,buf_kib=262144;ws_over_l2=12.800,30,0.195754
02-measurement-discipline,disciplined,hot,buf_kib=262144;ws_over_l2=12.800,31,0.195613
02-measurement-discipline,disciplined,hot,buf_kib=262144;ws_over_l2=12.800,32,0.195725
02-measurement-discipline,disciplined,hot,buf_kib=262144;ws_over_l2=12.800,33,0.196123
02-measurement-discipline,disciplined,hot,buf_kib=262144;ws_over_l2=12.800,34,0.196187
02-measurement-discipline,disciplined,hot,buf_kib=262144;ws_over_l2=12.800,35,0.195846
02-measurement-discipline,disciplined,hot,buf_kib=262144;ws_over_l2=12.800,36,0.195702
02-measurement-discipline,disciplined,hot,buf_kib=262144;ws_over_l2=12.800,37,0.195749
02-measurement-discipline,disciplined,hot,buf_kib=262144;ws_over_l2=12.800,38,0.196173
02-measurement-discipline,disciplined,hot,buf_kib=262144;ws_over_l2=12.800,39,0.196117
02-measurement-discipline,disciplined,hot,buf_kib=262144;ws_over_l2=12.800,40,0.196069
02-measurement-discipline,disciplined,hot,buf_kib=262144;ws_over_l2=12.800,41,0.195994
02-measurement-discipline,disciplined,hot,buf_kib=262144;ws_over_l2=12.800,42,0.195672
02-measurement-discipline,disciplined,hot,buf_kib=262144;ws_over_l2=12.800,43,0.196256
02-measurement-discipline,disciplined,hot,buf_kib=262144;ws_over_l2=12.800,44,0.196155
02-measurement-discipline,disciplined,hot,buf_kib=262144;ws_over_l2=12.800,45,0.195491
02-measurement-discipline,disciplined,hot,buf_kib=262144;ws_over_l2=12.800,46,0.196189
02-measurement-discipline,disciplined,hot,buf_kib=262144;ws_over_l2=12.800,47,0.195678
02-measurement-discipline,disciplined,hot,buf_kib=262144;ws_over_l2=12.800,48,0.196275
02-measurement-discipline,disciplined,hot,buf_kib=262144;ws_over_l2=12.800,49,0.196467
