kernel,variant,mode,shape,sample,ms
02-measurement-discipline,wallclock,cold,buf_kib=3840;ws_over_l2=0.188,0,0.022264
02-measurement-discipline,wallclock,cold,buf_kib=3840;ws_over_l2=0.188,1,0.011999
02-measurement-discipline,wallclock,cold,buf_kib=3840;ws_over_l2=0.188,2,0.013240
02-measurement-discipline,wallclock,cold,buf_kib=3840;ws_over_l2=0.188,3,0.011605
02-measurement-discipline,wallclock,cold,buf_kib=3840;ws_over_l2=0.188,4,0.011286
02-measurement-discipline,wallclock,cold,buf_kib=3840;ws_over_l2=0.188,5,0.011282
02-measurement-discipline,wallclock,cold,buf_kib=3840;ws_over_l2=0.188,6,0.011690
02-measurement-discipline,wallclock,cold,buf_kib=3840;ws_over_l2=0.188,7,0.011249
02-measurement-discipline,wallclock,cold,buf_kib=3840;ws_over_l2=0.188,8,0.010645
02-measurement-discipline,wallclock,cold,buf_kib=3840;ws_over_l2=0.188,9,0.011609
02-measurement-discipline,wallclock,cold,buf_kib=3840;ws_over_l2=0.188,10,0.010726
02-measurement-discipline,wallclock,cold,buf_kib=3840;ws_over_l2=0.188,11,0.010767
02-measurement-discipline,wallclock,cold,buf_kib=3840;ws_over_l2=0.188,12,0.010691
02-measurement-discipline,wallclock,cold,buf_kib=3840;ws_over_l2=0.188,13,0.011209
02-measurement-discipline,wallclock,cold,buf_kib=3840;ws_over_l2=0.188,14,0.011243
02-measurement-discipline,wallclock,cold,buf_kib=3840;ws_over_l2=0.188,15,0.010605
02-measurement-discipline,wallclock,cold,buf_kib=3840;ws_over_l2=0.188,16,0.011171
02-measurement-discipline,wallclock,cold,buf_kib=3840;ws_over_l2=0.188,17,0.010926
02-measurement-discipline,wallclock,cold,buf_kib=3840;ws_over_l2=0.188,18,0.010691
02-measurement-discipline,wallclock,cold,buf_kib=3840;ws_over_l2=0.188,19,0.010845
02-measurement-discipline,wallclock,cold,buf_kib=3840;ws_over_l2=0.188,20,0.011211
02-measurement-discipline,wallclock,cold,buf_kib=3840;ws_over_l2=0.188,21,0.010918
02-measurement-discipline,wallclock,cold,buf_kib=3840;ws_over_l2=0.188,22,0.010829
02-measurement-discipline,wallclock,cold,buf_kib=3840;ws_over_l2=0.188,23,0.011667
02-measurement-discipline,wallclock,cold,buf_kib=3840;ws_over_l2=0.188,24,0.010705
02-measurement-discipline,wallclock,cold,buf_kib=3840;ws_over_l2=0.188,25,0.010703
02-measurement-discipline,wallclock,cold,buf_kib=3840;ws_over_l2=0.188,26,0.010572
02-measurement-discipline,wallclock,cold,buf_kib=3840;ws_over_l2=0.188,27,0.011410
02-measurement-discipline,wallclock,cold,buf_kib=3840;ws_over_l2=0.188,28,0.010765
02-measurement-discipline,wallclock,cold,buf_kib=3840;ws_over_l2=0.188,29,0.010686
02-measurement-discipline,wallclock,cold,buf_kib=3840;ws_over_l2=0.188,30,0.011490
02-measurement-discipline,wallclock,cold,buf_kib=3840;ws_over_l2=0.188,31,0.010648
02-measurement-discipline,wallclock,cold,buf_kib=3840;ws_over_l2=0.188,32,0.010842
02-measurement-discipline,wallclock,cold,buf_kib=3840;ws_over_l2=0.188,33,0.010627
02-measurement-discipline,wallclock,cold,buf_kib=3840;ws_over_l2=0.188,34,0.011233
02-measurement-discipline,wallclock,cold,buf_kib=3840;ws_over_l2=0.188,35,0.010740
02-measurement-discipline,wallclock,cold,buf_kib=3840;ws_over_l2=0.188,36,0.010608
02-measurement-discipline,wallclock,cold,buf_kib=3840;ws_over_l2=0.188,37,0.011108
02-measurement-discipline,wallclock,cold,buf_kib=3840;ws_over_l2=0.188,38,0.010689
02-measurement-discipline,wallclock,cold,buf_kib=3840;ws_over_l2=0.188,39,0.012092
02-measurement-discipline,wallclock,cold,buf_kib=3840;ws_over_l2=0.188,40,0.010560
02-measurement-discipline,wallclock,cold,buf_kib=3840;ws_over_l2=0.188,41,0.011729
02-measurement-discipline,wallclock,cold,buf_kib=3840;ws_over_l2=0.188,42,0.010800
02-measurement-discipline,wallclock,cold,buf_kib=3840;ws_over_l2=0.188,43,0.011009
02-measurement-discipline,wallclock,cold,buf_kib=3840;ws_over_l2=0.188,44,0.010765
02-measurement-discipline,wallclock,cold,buf_kib=3840;ws_over_l2=0.188,45,0.011686
02-measurement-discipline,wallclock,cold,buf_kib=3840;ws_over_l2=0.188,46,0.010936
02-measurement-discipline,wallclock,cold,buf_kib=3840;ws_over_l2=0.188,47,0.011082
02-measurement-discipline,wallclock,cold,buf_kib=3840;ws_over_l2=0.188,48,0.011809
02-measurement-discipline,wallclock,cold,buf_kib=3840;ws_over_l2=0.188,49,0.010606
02-measurement-discipline,no-flush,cold,buf_kib=3840;ws_over_l2=0.188,0,0.009088
02-measurement-discipline,no-flush,cold,buf_kib=3840;ws_over_l2=0.188,1,0.007840
02-measurement-discipline,no-flush,cold,buf_kib=3840;ws_over_l2=0.188,2,0.007776
02-measurement-discipline,no-flush,cold,buf_kib=3840;ws_over_l2=0.188,3,0.008320
02-measurement-discipline,no-flush,cold,buf_kib=3840;ws_over_l2=0.188,4,0.008256
02-measurement-discipline,no-flush,cold,buf_kib=3840;ws_over_l2=0.188,5,0.007776
02-measurement-discipline,no-flush,cold,buf_kib=3840;ws_over_l2=0.188,6,0.007968
02-measurement-discipline,no-flush,cold,buf_kib=3840;ws_over_l2=0.188,7,0.008224
02-measurement-discipline,no-flush,cold,buf_kib=3840;ws_over_l2=0.188,8,0.007840
02-measurement-discipline,no-flush,cold,buf_kib=3840;ws_over_l2=0.188,9,0.007680
02-measurement-discipline,no-flush,cold,buf_kib=3840;ws_over_l2=0.188,10,0.008064
02-measurement-discipline,no-flush,cold,buf_kib=3840;ws_over_l2=0.188,11,0.007872
02-measurement-discipline,no-flush,cold,buf_kib=3840;ws_over_l2=0.188,12,0.007840
02-measurement-discipline,no-flush,cold,buf_kib=3840;ws_over_l2=0.188,13,0.007904
02-measurement-discipline,no-flush,cold,buf_kib=3840;ws_over_l2=0.188,14,0.007744
02-measurement-discipline,no-flush,cold,buf_kib=3840;ws_over_l2=0.188,15,0.007712
02-measurement-discipline,no-flush,cold,buf_kib=3840;ws_over_l2=0.188,16,0.008320
02-measurement-discipline,no-flush,cold,buf_kib=3840;ws_over_l2=0.188,17,0.007680
02-measurement-discipline,no-flush,cold,buf_kib=3840;ws_over_l2=0.188,18,0.007872
02-measurement-discipline,no-flush,cold,buf_kib=3840;ws_over_l2=0.188,19,0.007776
02-measurement-discipline,no-flush,cold,buf_kib=3840;ws_over_l2=0.188,20,0.008160
02-measurement-discipline,no-flush,cold,buf_kib=3840;ws_over_l2=0.188,21,0.007936
02-measurement-discipline,no-flush,cold,buf_kib=3840;ws_over_l2=0.188,22,0.007808
02-measurement-discipline,no-flush,cold,buf_kib=3840;ws_over_l2=0.188,23,0.008384
02-measurement-discipline,no-flush,cold,buf_kib=3840;ws_over_l2=0.188,24,0.007808
02-measurement-discipline,no-flush,cold,buf_kib=3840;ws_over_l2=0.188,25,0.007744
02-measurement-discipline,no-flush,cold,buf_kib=3840;ws_over_l2=0.188,26,0.008064
02-measurement-discipline,no-flush,cold,buf_kib=3840;ws_over_l2=0.188,27,0.007872
02-measurement-discipline,no-flush,cold,buf_kib=3840;ws_over_l2=0.188,28,0.007840
02-measurement-discipline,no-flush,cold,buf_kib=3840;ws_over_l2=0.188,29,0.007936
02-measurement-discipline,no-flush,cold,buf_kib=3840;ws_over_l2=0.188,30,0.007968
02-measurement-discipline,no-flush,cold,buf_kib=3840;ws_over_l2=0.188,31,0.007712
02-measurement-discipline,no-flush,cold,buf_kib=3840;ws_over_l2=0.188,32,0.007904
02-measurement-discipline,no-flush,cold,buf_kib=3840;ws_over_l2=0.188,33,0.007936
02-measurement-discipline,no-flush,cold,buf_kib=3840;ws_over_l2=0.188,34,0.007936
02-measurement-discipline,no-flush,cold,buf_kib=3840;ws_over_l2=0.188,35,0.007840
02-measurement-discipline,no-flush,cold,buf_kib=3840;ws_over_l2=0.188,36,0.008032
02-measurement-discipline,no-flush,cold,buf_kib=3840;ws_over_l2=0.188,37,0.007936
02-measurement-discipline,no-flush,cold,buf_kib=3840;ws_over_l2=0.188,38,0.007808
02-measurement-discipline,no-flush,cold,buf_kib=3840;ws_over_l2=0.188,39,0.008032
02-measurement-discipline,no-flush,cold,buf_kib=3840;ws_over_l2=0.188,40,0.007904
02-measurement-discipline,no-flush,cold,buf_kib=3840;ws_over_l2=0.188,41,0.007808
02-measurement-discipline,no-flush,cold,buf_kib=3840;ws_over_l2=0.188,42,0.007936
02-measurement-discipline,no-flush,cold,buf_kib=3840;ws_over_l2=0.188,43,0.008768
02-measurement-discipline,no-flush,cold,buf_kib=3840;ws_over_l2=0.188,44,0.008032
02-measurement-discipline,no-flush,cold,buf_kib=3840;ws_over_l2=0.188,45,0.007904
02-measurement-discipline,no-flush,cold,buf_kib=3840;ws_over_l2=0.188,46,0.008128
02-measurement-discipline,no-flush,cold,buf_kib=3840;ws_over_l2=0.188,47,0.007840
02-measurement-discipline,no-flush,cold,buf_kib=3840;ws_over_l2=0.188,48,0.007936
02-measurement-discipline,no-flush,cold,buf_kib=3840;ws_over_l2=0.188,49,0.008352
02-measurement-discipline,batched,cold,buf_kib=3840;ws_over_l2=0.188,0,0.004307
02-measurement-discipline,batched,cold,buf_kib=3840;ws_over_l2=0.188,1,0.004315
02-measurement-discipline,batched,cold,buf_kib=3840;ws_over_l2=0.188,2,0.004330
02-measurement-discipline,batched,cold,buf_kib=3840;ws_over_l2=0.188,3,0.004336
02-measurement-discipline,batched,cold,buf_kib=3840;ws_over_l2=0.188,4,0.004307
02-measurement-discipline,batched,cold,buf_kib=3840;ws_over_l2=0.188,5,0.004309
02-measurement-discipline,batched,cold,buf_kib=3840;ws_over_l2=0.188,6,0.004331
02-measurement-discipline,batched,cold,buf_kib=3840;ws_over_l2=0.188,7,0.004331
02-measurement-discipline,batched,cold,buf_kib=3840;ws_over_l2=0.188,8,0.004331
02-measurement-discipline,batched,cold,buf_kib=3840;ws_over_l2=0.188,9,0.004333
02-measurement-discipline,batched,cold,buf_kib=3840;ws_over_l2=0.188,10,0.004309
02-measurement-discipline,batched,cold,buf_kib=3840;ws_over_l2=0.188,11,0.005470
02-measurement-discipline,batched,cold,buf_kib=3840;ws_over_l2=0.188,12,0.004318
02-measurement-discipline,batched,cold,buf_kib=3840;ws_over_l2=0.188,13,0.004317
02-measurement-discipline,batched,cold,buf_kib=3840;ws_over_l2=0.188,14,0.004342
02-measurement-discipline,batched,cold,buf_kib=3840;ws_over_l2=0.188,15,0.004333
02-measurement-discipline,batched,cold,buf_kib=3840;ws_over_l2=0.188,16,0.004322
02-measurement-discipline,batched,cold,buf_kib=3840;ws_over_l2=0.188,17,0.004325
02-measurement-discipline,batched,cold,buf_kib=3840;ws_over_l2=0.188,18,0.004290
02-measurement-discipline,batched,cold,buf_kib=3840;ws_over_l2=0.188,19,0.004339
02-measurement-discipline,batched,cold,buf_kib=3840;ws_over_l2=0.188,20,0.004320
02-measurement-discipline,batched,cold,buf_kib=3840;ws_over_l2=0.188,21,0.004334
02-measurement-discipline,batched,cold,buf_kib=3840;ws_over_l2=0.188,22,0.004317
02-measurement-discipline,batched,cold,buf_kib=3840;ws_over_l2=0.188,23,0.004310
02-measurement-discipline,batched,cold,buf_kib=3840;ws_over_l2=0.188,24,0.004323
02-measurement-discipline,batched,cold,buf_kib=3840;ws_over_l2=0.188,25,0.004317
02-measurement-discipline,batched,cold,buf_kib=3840;ws_over_l2=0.188,26,0.004326
02-measurement-discipline,batched,cold,buf_kib=3840;ws_over_l2=0.188,27,0.004298
02-measurement-discipline,batched,cold,buf_kib=3840;ws_over_l2=0.188,28,0.004339
02-measurement-discipline,batched,cold,buf_kib=3840;ws_over_l2=0.188,29,0.004334
02-measurement-discipline,batched,cold,buf_kib=3840;ws_over_l2=0.188,30,0.004312
02-measurement-discipline,batched,cold,buf_kib=3840;ws_over_l2=0.188,31,0.004325
02-measurement-discipline,batched,cold,buf_kib=3840;ws_over_l2=0.188,32,0.004334
02-measurement-discipline,batched,cold,buf_kib=3840;ws_over_l2=0.188,33,0.004339
02-measurement-discipline,batched,cold,buf_kib=3840;ws_over_l2=0.188,34,0.004298
02-measurement-discipline,batched,cold,buf_kib=3840;ws_over_l2=0.188,35,0.004320
02-measurement-discipline,batched,cold,buf_kib=3840;ws_over_l2=0.188,36,0.004325
02-measurement-discipline,batched,cold,buf_kib=3840;ws_over_l2=0.188,37,0.004325
02-measurement-discipline,batched,cold,buf_kib=3840;ws_over_l2=0.188,38,0.004333
02-measurement-discipline,batched,cold,buf_kib=3840;ws_over_l2=0.188,39,0.004333
02-measurement-discipline,batched,cold,buf_kib=3840;ws_over_l2=0.188,40,0.004336
02-measurement-discipline,batched,cold,buf_kib=3840;ws_over_l2=0.188,41,0.004330
02-measurement-discipline,batched,cold,buf_kib=3840;ws_over_l2=0.188,42,0.004317
02-measurement-discipline,batched,cold,buf_kib=3840;ws_over_l2=0.188,43,0.004323
02-measurement-discipline,batched,cold,buf_kib=3840;ws_over_l2=0.188,44,0.004299
02-measurement-discipline,batched,cold,buf_kib=3840;ws_over_l2=0.188,45,0.004326
02-measurement-discipline,batched,cold,buf_kib=3840;ws_over_l2=0.188,46,0.004310
02-measurement-discipline,batched,cold,buf_kib=3840;ws_over_l2=0.188,47,0.004330
02-measurement-discipline,batched,cold,buf_kib=3840;ws_over_l2=0.188,48,0.004323
02-measurement-discipline,batched,cold,buf_kib=3840;ws_over_l2=0.188,49,0.004304
02-measurement-discipline,disciplined,cold,buf_kib=3840;ws_over_l2=0.188,0,0.009792
02-measurement-discipline,disciplined,cold,buf_kib=3840;ws_over_l2=0.188,1,0.009760
02-measurement-discipline,disciplined,cold,buf_kib=3840;ws_over_l2=0.188,2,0.009536
02-measurement-discipline,disciplined,cold,buf_kib=3840;ws_over_l2=0.188,3,0.009632
02-measurement-discipline,disciplined,cold,buf_kib=3840;ws_over_l2=0.188,4,0.009696
02-measurement-discipline,disciplined,cold,buf_kib=3840;ws_over_l2=0.188,5,0.009760
02-measurement-discipline,disciplined,cold,buf_kib=3840;ws_over_l2=0.188,6,0.009568
02-measurement-discipline,disciplined,cold,buf_kib=3840;ws_over_l2=0.188,7,0.009440
02-measurement-discipline,disciplined,cold,buf_kib=3840;ws_over_l2=0.188,8,0.009696
02-measurement-discipline,disciplined,cold,buf_kib=3840;ws_over_l2=0.188,9,0.009472
02-measurement-discipline,disciplined,cold,buf_kib=3840;ws_over_l2=0.188,10,0.010592
02-measurement-discipline,disciplined,cold,buf_kib=3840;ws_over_l2=0.188,11,0.010016
02-measurement-discipline,disciplined,cold,buf_kib=3840;ws_over_l2=0.188,12,0.009536
02-measurement-discipline,disciplined,cold,buf_kib=3840;ws_over_l2=0.188,13,0.009472
02-measurement-discipline,disciplined,cold,buf_kib=3840;ws_over_l2=0.188,14,0.009728
02-measurement-discipline,disciplined,cold,buf_kib=3840;ws_over_l2=0.188,15,0.009760
02-measurement-discipline,disciplined,cold,buf_kib=3840;ws_over_l2=0.188,16,0.009728
02-measurement-discipline,disciplined,cold,buf_kib=3840;ws_over_l2=0.188,17,0.009472
02-measurement-discipline,disciplined,cold,buf_kib=3840;ws_over_l2=0.188,18,0.009728
02-measurement-discipline,disciplined,cold,buf_kib=3840;ws_over_l2=0.188,19,0.009632
02-measurement-discipline,disciplined,cold,buf_kib=3840;ws_over_l2=0.188,20,0.009664
02-measurement-discipline,disciplined,cold,buf_kib=3840;ws_over_l2=0.188,21,0.009440
02-measurement-discipline,disciplined,cold,buf_kib=3840;ws_over_l2=0.188,22,0.009600
02-measurement-discipline,disciplined,cold,buf_kib=3840;ws_over_l2=0.188,23,0.009664
02-measurement-discipline,disciplined,cold,buf_kib=3840;ws_over_l2=0.188,24,0.009472
02-measurement-discipline,disciplined,cold,buf_kib=3840;ws_over_l2=0.188,25,0.009568
02-measurement-discipline,disciplined,cold,buf_kib=3840;ws_over_l2=0.188,26,0.009504
02-measurement-discipline,disciplined,cold,buf_kib=3840;ws_over_l2=0.188,27,0.009632
02-measurement-discipline,disciplined,cold,buf_kib=3840;ws_over_l2=0.188,28,0.009696
02-measurement-discipline,disciplined,cold,buf_kib=3840;ws_over_l2=0.188,29,0.009504
02-measurement-discipline,disciplined,cold,buf_kib=3840;ws_over_l2=0.188,30,0.009792
02-measurement-discipline,disciplined,cold,buf_kib=3840;ws_over_l2=0.188,31,0.009472
02-measurement-discipline,disciplined,cold,buf_kib=3840;ws_over_l2=0.188,32,0.009472
02-measurement-discipline,disciplined,cold,buf_kib=3840;ws_over_l2=0.188,33,0.009440
02-measurement-discipline,disciplined,cold,buf_kib=3840;ws_over_l2=0.188,34,0.009568
02-measurement-discipline,disciplined,cold,buf_kib=3840;ws_over_l2=0.188,35,0.009472
02-measurement-discipline,disciplined,cold,buf_kib=3840;ws_over_l2=0.188,36,0.009600
02-measurement-discipline,disciplined,cold,buf_kib=3840;ws_over_l2=0.188,37,0.009376
02-measurement-discipline,disciplined,cold,buf_kib=3840;ws_over_l2=0.188,38,0.009536
02-measurement-discipline,disciplined,cold,buf_kib=3840;ws_over_l2=0.188,39,0.009504
02-measurement-discipline,disciplined,cold,buf_kib=3840;ws_over_l2=0.188,40,0.009472
02-measurement-discipline,disciplined,cold,buf_kib=3840;ws_over_l2=0.188,41,0.009696
02-measurement-discipline,disciplined,cold,buf_kib=3840;ws_over_l2=0.188,42,0.009632
02-measurement-discipline,disciplined,cold,buf_kib=3840;ws_over_l2=0.188,43,0.009440
02-measurement-discipline,disciplined,cold,buf_kib=3840;ws_over_l2=0.188,44,0.009632
02-measurement-discipline,disciplined,cold,buf_kib=3840;ws_over_l2=0.188,45,0.009344
02-measurement-discipline,disciplined,cold,buf_kib=3840;ws_over_l2=0.188,46,0.009440
02-measurement-discipline,disciplined,cold,buf_kib=3840;ws_over_l2=0.188,47,0.009600
02-measurement-discipline,disciplined,cold,buf_kib=3840;ws_over_l2=0.188,48,0.009696
02-measurement-discipline,disciplined,cold,buf_kib=3840;ws_over_l2=0.188,49,0.009792
02-measurement-discipline,disciplined,hot,buf_kib=3840;ws_over_l2=0.188,0,0.003288
02-measurement-discipline,disciplined,hot,buf_kib=3840;ws_over_l2=0.188,1,0.003266
02-measurement-discipline,disciplined,hot,buf_kib=3840;ws_over_l2=0.188,2,0.003264
02-measurement-discipline,disciplined,hot,buf_kib=3840;ws_over_l2=0.188,3,0.003266
02-measurement-discipline,disciplined,hot,buf_kib=3840;ws_over_l2=0.188,4,0.003272
02-measurement-discipline,disciplined,hot,buf_kib=3840;ws_over_l2=0.188,5,0.003274
02-measurement-discipline,disciplined,hot,buf_kib=3840;ws_over_l2=0.188,6,0.003262
02-measurement-discipline,disciplined,hot,buf_kib=3840;ws_over_l2=0.188,7,0.003290
02-measurement-discipline,disciplined,hot,buf_kib=3840;ws_over_l2=0.188,8,0.003262
02-measurement-discipline,disciplined,hot,buf_kib=3840;ws_over_l2=0.188,9,0.003282
02-measurement-discipline,disciplined,hot,buf_kib=3840;ws_over_l2=0.188,10,0.003259
02-measurement-discipline,disciplined,hot,buf_kib=3840;ws_over_l2=0.188,11,0.003266
02-measurement-discipline,disciplined,hot,buf_kib=3840;ws_over_l2=0.188,12,0.003264
02-measurement-discipline,disciplined,hot,buf_kib=3840;ws_over_l2=0.188,13,0.003262
02-measurement-discipline,disciplined,hot,buf_kib=3840;ws_over_l2=0.188,14,0.003266
02-measurement-discipline,disciplined,hot,buf_kib=3840;ws_over_l2=0.188,15,0.003261
02-measurement-discipline,disciplined,hot,buf_kib=3840;ws_over_l2=0.188,16,0.003272
02-measurement-discipline,disciplined,hot,buf_kib=3840;ws_over_l2=0.188,17,0.003269
02-measurement-discipline,disciplined,hot,buf_kib=3840;ws_over_l2=0.188,18,0.003264
02-measurement-discipline,disciplined,hot,buf_kib=3840;ws_over_l2=0.188,19,0.003266
02-measurement-discipline,disciplined,hot,buf_kib=3840;ws_over_l2=0.188,20,0.003269
02-measurement-discipline,disciplined,hot,buf_kib=3840;ws_over_l2=0.188,21,0.003262
02-measurement-discipline,disciplined,hot,buf_kib=3840;ws_over_l2=0.188,22,0.003270
02-measurement-discipline,disciplined,hot,buf_kib=3840;ws_over_l2=0.188,23,0.003266
02-measurement-discipline,disciplined,hot,buf_kib=3840;ws_over_l2=0.188,24,0.003272
02-measurement-discipline,disciplined,hot,buf_kib=3840;ws_over_l2=0.188,25,0.003272
02-measurement-discipline,disciplined,hot,buf_kib=3840;ws_over_l2=0.188,26,0.003267
02-measurement-discipline,disciplined,hot,buf_kib=3840;ws_over_l2=0.188,27,0.003259
02-measurement-discipline,disciplined,hot,buf_kib=3840;ws_over_l2=0.188,28,0.003269
02-measurement-discipline,disciplined,hot,buf_kib=3840;ws_over_l2=0.188,29,0.003272
02-measurement-discipline,disciplined,hot,buf_kib=3840;ws_over_l2=0.188,30,0.003266
02-measurement-discipline,disciplined,hot,buf_kib=3840;ws_over_l2=0.188,31,0.003272
02-measurement-discipline,disciplined,hot,buf_kib=3840;ws_over_l2=0.188,32,0.003274
02-measurement-discipline,disciplined,hot,buf_kib=3840;ws_over_l2=0.188,33,0.003269
02-measurement-discipline,disciplined,hot,buf_kib=3840;ws_over_l2=0.188,34,0.003261
02-measurement-discipline,disciplined,hot,buf_kib=3840;ws_over_l2=0.188,35,0.003261
02-measurement-discipline,disciplined,hot,buf_kib=3840;ws_over_l2=0.188,36,0.003264
02-measurement-discipline,disciplined,hot,buf_kib=3840;ws_over_l2=0.188,37,0.003267
02-measurement-discipline,disciplined,hot,buf_kib=3840;ws_over_l2=0.188,38,0.003259
02-measurement-discipline,disciplined,hot,buf_kib=3840;ws_over_l2=0.188,39,0.003272
02-measurement-discipline,disciplined,hot,buf_kib=3840;ws_over_l2=0.188,40,0.003266
02-measurement-discipline,disciplined,hot,buf_kib=3840;ws_over_l2=0.188,41,0.003262
02-measurement-discipline,disciplined,hot,buf_kib=3840;ws_over_l2=0.188,42,0.003266
02-measurement-discipline,disciplined,hot,buf_kib=3840;ws_over_l2=0.188,43,0.003264
02-measurement-discipline,disciplined,hot,buf_kib=3840;ws_over_l2=0.188,44,0.003262
02-measurement-discipline,disciplined,hot,buf_kib=3840;ws_over_l2=0.188,45,0.003272
02-measurement-discipline,disciplined,hot,buf_kib=3840;ws_over_l2=0.188,46,0.003262
02-measurement-discipline,disciplined,hot,buf_kib=3840;ws_over_l2=0.188,47,0.003259
02-measurement-discipline,disciplined,hot,buf_kib=3840;ws_over_l2=0.188,48,0.003269
02-measurement-discipline,disciplined,hot,buf_kib=3840;ws_over_l2=0.188,49,0.003277
02-measurement-discipline,wallclock,cold,buf_kib=7680;ws_over_l2=0.375,0,0.021444
02-measurement-discipline,wallclock,cold,buf_kib=7680;ws_over_l2=0.375,1,0.012832
02-measurement-discipline,wallclock,cold,buf_kib=7680;ws_over_l2=0.375,2,0.011763
02-measurement-discipline,wallclock,cold,buf_kib=7680;ws_over_l2=0.375,3,0.012601
02-measurement-discipline,wallclock,cold,buf_kib=7680;ws_over_l2=0.375,4,0.011848
02-measurement-discipline,wallclock,cold,buf_kib=7680;ws_over_l2=0.375,5,0.012736
02-measurement-discipline,wallclock,cold,buf_kib=7680;ws_over_l2=0.375,6,0.012006
02-measurement-discipline,wallclock,cold,buf_kib=7680;ws_over_l2=0.375,7,0.011798
02-measurement-discipline,wallclock,cold,buf_kib=7680;ws_over_l2=0.375,8,0.012008
02-measurement-discipline,wallclock,cold,buf_kib=7680;ws_over_l2=0.375,9,0.011279
02-measurement-discipline,wallclock,cold,buf_kib=7680;ws_over_l2=0.375,10,0.011654
02-measurement-discipline,wallclock,cold,buf_kib=7680;ws_over_l2=0.375,11,0.011840
02-measurement-discipline,wallclock,cold,buf_kib=7680;ws_over_l2=0.375,12,0.012404
02-measurement-discipline,wallclock,cold,buf_kib=7680;ws_over_l2=0.375,13,0.011667
02-measurement-discipline,wallclock,cold,buf_kib=7680;ws_over_l2=0.375,14,0.011647
02-measurement-discipline,wallclock,cold,buf_kib=7680;ws_over_l2=0.375,15,0.011804
02-measurement-discipline,wallclock,cold,buf_kib=7680;ws_over_l2=0.375,16,0.012020
02-measurement-discipline,wallclock,cold,buf_kib=7680;ws_over_l2=0.375,17,0.011590
02-measurement-discipline,wallclock,cold,buf_kib=7680;ws_over_l2=0.375,18,0.011370
02-measurement-discipline,wallclock,cold,buf_kib=7680;ws_over_l2=0.375,19,0.012001
02-measurement-discipline,wallclock,cold,buf_kib=7680;ws_over_l2=0.375,20,0.011368
02-measurement-discipline,wallclock,cold,buf_kib=7680;ws_over_l2=0.375,21,0.011403
02-measurement-discipline,wallclock,cold,buf_kib=7680;ws_over_l2=0.375,22,0.011526
02-measurement-discipline,wallclock,cold,buf_kib=7680;ws_over_l2=0.375,23,0.011967
02-measurement-discipline,wallclock,cold,buf_kib=7680;ws_over_l2=0.375,24,0.011561
02-measurement-discipline,wallclock,cold,buf_kib=7680;ws_over_l2=0.375,25,0.011742
02-measurement-discipline,wallclock,cold,buf_kib=7680;ws_over_l2=0.375,26,0.012152
02-measurement-discipline,wallclock,cold,buf_kib=7680;ws_over_l2=0.375,27,0.011482
02-measurement-discipline,wallclock,cold,buf_kib=7680;ws_over_l2=0.375,28,0.011527
02-measurement-discipline,wallclock,cold,buf_kib=7680;ws_over_l2=0.375,29,0.011600
02-measurement-discipline,wallclock,cold,buf_kib=7680;ws_over_l2=0.375,30,0.012010
02-measurement-discipline,wallclock,cold,buf_kib=7680;ws_over_l2=0.375,31,0.011840
02-measurement-discipline,wallclock,cold,buf_kib=7680;ws_over_l2=0.375,32,0.012029
02-measurement-discipline,wallclock,cold,buf_kib=7680;ws_over_l2=0.375,33,0.030290
02-measurement-discipline,wallclock,cold,buf_kib=7680;ws_over_l2=0.375,34,0.012886
02-measurement-discipline,wallclock,cold,buf_kib=7680;ws_over_l2=0.375,35,0.012003
02-measurement-discipline,wallclock,cold,buf_kib=7680;ws_over_l2=0.375,36,0.011522
02-measurement-discipline,wallclock,cold,buf_kib=7680;ws_over_l2=0.375,37,0.012087
02-measurement-discipline,wallclock,cold,buf_kib=7680;ws_over_l2=0.375,38,0.011687
02-measurement-discipline,wallclock,cold,buf_kib=7680;ws_over_l2=0.375,39,0.011584
02-measurement-discipline,wallclock,cold,buf_kib=7680;ws_over_l2=0.375,40,0.012275
02-measurement-discipline,wallclock,cold,buf_kib=7680;ws_over_l2=0.375,41,0.011405
02-measurement-discipline,wallclock,cold,buf_kib=7680;ws_over_l2=0.375,42,0.011444
02-measurement-discipline,wallclock,cold,buf_kib=7680;ws_over_l2=0.375,43,0.011497
02-measurement-discipline,wallclock,cold,buf_kib=7680;ws_over_l2=0.375,44,0.011915
02-measurement-discipline,wallclock,cold,buf_kib=7680;ws_over_l2=0.375,45,0.011601
02-measurement-discipline,wallclock,cold,buf_kib=7680;ws_over_l2=0.375,46,0.011611
02-measurement-discipline,wallclock,cold,buf_kib=7680;ws_over_l2=0.375,47,0.011772
02-measurement-discipline,wallclock,cold,buf_kib=7680;ws_over_l2=0.375,48,0.012000
02-measurement-discipline,wallclock,cold,buf_kib=7680;ws_over_l2=0.375,49,0.011526
02-measurement-discipline,no-flush,cold,buf_kib=7680;ws_over_l2=0.375,0,0.009856
02-measurement-discipline,no-flush,cold,buf_kib=7680;ws_over_l2=0.375,1,0.008544
02-measurement-discipline,no-flush,cold,buf_kib=7680;ws_over_l2=0.375,2,0.009152
02-measurement-discipline,no-flush,cold,buf_kib=7680;ws_over_l2=0.375,3,0.008800
02-measurement-discipline,no-flush,cold,buf_kib=7680;ws_over_l2=0.375,4,0.008672
02-measurement-discipline,no-flush,cold,buf_kib=7680;ws_over_l2=0.375,5,0.008544
02-measurement-discipline,no-flush,cold,buf_kib=7680;ws_over_l2=0.375,6,0.009344
02-measurement-discipline,no-flush,cold,buf_kib=7680;ws_over_l2=0.375,7,0.008704
02-measurement-discipline,no-flush,cold,buf_kib=7680;ws_over_l2=0.375,8,0.008736
02-measurement-discipline,no-flush,cold,buf_kib=7680;ws_over_l2=0.375,9,0.008448
02-measurement-discipline,no-flush,cold,buf_kib=7680;ws_over_l2=0.375,10,0.008864
02-measurement-discipline,no-flush,cold,buf_kib=7680;ws_over_l2=0.375,11,0.008544
02-measurement-discipline,no-flush,cold,buf_kib=7680;ws_over_l2=0.375,12,0.008544
02-measurement-discipline,no-flush,cold,buf_kib=7680;ws_over_l2=0.375,13,0.009088
02-measurement-discipline,no-flush,cold,buf_kib=7680;ws_over_l2=0.375,14,0.008640
02-measurement-discipline,no-flush,cold,buf_kib=7680;ws_over_l2=0.375,15,0.008704
02-measurement-discipline,no-flush,cold,buf_kib=7680;ws_over_l2=0.375,16,0.008960
02-measurement-discipline,no-flush,cold,buf_kib=7680;ws_over_l2=0.375,17,0.008640
02-measurement-discipline,no-flush,cold,buf_kib=7680;ws_over_l2=0.375,18,0.008576
02-measurement-discipline,no-flush,cold,buf_kib=7680;ws_over_l2=0.375,19,0.008864
02-measurement-discipline,no-flush,cold,buf_kib=7680;ws_over_l2=0.375,20,0.008576
02-measurement-discipline,no-flush,cold,buf_kib=7680;ws_over_l2=0.375,21,0.008768
02-measurement-discipline,no-flush,cold,buf_kib=7680;ws_over_l2=0.375,22,0.008800
02-measurement-discipline,no-flush,cold,buf_kib=7680;ws_over_l2=0.375,23,0.008736
02-measurement-discipline,no-flush,cold,buf_kib=7680;ws_over_l2=0.375,24,0.008576
02-measurement-discipline,no-flush,cold,buf_kib=7680;ws_over_l2=0.375,25,0.008672
02-measurement-discipline,no-flush,cold,buf_kib=7680;ws_over_l2=0.375,26,0.008992
02-measurement-discipline,no-flush,cold,buf_kib=7680;ws_over_l2=0.375,27,0.008672
02-measurement-discipline,no-flush,cold,buf_kib=7680;ws_over_l2=0.375,28,0.008512
02-measurement-discipline,no-flush,cold,buf_kib=7680;ws_over_l2=0.375,29,0.008992
02-measurement-discipline,no-flush,cold,buf_kib=7680;ws_over_l2=0.375,30,0.008608
02-measurement-discipline,no-flush,cold,buf_kib=7680;ws_over_l2=0.375,31,0.008768
02-measurement-discipline,no-flush,cold,buf_kib=7680;ws_over_l2=0.375,32,0.009280
02-measurement-discipline,no-flush,cold,buf_kib=7680;ws_over_l2=0.375,33,0.008672
02-measurement-discipline,no-flush,cold,buf_kib=7680;ws_over_l2=0.375,34,0.008608
02-measurement-discipline,no-flush,cold,buf_kib=7680;ws_over_l2=0.375,35,0.008640
02-measurement-discipline,no-flush,cold,buf_kib=7680;ws_over_l2=0.375,36,0.008896
02-measurement-discipline,no-flush,cold,buf_kib=7680;ws_over_l2=0.375,37,0.008544
02-measurement-discipline,no-flush,cold,buf_kib=7680;ws_over_l2=0.375,38,0.008832
02-measurement-discipline,no-flush,cold,buf_kib=7680;ws_over_l2=0.375,39,0.008896
02-measurement-discipline,no-flush,cold,buf_kib=7680;ws_over_l2=0.375,40,0.008544
02-measurement-discipline,no-flush,cold,buf_kib=7680;ws_over_l2=0.375,41,0.008384
02-measurement-discipline,no-flush,cold,buf_kib=7680;ws_over_l2=0.375,42,0.008640
02-measurement-discipline,no-flush,cold,buf_kib=7680;ws_over_l2=0.375,43,0.008544
02-measurement-discipline,no-flush,cold,buf_kib=7680;ws_over_l2=0.375,44,0.008544
02-measurement-discipline,no-flush,cold,buf_kib=7680;ws_over_l2=0.375,45,0.008736
02-measurement-discipline,no-flush,cold,buf_kib=7680;ws_over_l2=0.375,46,0.008672
02-measurement-discipline,no-flush,cold,buf_kib=7680;ws_over_l2=0.375,47,0.008512
02-measurement-discipline,no-flush,cold,buf_kib=7680;ws_over_l2=0.375,48,0.008608
02-measurement-discipline,no-flush,cold,buf_kib=7680;ws_over_l2=0.375,49,0.008608
02-measurement-discipline,batched,cold,buf_kib=7680;ws_over_l2=0.375,0,0.005118
02-measurement-discipline,batched,cold,buf_kib=7680;ws_over_l2=0.375,1,0.005122
02-measurement-discipline,batched,cold,buf_kib=7680;ws_over_l2=0.375,2,0.005112
02-measurement-discipline,batched,cold,buf_kib=7680;ws_over_l2=0.375,3,0.005090
02-measurement-discipline,batched,cold,buf_kib=7680;ws_over_l2=0.375,4,0.005104
02-measurement-discipline,batched,cold,buf_kib=7680;ws_over_l2=0.375,5,0.005139
02-measurement-discipline,batched,cold,buf_kib=7680;ws_over_l2=0.375,6,0.005112
02-measurement-discipline,batched,cold,buf_kib=7680;ws_over_l2=0.375,7,0.005107
02-measurement-discipline,batched,cold,buf_kib=7680;ws_over_l2=0.375,8,0.005094
02-measurement-discipline,batched,cold,buf_kib=7680;ws_over_l2=0.375,9,0.005136
02-measurement-discipline,batched,cold,buf_kib=7680;ws_over_l2=0.375,10,0.005120
02-measurement-discipline,batched,cold,buf_kib=7680;ws_over_l2=0.375,11,0.005149
02-measurement-discipline,batched,cold,buf_kib=7680;ws_over_l2=0.375,12,0.005098
02-measurement-discipline,batched,cold,buf_kib=7680;ws_over_l2=0.375,13,0.005106
02-measurement-discipline,batched,cold,buf_kib=7680;ws_over_l2=0.375,14,0.005101
02-measurement-discipline,batched,cold,buf_kib=7680;ws_over_l2=0.375,15,0.005114
02-measurement-discipline,batched,cold,buf_kib=7680;ws_over_l2=0.375,16,0.005114
02-measurement-discipline,batched,cold,buf_kib=7680;ws_over_l2=0.375,17,0.005096
02-measurement-discipline,batched,cold,buf_kib=7680;ws_over_l2=0.375,18,0.005106
02-measurement-discipline,batched,cold,buf_kib=7680;ws_over_l2=0.375,19,0.005115
02-measurement-discipline,batched,cold,buf_kib=7680;ws_over_l2=0.375,20,0.005090
02-measurement-discipline,batched,cold,buf_kib=7680;ws_over_l2=0.375,21,0.005147
02-measurement-discipline,batched,cold,buf_kib=7680;ws_over_l2=0.375,22,0.005086
02-measurement-discipline,batched,cold,buf_kib=7680;ws_over_l2=0.375,23,0.005125
02-measurement-discipline,batched,cold,buf_kib=7680;ws_over_l2=0.375,24,0.005099
02-measurement-discipline,batched,cold,buf_kib=7680;ws_over_l2=0.375,25,0.005142
02-measurement-discipline,batched,cold,buf_kib=7680;ws_over_l2=0.375,26,0.005155
02-measurement-discipline,batched,cold,buf_kib=7680;ws_over_l2=0.375,27,0.005109
02-measurement-discipline,batched,cold,buf_kib=7680;ws_over_l2=0.375,28,0.005115
02-measurement-discipline,batched,cold,buf_kib=7680;ws_over_l2=0.375,29,0.005099
02-measurement-discipline,batched,cold,buf_kib=7680;ws_over_l2=0.375,30,0.005110
02-measurement-discipline,batched,cold,buf_kib=7680;ws_over_l2=0.375,31,0.005088
02-measurement-discipline,batched,cold,buf_kib=7680;ws_over_l2=0.375,32,0.005136
02-measurement-discipline,batched,cold,buf_kib=7680;ws_over_l2=0.375,33,0.005104
02-measurement-discipline,batched,cold,buf_kib=7680;ws_over_l2=0.375,34,0.005098
02-measurement-discipline,batched,cold,buf_kib=7680;ws_over_l2=0.375,35,0.005114
02-measurement-discipline,batched,cold,buf_kib=7680;ws_over_l2=0.375,36,0.005093
02-measurement-discipline,batched,cold,buf_kib=7680;ws_over_l2=0.375,37,0.005101
02-measurement-discipline,batched,cold,buf_kib=7680;ws_over_l2=0.375,38,0.005101
02-measurement-discipline,batched,cold,buf_kib=7680;ws_over_l2=0.375,39,0.005090
02-measurement-discipline,batched,cold,buf_kib=7680;ws_over_l2=0.375,40,0.005109
02-measurement-discipline,batched,cold,buf_kib=7680;ws_over_l2=0.375,41,0.005090
02-measurement-discipline,batched,cold,buf_kib=7680;ws_over_l2=0.375,42,0.005125
02-measurement-discipline,batched,cold,buf_kib=7680;ws_over_l2=0.375,43,0.005114
02-measurement-discipline,batched,cold,buf_kib=7680;ws_over_l2=0.375,44,0.005086
02-measurement-discipline,batched,cold,buf_kib=7680;ws_over_l2=0.375,45,0.005110
02-measurement-discipline,batched,cold,buf_kib=7680;ws_over_l2=0.375,46,0.005088
02-measurement-discipline,batched,cold,buf_kib=7680;ws_over_l2=0.375,47,0.005120
02-measurement-discipline,batched,cold,buf_kib=7680;ws_over_l2=0.375,48,0.005128
02-measurement-discipline,batched,cold,buf_kib=7680;ws_over_l2=0.375,49,0.005107
02-measurement-discipline,disciplined,cold,buf_kib=7680;ws_over_l2=0.375,0,0.013824
02-measurement-discipline,disciplined,cold,buf_kib=7680;ws_over_l2=0.375,1,0.012992
02-measurement-discipline,disciplined,cold,buf_kib=7680;ws_over_l2=0.375,2,0.012800
02-measurement-discipline,disciplined,cold,buf_kib=7680;ws_over_l2=0.375,3,0.012736
02-measurement-discipline,disciplined,cold,buf_kib=7680;ws_over_l2=0.375,4,0.012640
02-measurement-discipline,disciplined,cold,buf_kib=7680;ws_over_l2=0.375,5,0.013696
02-measurement-discipline,disciplined,cold,buf_kib=7680;ws_over_l2=0.375,6,0.012512
02-measurement-discipline,disciplined,cold,buf_kib=7680;ws_over_l2=0.375,7,0.012992
02-measurement-discipline,disciplined,cold,buf_kib=7680;ws_over_l2=0.375,8,0.012480
02-measurement-discipline,disciplined,cold,buf_kib=7680;ws_over_l2=0.375,9,0.012768
02-measurement-discipline,disciplined,cold,buf_kib=7680;ws_over_l2=0.375,10,0.012736
02-measurement-discipline,disciplined,cold,buf_kib=7680;ws_over_l2=0.375,11,0.012448
02-measurement-discipline,disciplined,cold,buf_kib=7680;ws_over_l2=0.375,12,0.012672
02-measurement-discipline,disciplined,cold,buf_kib=7680;ws_over_l2=0.375,13,0.012640
02-measurement-discipline,disciplined,cold,buf_kib=7680;ws_over_l2=0.375,14,0.012960
02-measurement-discipline,disciplined,cold,buf_kib=7680;ws_over_l2=0.375,15,0.012672
02-measurement-discipline,disciplined,cold,buf_kib=7680;ws_over_l2=0.375,16,0.012864
02-measurement-discipline,disciplined,cold,buf_kib=7680;ws_over_l2=0.375,17,0.012640
02-measurement-discipline,disciplined,cold,buf_kib=7680;ws_over_l2=0.375,18,0.013120
02-measurement-discipline,disciplined,cold,buf_kib=7680;ws_over_l2=0.375,19,0.012640
02-measurement-discipline,disciplined,cold,buf_kib=7680;ws_over_l2=0.375,20,0.012736
02-measurement-discipline,disciplined,cold,buf_kib=7680;ws_over_l2=0.375,21,0.012832
02-measurement-discipline,disciplined,cold,buf_kib=7680;ws_over_l2=0.375,22,0.012736
02-measurement-discipline,disciplined,cold,buf_kib=7680;ws_over_l2=0.375,23,0.012608
02-measurement-discipline,disciplined,cold,buf_kib=7680;ws_over_l2=0.375,24,0.012800
02-measurement-discipline,disciplined,cold,buf_kib=7680;ws_over_l2=0.375,25,0.012736
02-measurement-discipline,disciplined,cold,buf_kib=7680;ws_over_l2=0.375,26,0.012640
02-measurement-discipline,disciplined,cold,buf_kib=7680;ws_over_l2=0.375,27,0.012608
02-measurement-discipline,disciplined,cold,buf_kib=7680;ws_over_l2=0.375,28,0.012512
02-measurement-discipline,disciplined,cold,buf_kib=7680;ws_over_l2=0.375,29,0.012640
02-measurement-discipline,disciplined,cold,buf_kib=7680;ws_over_l2=0.375,30,0.012512
02-measurement-discipline,disciplined,cold,buf_kib=7680;ws_over_l2=0.375,31,0.012704
02-measurement-discipline,disciplined,cold,buf_kib=7680;ws_over_l2=0.375,32,0.012640
02-measurement-discipline,disciplined,cold,buf_kib=7680;ws_over_l2=0.375,33,0.012640
02-measurement-discipline,disciplined,cold,buf_kib=7680;ws_over_l2=0.375,34,0.013088
02-measurement-discipline,disciplined,cold,buf_kib=7680;ws_over_l2=0.375,35,0.012608
02-measurement-discipline,disciplined,cold,buf_kib=7680;ws_over_l2=0.375,36,0.012832
02-measurement-discipline,disciplined,cold,buf_kib=7680;ws_over_l2=0.375,37,0.012640
02-measurement-discipline,disciplined,cold,buf_kib=7680;ws_over_l2=0.375,38,0.012672
02-measurement-discipline,disciplined,cold,buf_kib=7680;ws_over_l2=0.375,39,0.012928
02-measurement-discipline,disciplined,cold,buf_kib=7680;ws_over_l2=0.375,40,0.012704
02-measurement-discipline,disciplined,cold,buf_kib=7680;ws_over_l2=0.375,41,0.013216
02-measurement-discipline,disciplined,cold,buf_kib=7680;ws_over_l2=0.375,42,0.012608
02-measurement-discipline,disciplined,cold,buf_kib=7680;ws_over_l2=0.375,43,0.012544
02-measurement-discipline,disciplined,cold,buf_kib=7680;ws_over_l2=0.375,44,0.012640
02-measurement-discipline,disciplined,cold,buf_kib=7680;ws_over_l2=0.375,45,0.012832
02-measurement-discipline,disciplined,cold,buf_kib=7680;ws_over_l2=0.375,46,0.012576
02-measurement-discipline,disciplined,cold,buf_kib=7680;ws_over_l2=0.375,47,0.012640
02-measurement-discipline,disciplined,cold,buf_kib=7680;ws_over_l2=0.375,48,0.012704
02-measurement-discipline,disciplined,cold,buf_kib=7680;ws_over_l2=0.375,49,0.012480
02-measurement-discipline,disciplined,hot,buf_kib=7680;ws_over_l2=0.375,0,0.004181
02-measurement-discipline,disciplined,hot,buf_kib=7680;ws_over_l2=0.375,1,0.004134
02-measurement-discipline,disciplined,hot,buf_kib=7680;ws_over_l2=0.375,2,0.004146
02-measurement-discipline,disciplined,hot,buf_kib=7680;ws_over_l2=0.375,3,0.004154
02-measurement-discipline,disciplined,hot,buf_kib=7680;ws_over_l2=0.375,4,0.004147
02-measurement-discipline,disciplined,hot,buf_kib=7680;ws_over_l2=0.375,5,0.004152
02-measurement-discipline,disciplined,hot,buf_kib=7680;ws_over_l2=0.375,6,0.004158
02-measurement-discipline,disciplined,hot,buf_kib=7680;ws_over_l2=0.375,7,0.004150
02-measurement-discipline,disciplined,hot,buf_kib=7680;ws_over_l2=0.375,8,0.004160
02-measurement-discipline,disciplined,hot,buf_kib=7680;ws_over_l2=0.375,9,0.004149
02-measurement-discipline,disciplined,hot,buf_kib=7680;ws_over_l2=0.375,10,0.004141
02-measurement-discipline,disciplined,hot,buf_kib=7680;ws_over_l2=0.375,11,0.004168
02-measurement-discipline,disciplined,hot,buf_kib=7680;ws_over_l2=0.375,12,0.004141
02-measurement-discipline,disciplined,hot,buf_kib=7680;ws_over_l2=0.375,13,0.004144
02-measurement-discipline,disciplined,hot,buf_kib=7680;ws_over_l2=0.375,14,0.004147
02-measurement-discipline,disciplined,hot,buf_kib=7680;ws_over_l2=0.375,15,0.004171
02-measurement-discipline,disciplined,hot,buf_kib=7680;ws_over_l2=0.375,16,0.004166
02-measurement-discipline,disciplined,hot,buf_kib=7680;ws_over_l2=0.375,17,0.004152
02-measurement-discipline,disciplined,hot,buf_kib=7680;ws_over_l2=0.375,18,0.004149
02-measurement-discipline,disciplined,hot,buf_kib=7680;ws_over_l2=0.375,19,0.004152
02-measurement-discipline,disciplined,hot,buf_kib=7680;ws_over_l2=0.375,20,0.004165
02-measurement-discipline,disciplined,hot,buf_kib=7680;ws_over_l2=0.375,21,0.004158
02-measurement-discipline,disciplined,hot,buf_kib=7680;ws_over_l2=0.375,22,0.004157
02-measurement-discipline,disciplined,hot,buf_kib=7680;ws_over_l2=0.375,23,0.004142
02-measurement-discipline,disciplined,hot,buf_kib=7680;ws_over_l2=0.375,24,0.004141
02-measurement-discipline,disciplined,hot,buf_kib=7680;ws_over_l2=0.375,25,0.004149
02-measurement-discipline,disciplined,hot,buf_kib=7680;ws_over_l2=0.375,26,0.004152
02-measurement-discipline,disciplined,hot,buf_kib=7680;ws_over_l2=0.375,27,0.004133
02-measurement-discipline,disciplined,hot,buf_kib=7680;ws_over_l2=0.375,28,0.004152
02-measurement-discipline,disciplined,hot,buf_kib=7680;ws_over_l2=0.375,29,0.004144
02-measurement-discipline,disciplined,hot,buf_kib=7680;ws_over_l2=0.375,30,0.004144
02-measurement-discipline,disciplined,hot,buf_kib=7680;ws_over_l2=0.375,31,0.004155
02-measurement-discipline,disciplined,hot,buf_kib=7680;ws_over_l2=0.375,32,0.004163
02-measurement-discipline,disciplined,hot,buf_kib=7680;ws_over_l2=0.375,33,0.004144
02-measurement-discipline,disciplined,hot,buf_kib=7680;ws_over_l2=0.375,34,0.004157
02-measurement-discipline,disciplined,hot,buf_kib=7680;ws_over_l2=0.375,35,0.004136
02-measurement-discipline,disciplined,hot,buf_kib=7680;ws_over_l2=0.375,36,0.004142
02-measurement-discipline,disciplined,hot,buf_kib=7680;ws_over_l2=0.375,37,0.004155
02-measurement-discipline,disciplined,hot,buf_kib=7680;ws_over_l2=0.375,38,0.004155
02-measurement-discipline,disciplined,hot,buf_kib=7680;ws_over_l2=0.375,39,0.004136
02-measurement-discipline,disciplined,hot,buf_kib=7680;ws_over_l2=0.375,40,0.004147
02-measurement-discipline,disciplined,hot,buf_kib=7680;ws_over_l2=0.375,41,0.004144
02-measurement-discipline,disciplined,hot,buf_kib=7680;ws_over_l2=0.375,42,0.004147
02-measurement-discipline,disciplined,hot,buf_kib=7680;ws_over_l2=0.375,43,0.004141
02-measurement-discipline,disciplined,hot,buf_kib=7680;ws_over_l2=0.375,44,0.004149
02-measurement-discipline,disciplined,hot,buf_kib=7680;ws_over_l2=0.375,45,0.004149
02-measurement-discipline,disciplined,hot,buf_kib=7680;ws_over_l2=0.375,46,0.004141
02-measurement-discipline,disciplined,hot,buf_kib=7680;ws_over_l2=0.375,47,0.004154
02-measurement-discipline,disciplined,hot,buf_kib=7680;ws_over_l2=0.375,48,0.004150
02-measurement-discipline,disciplined,hot,buf_kib=7680;ws_over_l2=0.375,49,0.004142
02-measurement-discipline,wallclock,cold,buf_kib=15360;ws_over_l2=0.750,0,0.027522
02-measurement-discipline,wallclock,cold,buf_kib=15360;ws_over_l2=0.750,1,0.018231
02-measurement-discipline,wallclock,cold,buf_kib=15360;ws_over_l2=0.750,2,0.018712
02-measurement-discipline,wallclock,cold,buf_kib=15360;ws_over_l2=0.750,3,0.018369
02-measurement-discipline,wallclock,cold,buf_kib=15360;ws_over_l2=0.750,4,0.017881
02-measurement-discipline,wallclock,cold,buf_kib=15360;ws_over_l2=0.750,5,0.018364
02-measurement-discipline,wallclock,cold,buf_kib=15360;ws_over_l2=0.750,6,0.017804
02-measurement-discipline,wallclock,cold,buf_kib=15360;ws_over_l2=0.750,7,0.018647
02-measurement-discipline,wallclock,cold,buf_kib=15360;ws_over_l2=0.750,8,0.018322
02-measurement-discipline,wallclock,cold,buf_kib=15360;ws_over_l2=0.750,9,0.018324
02-measurement-discipline,wallclock,cold,buf_kib=15360;ws_over_l2=0.750,10,0.017607
02-measurement-discipline,wallclock,cold,buf_kib=15360;ws_over_l2=0.750,11,0.018642
02-measurement-discipline,wallclock,cold,buf_kib=15360;ws_over_l2=0.750,12,0.017970
02-measurement-discipline,wallclock,cold,buf_kib=15360;ws_over_l2=0.750,13,0.018282
02-measurement-discipline,wallclock,cold,buf_kib=15360;ws_over_l2=0.750,14,0.017924
02-measurement-discipline,wallclock,cold,buf_kib=15360;ws_over_l2=0.750,15,0.017804
02-measurement-discipline,wallclock,cold,buf_kib=15360;ws_over_l2=0.750,16,0.018205
02-measurement-discipline,wallclock,cold,buf_kib=15360;ws_over_l2=0.750,17,0.018567
02-measurement-discipline,wallclock,cold,buf_kib=15360;ws_over_l2=0.750,18,0.017646
02-measurement-discipline,wallclock,cold,buf_kib=15360;ws_over_l2=0.750,19,0.017840
02-measurement-discipline,wallclock,cold,buf_kib=15360;ws_over_l2=0.750,20,0.017926
02-measurement-discipline,wallclock,cold,buf_kib=15360;ws_over_l2=0.750,21,0.017927
02-measurement-discipline,wallclock,cold,buf_kib=15360;ws_over_l2=0.750,22,0.018442
02-measurement-discipline,wallclock,cold,buf_kib=15360;ws_over_l2=0.750,23,0.018687
02-measurement-discipline,wallclock,cold,buf_kib=15360;ws_over_l2=0.750,24,0.018526
02-measurement-discipline,wallclock,cold,buf_kib=15360;ws_over_l2=0.750,25,0.018080
02-measurement-discipline,wallclock,cold,buf_kib=15360;ws_over_l2=0.750,26,0.018407
02-measurement-discipline,wallclock,cold,buf_kib=15360;ws_over_l2=0.750,27,0.018042
02-measurement-discipline,wallclock,cold,buf_kib=15360;ws_over_l2=0.750,28,0.023360
02-measurement-discipline,wallclock,cold,buf_kib=15360;ws_over_l2=0.750,29,0.019100
02-measurement-discipline,wallclock,cold,buf_kib=15360;ws_over_l2=0.750,30,0.017519
02-measurement-discipline,wallclock,cold,buf_kib=15360;ws_over_l2=0.750,31,0.018482
02-measurement-discipline,wallclock,cold,buf_kib=15360;ws_over_l2=0.750,32,0.018767
02-measurement-discipline,wallclock,cold,buf_kib=15360;ws_over_l2=0.750,33,0.018080
02-measurement-discipline,wallclock,cold,buf_kib=15360;ws_over_l2=0.750,34,0.018050
02-measurement-discipline,wallclock,cold,buf_kib=15360;ws_over_l2=0.750,35,0.018047
02-measurement-discipline,wallclock,cold,buf_kib=15360;ws_over_l2=0.750,36,0.018281
02-measurement-discipline,wallclock,cold,buf_kib=15360;ws_over_l2=0.750,37,0.017890
02-measurement-discipline,wallclock,cold,buf_kib=15360;ws_over_l2=0.750,38,0.018639
02-measurement-discipline,wallclock,cold,buf_kib=15360;ws_over_l2=0.750,39,0.018082
02-measurement-discipline,wallclock,cold,buf_kib=15360;ws_over_l2=0.750,40,0.018088
02-measurement-discipline,wallclock,cold,buf_kib=15360;ws_over_l2=0.750,41,0.018086
02-measurement-discipline,wallclock,cold,buf_kib=15360;ws_over_l2=0.750,42,0.017807
02-measurement-discipline,wallclock,cold,buf_kib=15360;ws_over_l2=0.750,43,0.018039
02-measurement-discipline,wallclock,cold,buf_kib=15360;ws_over_l2=0.750,44,0.018002
02-measurement-discipline,wallclock,cold,buf_kib=15360;ws_over_l2=0.750,45,0.018134
02-measurement-discipline,wallclock,cold,buf_kib=15360;ws_over_l2=0.750,46,0.018161
02-measurement-discipline,wallclock,cold,buf_kib=15360;ws_over_l2=0.750,47,0.017724
02-measurement-discipline,wallclock,cold,buf_kib=15360;ws_over_l2=0.750,48,0.018141
02-measurement-discipline,wallclock,cold,buf_kib=15360;ws_over_l2=0.750,49,0.019110
02-measurement-discipline,no-flush,cold,buf_kib=15360;ws_over_l2=0.750,0,0.015104
02-measurement-discipline,no-flush,cold,buf_kib=15360;ws_over_l2=0.750,1,0.015456
02-measurement-discipline,no-flush,cold,buf_kib=15360;ws_over_l2=0.750,2,0.014912
02-measurement-discipline,no-flush,cold,buf_kib=15360;ws_over_l2=0.750,3,0.015552
02-measurement-discipline,no-flush,cold,buf_kib=15360;ws_over_l2=0.750,4,0.015264
02-measurement-discipline,no-flush,cold,buf_kib=15360;ws_over_l2=0.750,5,0.015008
02-measurement-discipline,no-flush,cold,buf_kib=15360;ws_over_l2=0.750,6,0.014976
02-measurement-discipline,no-flush,cold,buf_kib=15360;ws_over_l2=0.750,7,0.015072
02-measurement-discipline,no-flush,cold,buf_kib=15360;ws_over_l2=0.750,8,0.015072
02-measurement-discipline,no-flush,cold,buf_kib=15360;ws_over_l2=0.750,9,0.014976
02-measurement-discipline,no-flush,cold,buf_kib=15360;ws_over_l2=0.750,10,0.014912
02-measurement-discipline,no-flush,cold,buf_kib=15360;ws_over_l2=0.750,11,0.014880
02-measurement-discipline,no-flush,cold,buf_kib=15360;ws_over_l2=0.750,12,0.015488
02-measurement-discipline,no-flush,cold,buf_kib=15360;ws_over_l2=0.750,13,0.015392
02-measurement-discipline,no-flush,cold,buf_kib=15360;ws_over_l2=0.750,14,0.014944
02-measurement-discipline,no-flush,cold,buf_kib=15360;ws_over_l2=0.750,15,0.014688
02-measurement-discipline,no-flush,cold,buf_kib=15360;ws_over_l2=0.750,16,0.015008
02-measurement-discipline,no-flush,cold,buf_kib=15360;ws_over_l2=0.750,17,0.015424
02-measurement-discipline,no-flush,cold,buf_kib=15360;ws_over_l2=0.750,18,0.015328
02-measurement-discipline,no-flush,cold,buf_kib=15360;ws_over_l2=0.750,19,0.015360
02-measurement-discipline,no-flush,cold,buf_kib=15360;ws_over_l2=0.750,20,0.015040
02-measurement-discipline,no-flush,cold,buf_kib=15360;ws_over_l2=0.750,21,0.015232
02-measurement-discipline,no-flush,cold,buf_kib=15360;ws_over_l2=0.750,22,0.016832
02-measurement-discipline,no-flush,cold,buf_kib=15360;ws_over_l2=0.750,23,0.014784
02-measurement-discipline,no-flush,cold,buf_kib=15360;ws_over_l2=0.750,24,0.014656
02-measurement-discipline,no-flush,cold,buf_kib=15360;ws_over_l2=0.750,25,0.015264
02-measurement-discipline,no-flush,cold,buf_kib=15360;ws_over_l2=0.750,26,0.014912
02-measurement-discipline,no-flush,cold,buf_kib=15360;ws_over_l2=0.750,27,0.014816
02-measurement-discipline,no-flush,cold,buf_kib=15360;ws_over_l2=0.750,28,0.015808
02-measurement-discipline,no-flush,cold,buf_kib=15360;ws_over_l2=0.750,29,0.015200
02-measurement-discipline,no-flush,cold,buf_kib=15360;ws_over_l2=0.750,30,0.014976
02-measurement-discipline,no-flush,cold,buf_kib=15360;ws_over_l2=0.750,31,0.014432
02-measurement-discipline,no-flush,cold,buf_kib=15360;ws_over_l2=0.750,32,0.015648
02-measurement-discipline,no-flush,cold,buf_kib=15360;ws_over_l2=0.750,33,0.015392
02-measurement-discipline,no-flush,cold,buf_kib=15360;ws_over_l2=0.750,34,0.015008
02-measurement-discipline,no-flush,cold,buf_kib=15360;ws_over_l2=0.750,35,0.014944
02-measurement-discipline,no-flush,cold,buf_kib=15360;ws_over_l2=0.750,36,0.015296
02-measurement-discipline,no-flush,cold,buf_kib=15360;ws_over_l2=0.750,37,0.014976
02-measurement-discipline,no-flush,cold,buf_kib=15360;ws_over_l2=0.750,38,0.014944
02-measurement-discipline,no-flush,cold,buf_kib=15360;ws_over_l2=0.750,39,0.014464
02-measurement-discipline,no-flush,cold,buf_kib=15360;ws_over_l2=0.750,40,0.015648
02-measurement-discipline,no-flush,cold,buf_kib=15360;ws_over_l2=0.750,41,0.015264
02-measurement-discipline,no-flush,cold,buf_kib=15360;ws_over_l2=0.750,42,0.015104
02-measurement-discipline,no-flush,cold,buf_kib=15360;ws_over_l2=0.750,43,0.014784
02-measurement-discipline,no-flush,cold,buf_kib=15360;ws_over_l2=0.750,44,0.015808
02-measurement-discipline,no-flush,cold,buf_kib=15360;ws_over_l2=0.750,45,0.015264
02-measurement-discipline,no-flush,cold,buf_kib=15360;ws_over_l2=0.750,46,0.014816
02-measurement-discipline,no-flush,cold,buf_kib=15360;ws_over_l2=0.750,47,0.014976
02-measurement-discipline,no-flush,cold,buf_kib=15360;ws_over_l2=0.750,48,0.015328
02-measurement-discipline,no-flush,cold,buf_kib=15360;ws_over_l2=0.750,49,0.014912
02-measurement-discipline,batched,cold,buf_kib=15360;ws_over_l2=0.750,0,0.012234
02-measurement-discipline,batched,cold,buf_kib=15360;ws_over_l2=0.750,1,0.012206
02-measurement-discipline,batched,cold,buf_kib=15360;ws_over_l2=0.750,2,0.012370
02-measurement-discipline,batched,cold,buf_kib=15360;ws_over_l2=0.750,3,0.012245
02-measurement-discipline,batched,cold,buf_kib=15360;ws_over_l2=0.750,4,0.012184
02-measurement-discipline,batched,cold,buf_kib=15360;ws_over_l2=0.750,5,0.012230
02-measurement-discipline,batched,cold,buf_kib=15360;ws_over_l2=0.750,6,0.012298
02-measurement-discipline,batched,cold,buf_kib=15360;ws_over_l2=0.750,7,0.012154
02-measurement-discipline,batched,cold,buf_kib=15360;ws_over_l2=0.750,8,0.012218
02-measurement-discipline,batched,cold,buf_kib=15360;ws_over_l2=0.750,9,0.012195
02-measurement-discipline,batched,cold,buf_kib=15360;ws_over_l2=0.750,10,0.012245
02-measurement-discipline,batched,cold,buf_kib=15360;ws_over_l2=0.750,11,0.012170
02-measurement-discipline,batched,cold,buf_kib=15360;ws_over_l2=0.750,12,0.012219
02-measurement-discipline,batched,cold,buf_kib=15360;ws_over_l2=0.750,13,0.012216
02-measurement-discipline,batched,cold,buf_kib=15360;ws_over_l2=0.750,14,0.012269
02-measurement-discipline,batched,cold,buf_kib=15360;ws_over_l2=0.750,15,0.012115
02-measurement-discipline,batched,cold,buf_kib=15360;ws_over_l2=0.750,16,0.012262
02-measurement-discipline,batched,cold,buf_kib=15360;ws_over_l2=0.750,17,0.012197
02-measurement-discipline,batched,cold,buf_kib=15360;ws_over_l2=0.750,18,0.012251
02-measurement-discipline,batched,cold,buf_kib=15360;ws_over_l2=0.750,19,0.012195
02-measurement-discipline,batched,cold,buf_kib=15360;ws_over_l2=0.750,20,0.012227
02-measurement-discipline,batched,cold,buf_kib=15360;ws_over_l2=0.750,21,0.012200
02-measurement-discipline,batched,cold,buf_kib=15360;ws_over_l2=0.750,22,0.012277
02-measurement-discipline,batched,cold,buf_kib=15360;ws_over_l2=0.750,23,0.012186
02-measurement-discipline,batched,cold,buf_kib=15360;ws_over_l2=0.750,24,0.012189
02-measurement-discipline,batched,cold,buf_kib=15360;ws_over_l2=0.750,25,0.012342
02-measurement-discipline,batched,cold,buf_kib=15360;ws_over_l2=0.750,26,0.012094
02-measurement-discipline,batched,cold,buf_kib=15360;ws_over_l2=0.750,27,0.012283
02-measurement-discipline,batched,cold,buf_kib=15360;ws_over_l2=0.750,28,0.012198
02-measurement-discipline,batched,cold,buf_kib=15360;ws_over_l2=0.750,29,0.012246
02-measurement-discipline,batched,cold,buf_kib=15360;ws_over_l2=0.750,30,0.012261
02-measurement-discipline,batched,cold,buf_kib=15360;ws_over_l2=0.750,31,0.012170
02-measurement-discipline,batched,cold,buf_kib=15360;ws_over_l2=0.750,32,0.012144
02-measurement-discipline,batched,cold,buf_kib=15360;ws_over_l2=0.750,33,0.012210
02-measurement-discipline,batched,cold,buf_kib=15360;ws_over_l2=0.750,34,0.012267
02-measurement-discipline,batched,cold,buf_kib=15360;ws_over_l2=0.750,35,0.012254
02-measurement-discipline,batched,cold,buf_kib=15360;ws_over_l2=0.750,36,0.012202
02-measurement-discipline,batched,cold,buf_kib=15360;ws_over_l2=0.750,37,0.012248
02-measurement-discipline,batched,cold,buf_kib=15360;ws_over_l2=0.750,38,0.012232
02-measurement-discipline,batched,cold,buf_kib=15360;ws_over_l2=0.750,39,0.012134
02-measurement-discipline,batched,cold,buf_kib=15360;ws_over_l2=0.750,40,0.012309
02-measurement-discipline,batched,cold,buf_kib=15360;ws_over_l2=0.750,41,0.012269
02-measurement-discipline,batched,cold,buf_kib=15360;ws_over_l2=0.750,42,0.012184
02-measurement-discipline,batched,cold,buf_kib=15360;ws_over_l2=0.750,43,0.012253
02-measurement-discipline,batched,cold,buf_kib=15360;ws_over_l2=0.750,44,0.012299
02-measurement-discipline,batched,cold,buf_kib=15360;ws_over_l2=0.750,45,0.012197
02-measurement-discipline,batched,cold,buf_kib=15360;ws_over_l2=0.750,46,0.012170
02-measurement-discipline,batched,cold,buf_kib=15360;ws_over_l2=0.750,47,0.012134
02-measurement-discipline,batched,cold,buf_kib=15360;ws_over_l2=0.750,48,0.012283
02-measurement-discipline,batched,cold,buf_kib=15360;ws_over_l2=0.750,49,0.012146
02-measurement-discipline,disciplined,cold,buf_kib=15360;ws_over_l2=0.750,0,0.019104
02-measurement-discipline,disciplined,cold,buf_kib=15360;ws_over_l2=0.750,1,0.018848
02-measurement-discipline,disciplined,cold,buf_kib=15360;ws_over_l2=0.750,2,0.018816
02-measurement-discipline,disciplined,cold,buf_kib=15360;ws_over_l2=0.750,3,0.018688
02-measurement-discipline,disciplined,cold,buf_kib=15360;ws_over_l2=0.750,4,0.018720
02-measurement-discipline,disciplined,cold,buf_kib=15360;ws_over_l2=0.750,5,0.018784
02-measurement-discipline,disciplined,cold,buf_kib=15360;ws_over_l2=0.750,6,0.018720
02-measurement-discipline,disciplined,cold,buf_kib=15360;ws_over_l2=0.750,7,0.018624
02-measurement-discipline,disciplined,cold,buf_kib=15360;ws_over_l2=0.750,8,0.018656
02-measurement-discipline,disciplined,cold,buf_kib=15360;ws_over_l2=0.750,9,0.018784
02-measurement-discipline,disciplined,cold,buf_kib=15360;ws_over_l2=0.750,10,0.018752
02-measurement-discipline,disciplined,cold,buf_kib=15360;ws_over_l2=0.750,11,0.018848
02-measurement-discipline,disciplined,cold,buf_kib=15360;ws_over_l2=0.750,12,0.018880
02-measurement-discipline,disciplined,cold,buf_kib=15360;ws_over_l2=0.750,13,0.018688
02-measurement-discipline,disciplined,cold,buf_kib=15360;ws_over_l2=0.750,14,0.018720
02-measurement-discipline,disciplined,cold,buf_kib=15360;ws_over_l2=0.750,15,0.018784
02-measurement-discipline,disciplined,cold,buf_kib=15360;ws_over_l2=0.750,16,0.018624
02-measurement-discipline,disciplined,cold,buf_kib=15360;ws_over_l2=0.750,17,0.018816
02-measurement-discipline,disciplined,cold,buf_kib=15360;ws_over_l2=0.750,18,0.019008
02-measurement-discipline,disciplined,cold,buf_kib=15360;ws_over_l2=0.750,19,0.018656
02-measurement-discipline,disciplined,cold,buf_kib=15360;ws_over_l2=0.750,20,0.018688
02-measurement-discipline,disciplined,cold,buf_kib=15360;ws_over_l2=0.750,21,0.018752
02-measurement-discipline,disciplined,cold,buf_kib=15360;ws_over_l2=0.750,22,0.018752
02-measurement-discipline,disciplined,cold,buf_kib=15360;ws_over_l2=0.750,23,0.018720
02-measurement-discipline,disciplined,cold,buf_kib=15360;ws_over_l2=0.750,24,0.019008
02-measurement-discipline,disciplined,cold,buf_kib=15360;ws_over_l2=0.750,25,0.018944
02-measurement-discipline,disciplined,cold,buf_kib=15360;ws_over_l2=0.750,26,0.018720
02-measurement-discipline,disciplined,cold,buf_kib=15360;ws_over_l2=0.750,27,0.018752
02-measurement-discipline,disciplined,cold,buf_kib=15360;ws_over_l2=0.750,28,0.018624
02-measurement-discipline,disciplined,cold,buf_kib=15360;ws_over_l2=0.750,29,0.018880
02-measurement-discipline,disciplined,cold,buf_kib=15360;ws_over_l2=0.750,30,0.018560
02-measurement-discipline,disciplined,cold,buf_kib=15360;ws_over_l2=0.750,31,0.018688
02-measurement-discipline,disciplined,cold,buf_kib=15360;ws_over_l2=0.750,32,0.018688
02-measurement-discipline,disciplined,cold,buf_kib=15360;ws_over_l2=0.750,33,0.018848
02-measurement-discipline,disciplined,cold,buf_kib=15360;ws_over_l2=0.750,34,0.018624
02-measurement-discipline,disciplined,cold,buf_kib=15360;ws_over_l2=0.750,35,0.018688
02-measurement-discipline,disciplined,cold,buf_kib=15360;ws_over_l2=0.750,36,0.018784
02-measurement-discipline,disciplined,cold,buf_kib=15360;ws_over_l2=0.750,37,0.018720
02-measurement-discipline,disciplined,cold,buf_kib=15360;ws_over_l2=0.750,38,0.019232
02-measurement-discipline,disciplined,cold,buf_kib=15360;ws_over_l2=0.750,39,0.018848
02-measurement-discipline,disciplined,cold,buf_kib=15360;ws_over_l2=0.750,40,0.018592
02-measurement-discipline,disciplined,cold,buf_kib=15360;ws_over_l2=0.750,41,0.018592
02-measurement-discipline,disciplined,cold,buf_kib=15360;ws_over_l2=0.750,42,0.018720
02-measurement-discipline,disciplined,cold,buf_kib=15360;ws_over_l2=0.750,43,0.018624
02-measurement-discipline,disciplined,cold,buf_kib=15360;ws_over_l2=0.750,44,0.018688
02-measurement-discipline,disciplined,cold,buf_kib=15360;ws_over_l2=0.750,45,0.018944
02-measurement-discipline,disciplined,cold,buf_kib=15360;ws_over_l2=0.750,46,0.018720
02-measurement-discipline,disciplined,cold,buf_kib=15360;ws_over_l2=0.750,47,0.018592
02-measurement-discipline,disciplined,cold,buf_kib=15360;ws_over_l2=0.750,48,0.018656
02-measurement-discipline,disciplined,cold,buf_kib=15360;ws_over_l2=0.750,49,0.018816
02-measurement-discipline,disciplined,hot,buf_kib=15360;ws_over_l2=0.750,0,0.010533
02-measurement-discipline,disciplined,hot,buf_kib=15360;ws_over_l2=0.750,1,0.010587
02-measurement-discipline,disciplined,hot,buf_kib=15360;ws_over_l2=0.750,2,0.010523
02-measurement-discipline,disciplined,hot,buf_kib=15360;ws_over_l2=0.750,3,0.010634
02-measurement-discipline,disciplined,hot,buf_kib=15360;ws_over_l2=0.750,4,0.010640
02-measurement-discipline,disciplined,hot,buf_kib=15360;ws_over_l2=0.750,5,0.010603
02-measurement-discipline,disciplined,hot,buf_kib=15360;ws_over_l2=0.750,6,0.010640
02-measurement-discipline,disciplined,hot,buf_kib=15360;ws_over_l2=0.750,7,0.010666
02-measurement-discipline,disciplined,hot,buf_kib=15360;ws_over_l2=0.750,8,0.010570
02-measurement-discipline,disciplined,hot,buf_kib=15360;ws_over_l2=0.750,9,0.010674
02-measurement-discipline,disciplined,hot,buf_kib=15360;ws_over_l2=0.750,10,0.010643
02-measurement-discipline,disciplined,hot,buf_kib=15360;ws_over_l2=0.750,11,0.010523
02-measurement-discipline,disciplined,hot,buf_kib=15360;ws_over_l2=0.750,12,0.010605
02-measurement-discipline,disciplined,hot,buf_kib=15360;ws_over_l2=0.750,13,0.010602
02-measurement-discipline,disciplined,hot,buf_kib=15360;ws_over_l2=0.750,14,0.010595
02-measurement-discipline,disciplined,hot,buf_kib=15360;ws_over_l2=0.750,15,0.010584
02-measurement-discipline,disciplined,hot,buf_kib=15360;ws_over_l2=0.750,16,0.010531
02-measurement-discipline,disciplined,hot,buf_kib=15360;ws_over_l2=0.750,17,0.010616
02-measurement-discipline,disciplined,hot,buf_kib=15360;ws_over_l2=0.750,18,0.010589
02-measurement-discipline,disciplined,hot,buf_kib=15360;ws_over_l2=0.750,19,0.010680
02-measurement-discipline,disciplined,hot,buf_kib=15360;ws_over_l2=0.750,20,0.010622
02-measurement-discipline,disciplined,hot,buf_kib=15360;ws_over_l2=0.750,21,0.010558
02-measurement-discipline,disciplined,hot,buf_kib=15360;ws_over_l2=0.750,22,0.010584
02-measurement-discipline,disciplined,hot,buf_kib=15360;ws_over_l2=0.750,23,0.010677
02-measurement-discipline,disciplined,hot,buf_kib=15360;ws_over_l2=0.750,24,0.010686
02-measurement-discipline,disciplined,hot,buf_kib=15360;ws_over_l2=0.750,25,0.010637
02-measurement-discipline,disciplined,hot,buf_kib=15360;ws_over_l2=0.750,26,0.010613
02-measurement-discipline,disciplined,hot,buf_kib=15360;ws_over_l2=0.750,27,0.010682
02-measurement-discipline,disciplined,hot,buf_kib=15360;ws_over_l2=0.750,28,0.010626
02-measurement-discipline,disciplined,hot,buf_kib=15360;ws_over_l2=0.750,29,0.010632
02-measurement-discipline,disciplined,hot,buf_kib=15360;ws_over_l2=0.750,30,0.010590
02-measurement-discipline,disciplined,hot,buf_kib=15360;ws_over_l2=0.750,31,0.010618
02-measurement-discipline,disciplined,hot,buf_kib=15360;ws_over_l2=0.750,32,0.010605
02-measurement-discipline,disciplined,hot,buf_kib=15360;ws_over_l2=0.750,33,0.010613
02-measurement-discipline,disciplined,hot,buf_kib=15360;ws_over_l2=0.750,34,0.010565
02-measurement-discipline,disciplined,hot,buf_kib=15360;ws_over_l2=0.750,35,0.010643
02-measurement-discipline,disciplined,hot,buf_kib=15360;ws_over_l2=0.750,36,0.010688
02-measurement-discipline,disciplined,hot,buf_kib=15360;ws_over_l2=0.750,37,0.010706
02-measurement-discipline,disciplined,hot,buf_kib=15360;ws_over_l2=0.750,38,0.010587
02-measurement-discipline,disciplined,hot,buf_kib=15360;ws_over_l2=0.750,39,0.010611
02-measurement-discipline,disciplined,hot,buf_kib=15360;ws_over_l2=0.750,40,0.010533
02-measurement-discipline,disciplined,hot,buf_kib=15360;ws_over_l2=0.750,41,0.010589
02-measurement-discipline,disciplined,hot,buf_kib=15360;ws_over_l2=0.750,42,0.010546
02-measurement-discipline,disciplined,hot,buf_kib=15360;ws_over_l2=0.750,43,0.010528
02-measurement-discipline,disciplined,hot,buf_kib=15360;ws_over_l2=0.750,44,0.010602
02-measurement-discipline,disciplined,hot,buf_kib=15360;ws_over_l2=0.750,45,0.010578
02-measurement-discipline,disciplined,hot,buf_kib=15360;ws_over_l2=0.750,46,0.010634
02-measurement-discipline,disciplined,hot,buf_kib=15360;ws_over_l2=0.750,47,0.010606
02-measurement-discipline,disciplined,hot,buf_kib=15360;ws_over_l2=0.750,48,0.010621
02-measurement-discipline,disciplined,hot,buf_kib=15360;ws_over_l2=0.750,49,0.010682
02-measurement-discipline,wallclock,cold,buf_kib=30720;ws_over_l2=1.500,0,0.041496
02-measurement-discipline,wallclock,cold,buf_kib=30720;ws_over_l2=1.500,1,0.032361
02-measurement-discipline,wallclock,cold,buf_kib=30720;ws_over_l2=1.500,2,0.031247
02-measurement-discipline,wallclock,cold,buf_kib=30720;ws_over_l2=1.500,3,0.032640
02-measurement-discipline,wallclock,cold,buf_kib=30720;ws_over_l2=1.500,4,0.031208
02-measurement-discipline,wallclock,cold,buf_kib=30720;ws_over_l2=1.500,5,0.031083
02-measurement-discipline,wallclock,cold,buf_kib=30720;ws_over_l2=1.500,6,0.031609
02-measurement-discipline,wallclock,cold,buf_kib=30720;ws_over_l2=1.500,7,0.031326
02-measurement-discipline,wallclock,cold,buf_kib=30720;ws_over_l2=1.500,8,0.031207
02-measurement-discipline,wallclock,cold,buf_kib=30720;ws_over_l2=1.500,9,0.031243
02-measurement-discipline,wallclock,cold,buf_kib=30720;ws_over_l2=1.500,10,0.031445
02-measurement-discipline,wallclock,cold,buf_kib=30720;ws_over_l2=1.500,11,0.031405
02-measurement-discipline,wallclock,cold,buf_kib=30720;ws_over_l2=1.500,12,0.031165
02-measurement-discipline,wallclock,cold,buf_kib=30720;ws_over_l2=1.500,13,0.032407
02-measurement-discipline,wallclock,cold,buf_kib=30720;ws_over_l2=1.500,14,0.031188
02-measurement-discipline,wallclock,cold,buf_kib=30720;ws_over_l2=1.500,15,0.031359
02-measurement-discipline,wallclock,cold,buf_kib=30720;ws_over_l2=1.500,16,0.032810
02-measurement-discipline,wallclock,cold,buf_kib=30720;ws_over_l2=1.500,17,0.031058
02-measurement-discipline,wallclock,cold,buf_kib=30720;ws_over_l2=1.500,18,0.031473
02-measurement-discipline,wallclock,cold,buf_kib=30720;ws_over_l2=1.500,19,0.032361
02-measurement-discipline,wallclock,cold,buf_kib=30720;ws_over_l2=1.500,20,0.031167
02-measurement-discipline,wallclock,cold,buf_kib=30720;ws_over_l2=1.500,21,0.031021
02-measurement-discipline,wallclock,cold,buf_kib=30720;ws_over_l2=1.500,22,0.032804
02-measurement-discipline,wallclock,cold,buf_kib=30720;ws_over_l2=1.500,23,0.031240
02-measurement-discipline,wallclock,cold,buf_kib=30720;ws_over_l2=1.500,24,0.031328
02-measurement-discipline,wallclock,cold,buf_kib=30720;ws_over_l2=1.500,25,0.030850
02-measurement-discipline,wallclock,cold,buf_kib=30720;ws_over_l2=1.500,26,0.031039
02-measurement-discipline,wallclock,cold,buf_kib=30720;ws_over_l2=1.500,27,0.031154
02-measurement-discipline,wallclock,cold,buf_kib=30720;ws_over_l2=1.500,28,0.031207
02-measurement-discipline,wallclock,cold,buf_kib=30720;ws_over_l2=1.500,29,0.032118
02-measurement-discipline,wallclock,cold,buf_kib=30720;ws_over_l2=1.500,30,0.031051
02-measurement-discipline,wallclock,cold,buf_kib=30720;ws_over_l2=1.500,31,0.031242
02-measurement-discipline,wallclock,cold,buf_kib=30720;ws_over_l2=1.500,32,0.032924
02-measurement-discipline,wallclock,cold,buf_kib=30720;ws_over_l2=1.500,33,0.031206
02-measurement-discipline,wallclock,cold,buf_kib=30720;ws_over_l2=1.500,34,0.031520
02-measurement-discipline,wallclock,cold,buf_kib=30720;ws_over_l2=1.500,35,0.032480
02-measurement-discipline,wallclock,cold,buf_kib=30720;ws_over_l2=1.500,36,0.031218
02-measurement-discipline,wallclock,cold,buf_kib=30720;ws_over_l2=1.500,37,0.031127
02-measurement-discipline,wallclock,cold,buf_kib=30720;ws_over_l2=1.500,38,0.032640
02-measurement-discipline,wallclock,cold,buf_kib=30720;ws_over_l2=1.500,39,0.031485
02-measurement-discipline,wallclock,cold,buf_kib=30720;ws_over_l2=1.500,40,0.030918
02-measurement-discipline,wallclock,cold,buf_kib=30720;ws_over_l2=1.500,41,0.032323
02-measurement-discipline,wallclock,cold,buf_kib=30720;ws_over_l2=1.500,42,0.031088
02-measurement-discipline,wallclock,cold,buf_kib=30720;ws_over_l2=1.500,43,0.031402
02-measurement-discipline,wallclock,cold,buf_kib=30720;ws_over_l2=1.500,44,0.031609
02-measurement-discipline,wallclock,cold,buf_kib=30720;ws_over_l2=1.500,45,0.031329
02-measurement-discipline,wallclock,cold,buf_kib=30720;ws_over_l2=1.500,46,0.031045
02-measurement-discipline,wallclock,cold,buf_kib=30720;ws_over_l2=1.500,47,0.031641
02-measurement-discipline,wallclock,cold,buf_kib=30720;ws_over_l2=1.500,48,0.032804
02-measurement-discipline,wallclock,cold,buf_kib=30720;ws_over_l2=1.500,49,0.031259
02-measurement-discipline,no-flush,cold,buf_kib=30720;ws_over_l2=1.500,0,0.052544
02-measurement-discipline,no-flush,cold,buf_kib=30720;ws_over_l2=1.500,1,0.028832
02-measurement-discipline,no-flush,cold,buf_kib=30720;ws_over_l2=1.500,2,0.027744
02-measurement-discipline,no-flush,cold,buf_kib=30720;ws_over_l2=1.500,3,0.028192
02-measurement-discipline,no-flush,cold,buf_kib=30720;ws_over_l2=1.500,4,0.027968
02-measurement-discipline,no-flush,cold,buf_kib=30720;ws_over_l2=1.500,5,0.029024
02-measurement-discipline,no-flush,cold,buf_kib=30720;ws_over_l2=1.500,6,0.029056
02-measurement-discipline,no-flush,cold,buf_kib=30720;ws_over_l2=1.500,7,0.027936
02-measurement-discipline,no-flush,cold,buf_kib=30720;ws_over_l2=1.500,8,0.027936
02-measurement-discipline,no-flush,cold,buf_kib=30720;ws_over_l2=1.500,9,0.027968
02-measurement-discipline,no-flush,cold,buf_kib=30720;ws_over_l2=1.500,10,0.028064
02-measurement-discipline,no-flush,cold,buf_kib=30720;ws_over_l2=1.500,11,0.029472
02-measurement-discipline,no-flush,cold,buf_kib=30720;ws_over_l2=1.500,12,0.028160
02-measurement-discipline,no-flush,cold,buf_kib=30720;ws_over_l2=1.500,13,0.028352
02-measurement-discipline,no-flush,cold,buf_kib=30720;ws_over_l2=1.500,14,0.028352
02-measurement-discipline,no-flush,cold,buf_kib=30720;ws_over_l2=1.500,15,0.027936
02-measurement-discipline,no-flush,cold,buf_kib=30720;ws_over_l2=1.500,16,0.027968
02-measurement-discipline,no-flush,cold,buf_kib=30720;ws_over_l2=1.500,17,0.027936
02-measurement-discipline,no-flush,cold,buf_kib=30720;ws_over_l2=1.500,18,0.027808
02-measurement-discipline,no-flush,cold,buf_kib=30720;ws_over_l2=1.500,19,0.029248
02-measurement-discipline,no-flush,cold,buf_kib=30720;ws_over_l2=1.500,20,0.028064
02-measurement-discipline,no-flush,cold,buf_kib=30720;ws_over_l2=1.500,21,0.027904
02-measurement-discipline,no-flush,cold,buf_kib=30720;ws_over_l2=1.500,22,0.027680
02-measurement-discipline,no-flush,cold,buf_kib=30720;ws_over_l2=1.500,23,0.027808
02-measurement-discipline,no-flush,cold,buf_kib=30720;ws_over_l2=1.500,24,0.029344
02-measurement-discipline,no-flush,cold,buf_kib=30720;ws_over_l2=1.500,25,0.027840
02-measurement-discipline,no-flush,cold,buf_kib=30720;ws_over_l2=1.500,26,0.028192
02-measurement-discipline,no-flush,cold,buf_kib=30720;ws_over_l2=1.500,27,0.029056
02-measurement-discipline,no-flush,cold,buf_kib=30720;ws_over_l2=1.500,28,0.027968
02-measurement-discipline,no-flush,cold,buf_kib=30720;ws_over_l2=1.500,29,0.028160
02-measurement-discipline,no-flush,cold,buf_kib=30720;ws_over_l2=1.500,30,0.027968
02-measurement-discipline,no-flush,cold,buf_kib=30720;ws_over_l2=1.500,31,0.027840
02-measurement-discipline,no-flush,cold,buf_kib=30720;ws_over_l2=1.500,32,0.029440
02-measurement-discipline,no-flush,cold,buf_kib=30720;ws_over_l2=1.500,33,0.029728
02-measurement-discipline,no-flush,cold,buf_kib=30720;ws_over_l2=1.500,34,0.028352
02-measurement-discipline,no-flush,cold,buf_kib=30720;ws_over_l2=1.500,35,0.027968
02-measurement-discipline,no-flush,cold,buf_kib=30720;ws_over_l2=1.500,36,0.028224
02-measurement-discipline,no-flush,cold,buf_kib=30720;ws_over_l2=1.500,37,0.027872
02-measurement-discipline,no-flush,cold,buf_kib=30720;ws_over_l2=1.500,38,0.028064
02-measurement-discipline,no-flush,cold,buf_kib=30720;ws_over_l2=1.500,39,0.027968
02-measurement-discipline,no-flush,cold,buf_kib=30720;ws_over_l2=1.500,40,0.029600
02-measurement-discipline,no-flush,cold,buf_kib=30720;ws_over_l2=1.500,41,0.027904
02-measurement-discipline,no-flush,cold,buf_kib=30720;ws_over_l2=1.500,42,0.027872
02-measurement-discipline,no-flush,cold,buf_kib=30720;ws_over_l2=1.500,43,0.028224
02-measurement-discipline,no-flush,cold,buf_kib=30720;ws_over_l2=1.500,44,0.027776
02-measurement-discipline,no-flush,cold,buf_kib=30720;ws_over_l2=1.500,45,0.031104
02-measurement-discipline,no-flush,cold,buf_kib=30720;ws_over_l2=1.500,46,0.027808
02-measurement-discipline,no-flush,cold,buf_kib=30720;ws_over_l2=1.500,47,0.028128
02-measurement-discipline,no-flush,cold,buf_kib=30720;ws_over_l2=1.500,48,0.029312
02-measurement-discipline,no-flush,cold,buf_kib=30720;ws_over_l2=1.500,49,0.028800
02-measurement-discipline,batched,cold,buf_kib=30720;ws_over_l2=1.500,0,0.025382
02-measurement-discipline,batched,cold,buf_kib=30720;ws_over_l2=1.500,1,0.025405
02-measurement-discipline,batched,cold,buf_kib=30720;ws_over_l2=1.500,2,0.025344
02-measurement-discipline,batched,cold,buf_kib=30720;ws_over_l2=1.500,3,0.025398
02-measurement-discipline,batched,cold,buf_kib=30720;ws_over_l2=1.500,4,0.025390
02-measurement-discipline,batched,cold,buf_kib=30720;ws_over_l2=1.500,5,0.025456
02-measurement-discipline,batched,cold,buf_kib=30720;ws_over_l2=1.500,6,0.025363
02-measurement-discipline,batched,cold,buf_kib=30720;ws_over_l2=1.500,7,0.025330
02-measurement-discipline,batched,cold,buf_kib=30720;ws_over_l2=1.500,8,0.025320
02-measurement-discipline,batched,cold,buf_kib=30720;ws_over_l2=1.500,9,0.025258
02-measurement-discipline,batched,cold,buf_kib=30720;ws_over_l2=1.500,10,0.025317
02-measurement-discipline,batched,cold,buf_kib=30720;ws_over_l2=1.500,11,0.025296
02-measurement-discipline,batched,cold,buf_kib=30720;ws_over_l2=1.500,12,0.025312
02-measurement-discipline,batched,cold,buf_kib=30720;ws_over_l2=1.500,13,0.025373
02-measurement-discipline,batched,cold,buf_kib=30720;ws_over_l2=1.500,14,0.025078
02-measurement-discipline,batched,cold,buf_kib=30720;ws_over_l2=1.500,15,0.025378
02-measurement-discipline,batched,cold,buf_kib=30720;ws_over_l2=1.500,16,0.025338
02-measurement-discipline,batched,cold,buf_kib=30720;ws_over_l2=1.500,17,0.025341
02-measurement-discipline,batched,cold,buf_kib=30720;ws_over_l2=1.500,18,0.025363
02-measurement-discipline,batched,cold,buf_kib=30720;ws_over_l2=1.500,19,0.025222
02-measurement-discipline,batched,cold,buf_kib=30720;ws_over_l2=1.500,20,0.025349
02-measurement-discipline,batched,cold,buf_kib=30720;ws_over_l2=1.500,21,0.025376
02-measurement-discipline,batched,cold,buf_kib=30720;ws_over_l2=1.500,22,0.025270
02-measurement-discipline,batched,cold,buf_kib=30720;ws_over_l2=1.500,23,0.025339
02-measurement-discipline,batched,cold,buf_kib=30720;ws_over_l2=1.500,24,0.025306
02-measurement-discipline,batched,cold,buf_kib=30720;ws_over_l2=1.500,25,0.025357
02-measurement-discipline,batched,cold,buf_kib=30720;ws_over_l2=1.500,26,0.025312
02-measurement-discipline,batched,cold,buf_kib=30720;ws_over_l2=1.500,27,0.025168
02-measurement-discipline,batched,cold,buf_kib=30720;ws_over_l2=1.500,28,0.025370
02-measurement-discipline,batched,cold,buf_kib=30720;ws_over_l2=1.500,29,0.025275
02-measurement-discipline,batched,cold,buf_kib=30720;ws_over_l2=1.500,30,0.025312
02-measurement-discipline,batched,cold,buf_kib=30720;ws_over_l2=1.500,31,0.025384
02-measurement-discipline,batched,cold,buf_kib=30720;ws_over_l2=1.500,32,0.025330
02-measurement-discipline,batched,cold,buf_kib=30720;ws_over_l2=1.500,33,0.025408
02-measurement-discipline,batched,cold,buf_kib=30720;ws_over_l2=1.500,34,0.025384
02-measurement-discipline,batched,cold,buf_kib=30720;ws_over_l2=1.500,35,0.025339
02-measurement-discipline,batched,cold,buf_kib=30720;ws_over_l2=1.500,36,0.025333
02-measurement-discipline,batched,cold,buf_kib=30720;ws_over_l2=1.500,37,0.025170
02-measurement-discipline,batched,cold,buf_kib=30720;ws_over_l2=1.500,38,0.025315
02-measurement-discipline,batched,cold,buf_kib=30720;ws_over_l2=1.500,39,0.025379
02-measurement-discipline,batched,cold,buf_kib=30720;ws_over_l2=1.500,40,0.025304
02-measurement-discipline,batched,cold,buf_kib=30720;ws_over_l2=1.500,41,0.025342
02-measurement-discipline,batched,cold,buf_kib=30720;ws_over_l2=1.500,42,0.025114
02-measurement-discipline,batched,cold,buf_kib=30720;ws_over_l2=1.500,43,0.025414
02-measurement-discipline,batched,cold,buf_kib=30720;ws_over_l2=1.500,44,0.025402
02-measurement-discipline,batched,cold,buf_kib=30720;ws_over_l2=1.500,45,0.025350
02-measurement-discipline,batched,cold,buf_kib=30720;ws_over_l2=1.500,46,0.025336
02-measurement-discipline,batched,cold,buf_kib=30720;ws_over_l2=1.500,47,0.025320
02-measurement-discipline,batched,cold,buf_kib=30720;ws_over_l2=1.500,48,0.025290
02-measurement-discipline,batched,cold,buf_kib=30720;ws_over_l2=1.500,49,0.025354
02-measurement-discipline,disciplined,cold,buf_kib=30720;ws_over_l2=1.500,0,0.030848
02-measurement-discipline,disciplined,cold,buf_kib=30720;ws_over_l2=1.500,1,0.031104
02-measurement-discipline,disciplined,cold,buf_kib=30720;ws_over_l2=1.500,2,0.031968
02-measurement-discipline,disciplined,cold,buf_kib=30720;ws_over_l2=1.500,3,0.030400
02-measurement-discipline,disciplined,cold,buf_kib=30720;ws_over_l2=1.500,4,0.030464
02-measurement-discipline,disciplined,cold,buf_kib=30720;ws_over_l2=1.500,5,0.030720
02-measurement-discipline,disciplined,cold,buf_kib=30720;ws_over_l2=1.500,6,0.031712
02-measurement-discipline,disciplined,cold,buf_kib=30720;ws_over_l2=1.500,7,0.030496
02-measurement-discipline,disciplined,cold,buf_kib=30720;ws_over_l2=1.500,8,0.030496
02-measurement-discipline,disciplined,cold,buf_kib=30720;ws_over_l2=1.500,9,0.030432
02-measurement-discipline,disciplined,cold,buf_kib=30720;ws_over_l2=1.500,10,0.030464
02-measurement-discipline,disciplined,cold,buf_kib=30720;ws_over_l2=1.500,11,0.032128
02-measurement-discipline,disciplined,cold,buf_kib=30720;ws_over_l2=1.500,12,0.030560
02-measurement-discipline,disciplined,cold,buf_kib=30720;ws_over_l2=1.500,13,0.030464
02-measurement-discipline,disciplined,cold,buf_kib=30720;ws_over_l2=1.500,14,0.030944
02-measurement-discipline,disciplined,cold,buf_kib=30720;ws_over_l2=1.500,15,0.032096
02-measurement-discipline,disciplined,cold,buf_kib=30720;ws_over_l2=1.500,16,0.030624
02-measurement-discipline,disciplined,cold,buf_kib=30720;ws_over_l2=1.500,17,0.030464
02-measurement-discipline,disciplined,cold,buf_kib=30720;ws_over_l2=1.500,18,0.030944
02-measurement-discipline,disciplined,cold,buf_kib=30720;ws_over_l2=1.500,19,0.030496
02-measurement-discipline,disciplined,cold,buf_kib=30720;ws_over_l2=1.500,20,0.031840
02-measurement-discipline,disciplined,cold,buf_kib=30720;ws_over_l2=1.500,21,0.030336
02-measurement-discipline,disciplined,cold,buf_kib=30720;ws_over_l2=1.500,22,0.030368
02-measurement-discipline,disciplined,cold,buf_kib=30720;ws_over_l2=1.500,23,0.030624
02-measurement-discipline,disciplined,cold,buf_kib=30720;ws_over_l2=1.500,24,0.031616
02-measurement-discipline,disciplined,cold,buf_kib=30720;ws_over_l2=1.500,25,0.031776
02-measurement-discipline,disciplined,cold,buf_kib=30720;ws_over_l2=1.500,26,0.030400
02-measurement-discipline,disciplined,cold,buf_kib=30720;ws_over_l2=1.500,27,0.030464
02-measurement-discipline,disciplined,cold,buf_kib=30720;ws_over_l2=1.500,28,0.030432
02-measurement-discipline,disciplined,cold,buf_kib=30720;ws_over_l2=1.500,29,0.031776
02-measurement-discipline,disciplined,cold,buf_kib=30720;ws_over_l2=1.500,30,0.030624
02-measurement-discipline,disciplined,cold,buf_kib=30720;ws_over_l2=1.500,31,0.030624
02-measurement-discipline,disciplined,cold,buf_kib=30720;ws_over_l2=1.500,32,0.030464
02-measurement-discipline,disciplined,cold,buf_kib=30720;ws_over_l2=1.500,33,0.030496
02-measurement-discipline,disciplined,cold,buf_kib=30720;ws_over_l2=1.500,34,0.032384
02-measurement-discipline,disciplined,cold,buf_kib=30720;ws_over_l2=1.500,35,0.030528
02-measurement-discipline,disciplined,cold,buf_kib=30720;ws_over_l2=1.500,36,0.030752
02-measurement-discipline,disciplined,cold,buf_kib=30720;ws_over_l2=1.500,37,0.030912
02-measurement-discipline,disciplined,cold,buf_kib=30720;ws_over_l2=1.500,38,0.031776
02-measurement-discipline,disciplined,cold,buf_kib=30720;ws_over_l2=1.500,39,0.031712
02-measurement-discipline,disciplined,cold,buf_kib=30720;ws_over_l2=1.500,40,0.030432
02-measurement-discipline,disciplined,cold,buf_kib=30720;ws_over_l2=1.500,41,0.030688
02-measurement-discipline,disciplined,cold,buf_kib=30720;ws_over_l2=1.500,42,0.030720
02-measurement-discipline,disciplined,cold,buf_kib=30720;ws_over_l2=1.500,43,0.031968
02-measurement-discipline,disciplined,cold,buf_kib=30720;ws_over_l2=1.500,44,0.030336
02-measurement-discipline,disciplined,cold,buf_kib=30720;ws_over_l2=1.500,45,0.030432
02-measurement-discipline,disciplined,cold,buf_kib=30720;ws_over_l2=1.500,46,0.030592
02-measurement-discipline,disciplined,cold,buf_kib=30720;ws_over_l2=1.500,47,0.030496
02-measurement-discipline,disciplined,cold,buf_kib=30720;ws_over_l2=1.500,48,0.031872
02-measurement-discipline,disciplined,cold,buf_kib=30720;ws_over_l2=1.500,49,0.030464
02-measurement-discipline,disciplined,hot,buf_kib=30720;ws_over_l2=1.500,0,0.023843
02-measurement-discipline,disciplined,hot,buf_kib=30720;ws_over_l2=1.500,1,0.023846
02-measurement-discipline,disciplined,hot,buf_kib=30720;ws_over_l2=1.500,2,0.023808
02-measurement-discipline,disciplined,hot,buf_kib=30720;ws_over_l2=1.500,3,0.023933
02-measurement-discipline,disciplined,hot,buf_kib=30720;ws_over_l2=1.500,4,0.023942
02-measurement-discipline,disciplined,hot,buf_kib=30720;ws_over_l2=1.500,5,0.023899
02-measurement-discipline,disciplined,hot,buf_kib=30720;ws_over_l2=1.500,6,0.023926
02-measurement-discipline,disciplined,hot,buf_kib=30720;ws_over_l2=1.500,7,0.023947
02-measurement-discipline,disciplined,hot,buf_kib=30720;ws_over_l2=1.500,8,0.023926
02-measurement-discipline,disciplined,hot,buf_kib=30720;ws_over_l2=1.500,9,0.023838
02-measurement-discipline,disciplined,hot,buf_kib=30720;ws_over_l2=1.500,10,0.023790
02-measurement-discipline,disciplined,hot,buf_kib=30720;ws_over_l2=1.500,11,0.023928
02-measurement-discipline,disciplined,hot,buf_kib=30720;ws_over_l2=1.500,12,0.023854
02-measurement-discipline,disciplined,hot,buf_kib=30720;ws_over_l2=1.500,13,0.023974
02-measurement-discipline,disciplined,hot,buf_kib=30720;ws_over_l2=1.500,14,0.023941
02-measurement-discipline,disciplined,hot,buf_kib=30720;ws_over_l2=1.500,15,0.023936
02-measurement-discipline,disciplined,hot,buf_kib=30720;ws_over_l2=1.500,16,0.023750
02-measurement-discipline,disciplined,hot,buf_kib=30720;ws_over_l2=1.500,17,0.023782
02-measurement-discipline,disciplined,hot,buf_kib=30720;ws_over_l2=1.500,18,0.023914
02-measurement-discipline,disciplined,hot,buf_kib=30720;ws_over_l2=1.500,19,0.023907
02-measurement-discipline,disciplined,hot,buf_kib=30720;ws_over_l2=1.500,20,0.023925
02-measurement-discipline,disciplined,hot,buf_kib=30720;ws_over_l2=1.500,21,0.023926
02-measurement-discipline,disciplined,hot,buf_kib=30720;ws_over_l2=1.500,22,0.023862
02-measurement-discipline,disciplined,hot,buf_kib=30720;ws_over_l2=1.500,23,0.023830
02-measurement-discipline,disciplined,hot,buf_kib=30720;ws_over_l2=1.500,24,0.023810
02-measurement-discipline,disciplined,hot,buf_kib=30720;ws_over_l2=1.500,25,0.023894
02-measurement-discipline,disciplined,hot,buf_kib=30720;ws_over_l2=1.500,26,0.023917
02-measurement-discipline,disciplined,hot,buf_kib=30720;ws_over_l2=1.500,27,0.023928
02-measurement-discipline,disciplined,hot,buf_kib=30720;ws_over_l2=1.500,28,0.023950
02-measurement-discipline,disciplined,hot,buf_kib=30720;ws_over_l2=1.500,29,0.023922
02-measurement-discipline,disciplined,hot,buf_kib=30720;ws_over_l2=1.500,30,0.023981
02-measurement-discipline,disciplined,hot,buf_kib=30720;ws_over_l2=1.500,31,0.023834
02-measurement-discipline,disciplined,hot,buf_kib=30720;ws_over_l2=1.500,32,0.023864
02-measurement-discipline,disciplined,hot,buf_kib=30720;ws_over_l2=1.500,33,0.023864
02-measurement-discipline,disciplined,hot,buf_kib=30720;ws_over_l2=1.500,34,0.023928
02-measurement-discipline,disciplined,hot,buf_kib=30720;ws_over_l2=1.500,35,0.023909
02-measurement-discipline,disciplined,hot,buf_kib=30720;ws_over_l2=1.500,36,0.023830
02-measurement-discipline,disciplined,hot,buf_kib=30720;ws_over_l2=1.500,37,0.023925
02-measurement-discipline,disciplined,hot,buf_kib=30720;ws_over_l2=1.500,38,0.023862
02-measurement-discipline,disciplined,hot,buf_kib=30720;ws_over_l2=1.500,39,0.023832
02-measurement-discipline,disciplined,hot,buf_kib=30720;ws_over_l2=1.500,40,0.023922
02-measurement-discipline,disciplined,hot,buf_kib=30720;ws_over_l2=1.500,41,0.023880
02-measurement-discipline,disciplined,hot,buf_kib=30720;ws_over_l2=1.500,42,0.023869
02-measurement-discipline,disciplined,hot,buf_kib=30720;ws_over_l2=1.500,43,0.023885
02-measurement-discipline,disciplined,hot,buf_kib=30720;ws_over_l2=1.500,44,0.023859
02-measurement-discipline,disciplined,hot,buf_kib=30720;ws_over_l2=1.500,45,0.023851
02-measurement-discipline,disciplined,hot,buf_kib=30720;ws_over_l2=1.500,46,0.023826
02-measurement-discipline,disciplined,hot,buf_kib=30720;ws_over_l2=1.500,47,0.023850
02-measurement-discipline,disciplined,hot,buf_kib=30720;ws_over_l2=1.500,48,0.023968
02-measurement-discipline,disciplined,hot,buf_kib=30720;ws_over_l2=1.500,49,0.023926
02-measurement-discipline,wallclock,cold,buf_kib=61440;ws_over_l2=3.000,0,0.063484
02-measurement-discipline,wallclock,cold,buf_kib=61440;ws_over_l2=3.000,1,0.053625
02-measurement-discipline,wallclock,cold,buf_kib=61440;ws_over_l2=3.000,2,0.054043
02-measurement-discipline,wallclock,cold,buf_kib=61440;ws_over_l2=3.000,3,0.055400
02-measurement-discipline,wallclock,cold,buf_kib=61440;ws_over_l2=3.000,4,0.054065
02-measurement-discipline,wallclock,cold,buf_kib=61440;ws_over_l2=3.000,5,0.055702
02-measurement-discipline,wallclock,cold,buf_kib=61440;ws_over_l2=3.000,6,0.053245
02-measurement-discipline,wallclock,cold,buf_kib=61440;ws_over_l2=3.000,7,0.054965
02-measurement-discipline,wallclock,cold,buf_kib=61440;ws_over_l2=3.000,8,0.053447
02-measurement-discipline,wallclock,cold,buf_kib=61440;ws_over_l2=3.000,9,0.054525
02-measurement-discipline,wallclock,cold,buf_kib=61440;ws_over_l2=3.000,10,0.053404
02-measurement-discipline,wallclock,cold,buf_kib=61440;ws_over_l2=3.000,11,0.054205
02-measurement-discipline,wallclock,cold,buf_kib=61440;ws_over_l2=3.000,12,0.053051
02-measurement-discipline,wallclock,cold,buf_kib=61440;ws_over_l2=3.000,13,0.053727
02-measurement-discipline,wallclock,cold,buf_kib=61440;ws_over_l2=3.000,14,0.054521
02-measurement-discipline,wallclock,cold,buf_kib=61440;ws_over_l2=3.000,15,0.053923
02-measurement-discipline,wallclock,cold,buf_kib=61440;ws_over_l2=3.000,16,0.055004
02-measurement-discipline,wallclock,cold,buf_kib=61440;ws_over_l2=3.000,17,0.053485
02-measurement-discipline,wallclock,cold,buf_kib=61440;ws_over_l2=3.000,18,0.054605
02-measurement-discipline,wallclock,cold,buf_kib=61440;ws_over_l2=3.000,19,0.054007
02-measurement-discipline,wallclock,cold,buf_kib=61440;ws_over_l2=3.000,20,0.055040
02-measurement-discipline,wallclock,cold,buf_kib=61440;ws_over_l2=3.000,21,0.053647
02-measurement-discipline,wallclock,cold,buf_kib=61440;ws_over_l2=3.000,22,0.054645
02-measurement-discipline,wallclock,cold,buf_kib=61440;ws_over_l2=3.000,23,0.053199
02-measurement-discipline,wallclock,cold,buf_kib=61440;ws_over_l2=3.000,24,0.054884
02-measurement-discipline,wallclock,cold,buf_kib=61440;ws_over_l2=3.000,25,0.053408
02-measurement-discipline,wallclock,cold,buf_kib=61440;ws_over_l2=3.000,26,0.053371
02-measurement-discipline,wallclock,cold,buf_kib=61440;ws_over_l2=3.000,27,0.054760
02-measurement-discipline,wallclock,cold,buf_kib=61440;ws_over_l2=3.000,28,0.053644
02-measurement-discipline,wallclock,cold,buf_kib=61440;ws_over_l2=3.000,29,0.054925
02-measurement-discipline,wallclock,cold,buf_kib=61440;ws_over_l2=3.000,30,0.053522
02-measurement-discipline,wallclock,cold,buf_kib=61440;ws_over_l2=3.000,31,0.054810
02-measurement-discipline,wallclock,cold,buf_kib=61440;ws_over_l2=3.000,32,0.053522
02-measurement-discipline,wallclock,cold,buf_kib=61440;ws_over_l2=3.000,33,0.054646
02-measurement-discipline,wallclock,cold,buf_kib=61440;ws_over_l2=3.000,34,0.053605
02-measurement-discipline,wallclock,cold,buf_kib=61440;ws_over_l2=3.000,35,0.055204
02-measurement-discipline,wallclock,cold,buf_kib=61440;ws_over_l2=3.000,36,0.053604
02-measurement-discipline,wallclock,cold,buf_kib=61440;ws_over_l2=3.000,37,0.054646
02-measurement-discipline,wallclock,cold,buf_kib=61440;ws_over_l2=3.000,38,0.053244
02-measurement-discipline,wallclock,cold,buf_kib=61440;ws_over_l2=3.000,39,0.053277
02-measurement-discipline,wallclock,cold,buf_kib=61440;ws_over_l2=3.000,40,0.054448
02-measurement-discipline,wallclock,cold,buf_kib=61440;ws_over_l2=3.000,41,0.052933
02-measurement-discipline,wallclock,cold,buf_kib=61440;ws_over_l2=3.000,42,0.054683
02-measurement-discipline,wallclock,cold,buf_kib=61440;ws_over_l2=3.000,43,0.053367
02-measurement-discipline,wallclock,cold,buf_kib=61440;ws_over_l2=3.000,44,0.054557
02-measurement-discipline,wallclock,cold,buf_kib=61440;ws_over_l2=3.000,45,0.053291
02-measurement-discipline,wallclock,cold,buf_kib=61440;ws_over_l2=3.000,46,0.054719
02-measurement-discipline,wallclock,cold,buf_kib=61440;ws_over_l2=3.000,47,0.053605
02-measurement-discipline,wallclock,cold,buf_kib=61440;ws_over_l2=3.000,48,0.054606
02-measurement-discipline,wallclock,cold,buf_kib=61440;ws_over_l2=3.000,49,0.053087
02-measurement-discipline,no-flush,cold,buf_kib=61440;ws_over_l2=3.000,0,0.053344
02-measurement-discipline,no-flush,cold,buf_kib=61440;ws_over_l2=3.000,1,0.050240
02-measurement-discipline,no-flush,cold,buf_kib=61440;ws_over_l2=3.000,2,0.050336
02-measurement-discipline,no-flush,cold,buf_kib=61440;ws_over_l2=3.000,3,0.052000
02-measurement-discipline,no-flush,cold,buf_kib=61440;ws_over_l2=3.000,4,0.049664
02-measurement-discipline,no-flush,cold,buf_kib=61440;ws_over_l2=3.000,5,0.051008
02-measurement-discipline,no-flush,cold,buf_kib=61440;ws_over_l2=3.000,6,0.050784
02-measurement-discipline,no-flush,cold,buf_kib=61440;ws_over_l2=3.000,7,0.050368
02-measurement-discipline,no-flush,cold,buf_kib=61440;ws_over_l2=3.000,8,0.053024
02-measurement-discipline,no-flush,cold,buf_kib=61440;ws_over_l2=3.000,9,0.049664
02-measurement-discipline,no-flush,cold,buf_kib=61440;ws_over_l2=3.000,10,0.051200
02-measurement-discipline,no-flush,cold,buf_kib=61440;ws_over_l2=3.000,11,0.049696
02-measurement-discipline,no-flush,cold,buf_kib=61440;ws_over_l2=3.000,12,0.051520
02-measurement-discipline,no-flush,cold,buf_kib=61440;ws_over_l2=3.000,13,0.051328
02-measurement-discipline,no-flush,cold,buf_kib=61440;ws_over_l2=3.000,14,0.050336
02-measurement-discipline,no-flush,cold,buf_kib=61440;ws_over_l2=3.000,15,0.051328
02-measurement-discipline,no-flush,cold,buf_kib=61440;ws_over_l2=3.000,16,0.051424
02-measurement-discipline,no-flush,cold,buf_kib=61440;ws_over_l2=3.000,17,0.050624
02-measurement-discipline,no-flush,cold,buf_kib=61440;ws_over_l2=3.000,18,0.051776
02-measurement-discipline,no-flush,cold,buf_kib=61440;ws_over_l2=3.000,19,0.050720
02-measurement-discipline,no-flush,cold,buf_kib=61440;ws_over_l2=3.000,20,0.050848
02-measurement-discipline,no-flush,cold,buf_kib=61440;ws_over_l2=3.000,21,0.051904
02-measurement-discipline,no-flush,cold,buf_kib=61440;ws_over_l2=3.000,22,0.050208
02-measurement-discipline,no-flush,cold,buf_kib=61440;ws_over_l2=3.000,23,0.051488
02-measurement-discipline,no-flush,cold,buf_kib=61440;ws_over_l2=3.000,24,0.050304
02-measurement-discipline,no-flush,cold,buf_kib=61440;ws_over_l2=3.000,25,0.050080
02-measurement-discipline,no-flush,cold,buf_kib=61440;ws_over_l2=3.000,26,0.052256
02-measurement-discipline,no-flush,cold,buf_kib=61440;ws_over_l2=3.000,27,0.049696
02-measurement-discipline,no-flush,cold,buf_kib=61440;ws_over_l2=3.000,28,0.052224
02-measurement-discipline,no-flush,cold,buf_kib=61440;ws_over_l2=3.000,29,0.050624
02-measurement-discipline,no-flush,cold,buf_kib=61440;ws_over_l2=3.000,30,0.049824
02-measurement-discipline,no-flush,cold,buf_kib=61440;ws_over_l2=3.000,31,0.051200
02-measurement-discipline,no-flush,cold,buf_kib=61440;ws_over_l2=3.000,32,0.051296
02-measurement-discipline,no-flush,cold,buf_kib=61440;ws_over_l2=3.000,33,0.051680
02-measurement-discipline,no-flush,cold,buf_kib=61440;ws_over_l2=3.000,34,0.050048
02-measurement-discipline,no-flush,cold,buf_kib=61440;ws_over_l2=3.000,35,0.049984
02-measurement-discipline,no-flush,cold,buf_kib=61440;ws_over_l2=3.000,36,0.052000
02-measurement-discipline,no-flush,cold,buf_kib=61440;ws_over_l2=3.000,37,0.050400
02-measurement-discipline,no-flush,cold,buf_kib=61440;ws_over_l2=3.000,38,0.051648
02-measurement-discipline,no-flush,cold,buf_kib=61440;ws_over_l2=3.000,39,0.050048
02-measurement-discipline,no-flush,cold,buf_kib=61440;ws_over_l2=3.000,40,0.050368
02-measurement-discipline,no-flush,cold,buf_kib=61440;ws_over_l2=3.000,41,0.051552
02-measurement-discipline,no-flush,cold,buf_kib=61440;ws_over_l2=3.000,42,0.049888
02-measurement-discipline,no-flush,cold,buf_kib=61440;ws_over_l2=3.000,43,0.051648
02-measurement-discipline,no-flush,cold,buf_kib=61440;ws_over_l2=3.000,44,0.049536
02-measurement-discipline,no-flush,cold,buf_kib=61440;ws_over_l2=3.000,45,0.050176
02-measurement-discipline,no-flush,cold,buf_kib=61440;ws_over_l2=3.000,46,0.051072
02-measurement-discipline,no-flush,cold,buf_kib=61440;ws_over_l2=3.000,47,0.050144
02-measurement-discipline,no-flush,cold,buf_kib=61440;ws_over_l2=3.000,48,0.052192
02-measurement-discipline,no-flush,cold,buf_kib=61440;ws_over_l2=3.000,49,0.050048
02-measurement-discipline,batched,cold,buf_kib=61440;ws_over_l2=3.000,0,0.047902
02-measurement-discipline,batched,cold,buf_kib=61440;ws_over_l2=3.000,1,0.047882
02-measurement-discipline,batched,cold,buf_kib=61440;ws_over_l2=3.000,2,0.047702
02-measurement-discipline,batched,cold,buf_kib=61440;ws_over_l2=3.000,3,0.047842
02-measurement-discipline,batched,cold,buf_kib=61440;ws_over_l2=3.000,4,0.047915
02-measurement-discipline,batched,cold,buf_kib=61440;ws_over_l2=3.000,5,0.047794
02-measurement-discipline,batched,cold,buf_kib=61440;ws_over_l2=3.000,6,0.047754
02-measurement-discipline,batched,cold,buf_kib=61440;ws_over_l2=3.000,7,0.047741
02-measurement-discipline,batched,cold,buf_kib=61440;ws_over_l2=3.000,8,0.047766
02-measurement-discipline,batched,cold,buf_kib=61440;ws_over_l2=3.000,9,0.047947
02-measurement-discipline,batched,cold,buf_kib=61440;ws_over_l2=3.000,10,0.047866
02-measurement-discipline,batched,cold,buf_kib=61440;ws_over_l2=3.000,11,0.047902
02-measurement-discipline,batched,cold,buf_kib=61440;ws_over_l2=3.000,12,0.047848
02-measurement-discipline,batched,cold,buf_kib=61440;ws_over_l2=3.000,13,0.047792
02-measurement-discipline,batched,cold,buf_kib=61440;ws_over_l2=3.000,14,0.047902
02-measurement-discipline,batched,cold,buf_kib=61440;ws_over_l2=3.000,15,0.047910
02-measurement-discipline,batched,cold,buf_kib=61440;ws_over_l2=3.000,16,0.047850
02-measurement-discipline,batched,cold,buf_kib=61440;ws_over_l2=3.000,17,0.047794
02-measurement-discipline,batched,cold,buf_kib=61440;ws_over_l2=3.000,18,0.047902
02-measurement-discipline,batched,cold,buf_kib=61440;ws_over_l2=3.000,19,0.047798
02-measurement-discipline,batched,cold,buf_kib=61440;ws_over_l2=3.000,20,0.047762
02-measurement-discipline,batched,cold,buf_kib=61440;ws_over_l2=3.000,21,0.047797
02-measurement-discipline,batched,cold,buf_kib=61440;ws_over_l2=3.000,22,0.047725
02-measurement-discipline,batched,cold,buf_kib=61440;ws_over_l2=3.000,23,0.047890
02-measurement-discipline,batched,cold,buf_kib=61440;ws_over_l2=3.000,24,0.047818
02-measurement-discipline,batched,cold,buf_kib=61440;ws_over_l2=3.000,25,0.047763
02-measurement-discipline,batched,cold,buf_kib=61440;ws_over_l2=3.000,26,0.047992
02-measurement-discipline,batched,cold,buf_kib=61440;ws_over_l2=3.000,27,0.047723
02-measurement-discipline,batched,cold,buf_kib=61440;ws_over_l2=3.000,28,0.047837
02-measurement-discipline,batched,cold,buf_kib=61440;ws_over_l2=3.000,29,0.047821
02-measurement-discipline,batched,cold,buf_kib=61440;ws_over_l2=3.000,30,0.047763
02-measurement-discipline,batched,cold,buf_kib=61440;ws_over_l2=3.000,31,0.047814
02-measurement-discipline,batched,cold,buf_kib=61440;ws_over_l2=3.000,32,0.047797
02-measurement-discipline,batched,cold,buf_kib=61440;ws_over_l2=3.000,33,0.047848
02-measurement-discipline,batched,cold,buf_kib=61440;ws_over_l2=3.000,34,0.047904
02-measurement-discipline,batched,cold,buf_kib=61440;ws_over_l2=3.000,35,0.047987
02-measurement-discipline,batched,cold,buf_kib=61440;ws_over_l2=3.000,36,0.047726
02-measurement-discipline,batched,cold,buf_kib=61440;ws_over_l2=3.000,37,0.047869
02-measurement-discipline,batched,cold,buf_kib=61440;ws_over_l2=3.000,38,0.047899
02-measurement-discipline,batched,cold,buf_kib=61440;ws_over_l2=3.000,39,0.047848
02-measurement-discipline,batched,cold,buf_kib=61440;ws_over_l2=3.000,40,0.047798
02-measurement-discipline,batched,cold,buf_kib=61440;ws_over_l2=3.000,41,0.047787
02-measurement-discipline,batched,cold,buf_kib=61440;ws_over_l2=3.000,42,0.047736
02-measurement-discipline,batched,cold,buf_kib=61440;ws_over_l2=3.000,43,0.047771
02-measurement-discipline,batched,cold,buf_kib=61440;ws_over_l2=3.000,44,0.047779
02-measurement-discipline,batched,cold,buf_kib=61440;ws_over_l2=3.000,45,0.047952
02-measurement-discipline,batched,cold,buf_kib=61440;ws_over_l2=3.000,46,0.047760
02-measurement-discipline,batched,cold,buf_kib=61440;ws_over_l2=3.000,47,0.047760
02-measurement-discipline,batched,cold,buf_kib=61440;ws_over_l2=3.000,48,0.047877
02-measurement-discipline,batched,cold,buf_kib=61440;ws_over_l2=3.000,49,0.047840
02-measurement-discipline,disciplined,cold,buf_kib=61440;ws_over_l2=3.000,0,0.053152
02-measurement-discipline,disciplined,cold,buf_kib=61440;ws_over_l2=3.000,1,0.052896
02-measurement-discipline,disciplined,cold,buf_kib=61440;ws_over_l2=3.000,2,0.052960
02-measurement-discipline,disciplined,cold,buf_kib=61440;ws_over_l2=3.000,3,0.052704
02-measurement-discipline,disciplined,cold,buf_kib=61440;ws_over_l2=3.000,4,0.052800
02-measurement-discipline,disciplined,cold,buf_kib=61440;ws_over_l2=3.000,5,0.052928
02-measurement-discipline,disciplined,cold,buf_kib=61440;ws_over_l2=3.000,6,0.052928
02-measurement-discipline,disciplined,cold,buf_kib=61440;ws_over_l2=3.000,7,0.052928
02-measurement-discipline,disciplined,cold,buf_kib=61440;ws_over_l2=3.000,8,0.053152
02-measurement-discipline,disciplined,cold,buf_kib=61440;ws_over_l2=3.000,9,0.053248
02-measurement-discipline,disciplined,cold,buf_kib=61440;ws_over_l2=3.000,10,0.053056
02-measurement-discipline,disciplined,cold,buf_kib=61440;ws_over_l2=3.000,11,0.052736
02-measurement-discipline,disciplined,cold,buf_kib=61440;ws_over_l2=3.000,12,0.053056
02-measurement-discipline,disciplined,cold,buf_kib=61440;ws_over_l2=3.000,13,0.053056
02-measurement-discipline,disciplined,cold,buf_kib=61440;ws_over_l2=3.000,14,0.052896
02-measurement-discipline,disciplined,cold,buf_kib=61440;ws_over_l2=3.000,15,0.052512
02-measurement-discipline,disciplined,cold,buf_kib=61440;ws_over_l2=3.000,16,0.053344
02-measurement-discipline,disciplined,cold,buf_kib=61440;ws_over_l2=3.000,17,0.053024
02-measurement-discipline,disciplined,cold,buf_kib=61440;ws_over_l2=3.000,18,0.052864
02-measurement-discipline,disciplined,cold,buf_kib=61440;ws_over_l2=3.000,19,0.053024
02-measurement-discipline,disciplined,cold,buf_kib=61440;ws_over_l2=3.000,20,0.053120
02-measurement-discipline,disciplined,cold,buf_kib=61440;ws_over_l2=3.000,21,0.052704
02-measurement-discipline,disciplined,cold,buf_kib=61440;ws_over_l2=3.000,22,0.053120
02-measurement-discipline,disciplined,cold,buf_kib=61440;ws_over_l2=3.000,23,0.053152
02-measurement-discipline,disciplined,cold,buf_kib=61440;ws_over_l2=3.000,24,0.052960
02-measurement-discipline,disciplined,cold,buf_kib=61440;ws_over_l2=3.000,25,0.052896
02-measurement-discipline,disciplined,cold,buf_kib=61440;ws_over_l2=3.000,26,0.052768
02-measurement-discipline,disciplined,cold,buf_kib=61440;ws_over_l2=3.000,27,0.052896
02-measurement-discipline,disciplined,cold,buf_kib=61440;ws_over_l2=3.000,28,0.052800
02-measurement-discipline,disciplined,cold,buf_kib=61440;ws_over_l2=3.000,29,0.053120
02-measurement-discipline,disciplined,cold,buf_kib=61440;ws_over_l2=3.000,30,0.053152
02-measurement-discipline,disciplined,cold,buf_kib=61440;ws_over_l2=3.000,31,0.052832
02-measurement-discipline,disciplined,cold,buf_kib=61440;ws_over_l2=3.000,32,0.052896
02-measurement-discipline,disciplined,cold,buf_kib=61440;ws_over_l2=3.000,33,0.052896
02-measurement-discipline,disciplined,cold,buf_kib=61440;ws_over_l2=3.000,34,0.053184
02-measurement-discipline,disciplined,cold,buf_kib=61440;ws_over_l2=3.000,35,0.052800
02-measurement-discipline,disciplined,cold,buf_kib=61440;ws_over_l2=3.000,36,0.052960
02-measurement-discipline,disciplined,cold,buf_kib=61440;ws_over_l2=3.000,37,0.052896
02-measurement-discipline,disciplined,cold,buf_kib=61440;ws_over_l2=3.000,38,0.052832
02-measurement-discipline,disciplined,cold,buf_kib=61440;ws_over_l2=3.000,39,0.052608
02-measurement-discipline,disciplined,cold,buf_kib=61440;ws_over_l2=3.000,40,0.053088
02-measurement-discipline,disciplined,cold,buf_kib=61440;ws_over_l2=3.000,41,0.054528
02-measurement-discipline,disciplined,cold,buf_kib=61440;ws_over_l2=3.000,42,0.054496
02-measurement-discipline,disciplined,cold,buf_kib=61440;ws_over_l2=3.000,43,0.054240
02-measurement-discipline,disciplined,cold,buf_kib=61440;ws_over_l2=3.000,44,0.054304
02-measurement-discipline,disciplined,cold,buf_kib=61440;ws_over_l2=3.000,45,0.054496
02-measurement-discipline,disciplined,cold,buf_kib=61440;ws_over_l2=3.000,46,0.054336
02-measurement-discipline,disciplined,cold,buf_kib=61440;ws_over_l2=3.000,47,0.054272
02-measurement-discipline,disciplined,cold,buf_kib=61440;ws_over_l2=3.000,48,0.054240
02-measurement-discipline,disciplined,cold,buf_kib=61440;ws_over_l2=3.000,49,0.054176
02-measurement-discipline,disciplined,hot,buf_kib=61440;ws_over_l2=3.000,0,0.046384
02-measurement-discipline,disciplined,hot,buf_kib=61440;ws_over_l2=3.000,1,0.046426
02-measurement-discipline,disciplined,hot,buf_kib=61440;ws_over_l2=3.000,2,0.046339
02-measurement-discipline,disciplined,hot,buf_kib=61440;ws_over_l2=3.000,3,0.046526
02-measurement-discipline,disciplined,hot,buf_kib=61440;ws_over_l2=3.000,4,0.046454
02-measurement-discipline,disciplined,hot,buf_kib=61440;ws_over_l2=3.000,5,0.046416
02-measurement-discipline,disciplined,hot,buf_kib=61440;ws_over_l2=3.000,6,0.046387
02-measurement-discipline,disciplined,hot,buf_kib=61440;ws_over_l2=3.000,7,0.046416
02-measurement-discipline,disciplined,hot,buf_kib=61440;ws_over_l2=3.000,8,0.046539
02-measurement-discipline,disciplined,hot,buf_kib=61440;ws_over_l2=3.000,9,0.046403
02-measurement-discipline,disciplined,hot,buf_kib=61440;ws_over_l2=3.000,10,0.046301
02-measurement-discipline,disciplined,hot,buf_kib=61440;ws_over_l2=3.000,11,0.046398
02-measurement-discipline,disciplined,hot,buf_kib=61440;ws_over_l2=3.000,12,0.046448
02-measurement-discipline,disciplined,hot,buf_kib=61440;ws_over_l2=3.000,13,0.046320
02-measurement-discipline,disciplined,hot,buf_kib=61440;ws_over_l2=3.000,14,0.046469
02-measurement-discipline,disciplined,hot,buf_kib=61440;ws_over_l2=3.000,15,0.046376
02-measurement-discipline,disciplined,hot,buf_kib=61440;ws_over_l2=3.000,16,0.046390
02-measurement-discipline,disciplined,hot,buf_kib=61440;ws_over_l2=3.000,17,0.046344
02-measurement-discipline,disciplined,hot,buf_kib=61440;ws_over_l2=3.000,18,0.046259
02-measurement-discipline,disciplined,hot,buf_kib=61440;ws_over_l2=3.000,19,0.046347
02-measurement-discipline,disciplined,hot,buf_kib=61440;ws_over_l2=3.000,20,0.046434
02-measurement-discipline,disciplined,hot,buf_kib=61440;ws_over_l2=3.000,21,0.046366
02-measurement-discipline,disciplined,hot,buf_kib=61440;ws_over_l2=3.000,22,0.046411
02-measurement-discipline,disciplined,hot,buf_kib=61440;ws_over_l2=3.000,23,0.046387
02-measurement-discipline,disciplined,hot,buf_kib=61440;ws_over_l2=3.000,24,0.046390
02-measurement-discipline,disciplined,hot,buf_kib=61440;ws_over_l2=3.000,25,0.046421
02-measurement-discipline,disciplined,hot,buf_kib=61440;ws_over_l2=3.000,26,0.046421
02-measurement-discipline,disciplined,hot,buf_kib=61440;ws_over_l2=3.000,27,0.046509
02-measurement-discipline,disciplined,hot,buf_kib=61440;ws_over_l2=3.000,28,0.046339
02-measurement-discipline,disciplined,hot,buf_kib=61440;ws_over_l2=3.000,29,0.046282
02-measurement-discipline,disciplined,hot,buf_kib=61440;ws_over_l2=3.000,30,0.046333
02-measurement-discipline,disciplined,hot,buf_kib=61440;ws_over_l2=3.000,31,0.046506
02-measurement-discipline,disciplined,hot,buf_kib=61440;ws_over_l2=3.000,32,0.046395
02-measurement-discipline,disciplined,hot,buf_kib=61440;ws_over_l2=3.000,33,0.046280
02-measurement-discipline,disciplined,hot,buf_kib=61440;ws_over_l2=3.000,34,0.046456
02-measurement-discipline,disciplined,hot,buf_kib=61440;ws_over_l2=3.000,35,0.046282
02-measurement-discipline,disciplined,hot,buf_kib=61440;ws_over_l2=3.000,36,0.046338
02-measurement-discipline,disciplined,hot,buf_kib=61440;ws_over_l2=3.000,37,0.046450
02-measurement-discipline,disciplined,hot,buf_kib=61440;ws_over_l2=3.000,38,0.046406
02-measurement-discipline,disciplined,hot,buf_kib=61440;ws_over_l2=3.000,39,0.046240
02-measurement-discipline,disciplined,hot,buf_kib=61440;ws_over_l2=3.000,40,0.046555
02-measurement-discipline,disciplined,hot,buf_kib=61440;ws_over_l2=3.000,41,0.046307
02-measurement-discipline,disciplined,hot,buf_kib=61440;ws_over_l2=3.000,42,0.046275
02-measurement-discipline,disciplined,hot,buf_kib=61440;ws_over_l2=3.000,43,0.046400
02-measurement-discipline,disciplined,hot,buf_kib=61440;ws_over_l2=3.000,44,0.046402
02-measurement-discipline,disciplined,hot,buf_kib=61440;ws_over_l2=3.000,45,0.046483
02-measurement-discipline,disciplined,hot,buf_kib=61440;ws_over_l2=3.000,46,0.046299
02-measurement-discipline,disciplined,hot,buf_kib=61440;ws_over_l2=3.000,47,0.046442
02-measurement-discipline,disciplined,hot,buf_kib=61440;ws_over_l2=3.000,48,0.046509
02-measurement-discipline,disciplined,hot,buf_kib=61440;ws_over_l2=3.000,49,0.046347
02-measurement-discipline,wallclock,cold,buf_kib=122880;ws_over_l2=6.000,0,0.110206
02-measurement-discipline,wallclock,cold,buf_kib=122880;ws_over_l2=6.000,1,0.100826
02-measurement-discipline,wallclock,cold,buf_kib=122880;ws_over_l2=6.000,2,0.098594
02-measurement-discipline,wallclock,cold,buf_kib=122880;ws_over_l2=6.000,3,0.098769
02-measurement-discipline,wallclock,cold,buf_kib=122880;ws_over_l2=6.000,4,0.098560
02-measurement-discipline,wallclock,cold,buf_kib=122880;ws_over_l2=6.000,5,0.099323
02-measurement-discipline,wallclock,cold,buf_kib=122880;ws_over_l2=6.000,6,0.100044
02-measurement-discipline,wallclock,cold,buf_kib=122880;ws_over_l2=6.000,7,0.100369
02-measurement-discipline,wallclock,cold,buf_kib=122880;ws_over_l2=6.000,8,0.098483
02-measurement-discipline,wallclock,cold,buf_kib=122880;ws_over_l2=6.000,9,0.100369
02-measurement-discipline,wallclock,cold,buf_kib=122880;ws_over_l2=6.000,10,0.098489
02-measurement-discipline,wallclock,cold,buf_kib=122880;ws_over_l2=6.000,11,0.100009
02-measurement-discipline,wallclock,cold,buf_kib=122880;ws_over_l2=6.000,12,0.099725
02-measurement-discipline,wallclock,cold,buf_kib=122880;ws_over_l2=6.000,13,0.099755
02-measurement-discipline,wallclock,cold,buf_kib=122880;ws_over_l2=6.000,14,0.098685
02-measurement-discipline,wallclock,cold,buf_kib=122880;ws_over_l2=6.000,15,0.100602
02-measurement-discipline,wallclock,cold,buf_kib=122880;ws_over_l2=6.000,16,0.099450
02-measurement-discipline,wallclock,cold,buf_kib=122880;ws_over_l2=6.000,17,0.100278
02-measurement-discipline,wallclock,cold,buf_kib=122880;ws_over_l2=6.000,18,0.117606
02-measurement-discipline,wallclock,cold,buf_kib=122880;ws_over_l2=6.000,19,0.101323
02-measurement-discipline,wallclock,cold,buf_kib=122880;ws_over_l2=6.000,20,0.098805
02-measurement-discipline,wallclock,cold,buf_kib=122880;ws_over_l2=6.000,21,0.099046
02-measurement-discipline,wallclock,cold,buf_kib=122880;ws_over_l2=6.000,22,0.099209
02-measurement-discipline,wallclock,cold,buf_kib=122880;ws_over_l2=6.000,23,0.099443
02-measurement-discipline,wallclock,cold,buf_kib=122880;ws_over_l2=6.000,24,0.099280
02-measurement-discipline,wallclock,cold,buf_kib=122880;ws_over_l2=6.000,25,0.099249
02-measurement-discipline,wallclock,cold,buf_kib=122880;ws_over_l2=6.000,26,0.099521
02-measurement-discipline,wallclock,cold,buf_kib=122880;ws_over_l2=6.000,27,0.098368
02-measurement-discipline,wallclock,cold,buf_kib=122880;ws_over_l2=6.000,28,0.099207
02-measurement-discipline,wallclock,cold,buf_kib=122880;ws_over_l2=6.000,29,0.101197
02-measurement-discipline,wallclock,cold,buf_kib=122880;ws_over_l2=6.000,30,0.098489
02-measurement-discipline,wallclock,cold,buf_kib=122880;ws_over_l2=6.000,31,0.098884
02-measurement-discipline,wallclock,cold,buf_kib=122880;ws_over_l2=6.000,32,0.099666
02-measurement-discipline,wallclock,cold,buf_kib=122880;ws_over_l2=6.000,33,0.098664
02-measurement-discipline,wallclock,cold,buf_kib=122880;ws_over_l2=6.000,34,0.099930
02-measurement-discipline,wallclock,cold,buf_kib=122880;ws_over_l2=6.000,35,0.101001
02-measurement-discipline,wallclock,cold,buf_kib=122880;ws_over_l2=6.000,36,0.100287
02-measurement-discipline,wallclock,cold,buf_kib=122880;ws_over_l2=6.000,37,0.100006
02-measurement-discipline,wallclock,cold,buf_kib=122880;ws_over_l2=6.000,38,0.098559
02-measurement-discipline,wallclock,cold,buf_kib=122880;ws_over_l2=6.000,39,0.099523
02-measurement-discipline,wallclock,cold,buf_kib=122880;ws_over_l2=6.000,40,0.098544
02-measurement-discipline,wallclock,cold,buf_kib=122880;ws_over_l2=6.000,41,0.099872
02-measurement-discipline,wallclock,cold,buf_kib=122880;ws_over_l2=6.000,42,0.098803
02-measurement-discipline,wallclock,cold,buf_kib=122880;ws_over_l2=6.000,43,0.100167
02-measurement-discipline,wallclock,cold,buf_kib=122880;ws_over_l2=6.000,44,0.098196
02-measurement-discipline,wallclock,cold,buf_kib=122880;ws_over_l2=6.000,45,0.101287
02-measurement-discipline,wallclock,cold,buf_kib=122880;ws_over_l2=6.000,46,0.100012
02-measurement-discipline,wallclock,cold,buf_kib=122880;ws_over_l2=6.000,47,0.099520
02-measurement-discipline,wallclock,cold,buf_kib=122880;ws_over_l2=6.000,48,0.100767
02-measurement-discipline,wallclock,cold,buf_kib=122880;ws_over_l2=6.000,49,0.099062
02-measurement-discipline,no-flush,cold,buf_kib=122880;ws_over_l2=6.000,0,0.098464
02-measurement-discipline,no-flush,cold,buf_kib=122880;ws_over_l2=6.000,1,0.095392
02-measurement-discipline,no-flush,cold,buf_kib=122880;ws_over_l2=6.000,2,0.096608
02-measurement-discipline,no-flush,cold,buf_kib=122880;ws_over_l2=6.000,3,0.096288
02-measurement-discipline,no-flush,cold,buf_kib=122880;ws_over_l2=6.000,4,0.097248
02-measurement-discipline,no-flush,cold,buf_kib=122880;ws_over_l2=6.000,5,0.093568
02-measurement-discipline,no-flush,cold,buf_kib=122880;ws_over_l2=6.000,6,0.094816
02-measurement-discipline,no-flush,cold,buf_kib=122880;ws_over_l2=6.000,7,0.097760
02-measurement-discipline,no-flush,cold,buf_kib=122880;ws_over_l2=6.000,8,0.097952
02-measurement-discipline,no-flush,cold,buf_kib=122880;ws_over_l2=6.000,9,0.095776
02-measurement-discipline,no-flush,cold,buf_kib=122880;ws_over_l2=6.000,10,0.096512
02-measurement-discipline,no-flush,cold,buf_kib=122880;ws_over_l2=6.000,11,0.097280
02-measurement-discipline,no-flush,cold,buf_kib=122880;ws_over_l2=6.000,12,0.097152
02-measurement-discipline,no-flush,cold,buf_kib=122880;ws_over_l2=6.000,13,0.095808
02-measurement-discipline,no-flush,cold,buf_kib=122880;ws_over_l2=6.000,14,0.096480
02-measurement-discipline,no-flush,cold,buf_kib=122880;ws_over_l2=6.000,15,0.095520
02-measurement-discipline,no-flush,cold,buf_kib=122880;ws_over_l2=6.000,16,0.095744
02-measurement-discipline,no-flush,cold,buf_kib=122880;ws_over_l2=6.000,17,0.095520
02-measurement-discipline,no-flush,cold,buf_kib=122880;ws_over_l2=6.000,18,0.095968
02-measurement-discipline,no-flush,cold,buf_kib=122880;ws_over_l2=6.000,19,0.096544
02-measurement-discipline,no-flush,cold,buf_kib=122880;ws_over_l2=6.000,20,0.095808
02-measurement-discipline,no-flush,cold,buf_kib=122880;ws_over_l2=6.000,21,0.096160
02-measurement-discipline,no-flush,cold,buf_kib=122880;ws_over_l2=6.000,22,0.093952
02-measurement-discipline,no-flush,cold,buf_kib=122880;ws_over_l2=6.000,23,0.095008
02-measurement-discipline,no-flush,cold,buf_kib=122880;ws_over_l2=6.000,24,0.096320
02-measurement-discipline,no-flush,cold,buf_kib=122880;ws_over_l2=6.000,25,0.096960
02-measurement-discipline,no-flush,cold,buf_kib=122880;ws_over_l2=6.000,26,0.095712
02-measurement-discipline,no-flush,cold,buf_kib=122880;ws_over_l2=6.000,27,0.097984
02-measurement-discipline,no-flush,cold,buf_kib=122880;ws_over_l2=6.000,28,0.095584
02-measurement-discipline,no-flush,cold,buf_kib=122880;ws_over_l2=6.000,29,0.096832
02-measurement-discipline,no-flush,cold,buf_kib=122880;ws_over_l2=6.000,30,0.095936
02-measurement-discipline,no-flush,cold,buf_kib=122880;ws_over_l2=6.000,31,0.097248
02-measurement-discipline,no-flush,cold,buf_kib=122880;ws_over_l2=6.000,32,0.096992
02-measurement-discipline,no-flush,cold,buf_kib=122880;ws_over_l2=6.000,33,0.094912
02-measurement-discipline,no-flush,cold,buf_kib=122880;ws_over_l2=6.000,34,0.096128
02-measurement-discipline,no-flush,cold,buf_kib=122880;ws_over_l2=6.000,35,0.095264
02-measurement-discipline,no-flush,cold,buf_kib=122880;ws_over_l2=6.000,36,0.097248
02-measurement-discipline,no-flush,cold,buf_kib=122880;ws_over_l2=6.000,37,0.095616
02-measurement-discipline,no-flush,cold,buf_kib=122880;ws_over_l2=6.000,38,0.095328
02-measurement-discipline,no-flush,cold,buf_kib=122880;ws_over_l2=6.000,39,0.096352
02-measurement-discipline,no-flush,cold,buf_kib=122880;ws_over_l2=6.000,40,0.095520
02-measurement-discipline,no-flush,cold,buf_kib=122880;ws_over_l2=6.000,41,0.094336
02-measurement-discipline,no-flush,cold,buf_kib=122880;ws_over_l2=6.000,42,0.097440
02-measurement-discipline,no-flush,cold,buf_kib=122880;ws_over_l2=6.000,43,0.095168
02-measurement-discipline,no-flush,cold,buf_kib=122880;ws_over_l2=6.000,44,0.096960
02-measurement-discipline,no-flush,cold,buf_kib=122880;ws_over_l2=6.000,45,0.095552
02-measurement-discipline,no-flush,cold,buf_kib=122880;ws_over_l2=6.000,46,0.095424
02-measurement-discipline,no-flush,cold,buf_kib=122880;ws_over_l2=6.000,47,0.096960
02-measurement-discipline,no-flush,cold,buf_kib=122880;ws_over_l2=6.000,48,0.096992
02-measurement-discipline,no-flush,cold,buf_kib=122880;ws_over_l2=6.000,49,0.095680
02-measurement-discipline,batched,cold,buf_kib=122880;ws_over_l2=6.000,0,0.093557
02-measurement-discipline,batched,cold,buf_kib=122880;ws_over_l2=6.000,1,0.093453
02-measurement-discipline,batched,cold,buf_kib=122880;ws_over_l2=6.000,2,0.093498
02-measurement-discipline,batched,cold,buf_kib=122880;ws_over_l2=6.000,3,0.093030
02-measurement-discipline,batched,cold,buf_kib=122880;ws_over_l2=6.000,4,0.093075
02-measurement-discipline,batched,cold,buf_kib=122880;ws_over_l2=6.000,5,0.093347
02-measurement-discipline,batched,cold,buf_kib=122880;ws_over_l2=6.000,6,0.093347
02-measurement-discipline,batched,cold,buf_kib=122880;ws_over_l2=6.000,7,0.093325
02-measurement-discipline,batched,cold,buf_kib=122880;ws_over_l2=6.000,8,0.093542
02-measurement-discipline,batched,cold,buf_kib=122880;ws_over_l2=6.000,9,0.093394
02-measurement-discipline,batched,cold,buf_kib=122880;ws_over_l2=6.000,10,0.093451
02-measurement-discipline,batched,cold,buf_kib=122880;ws_over_l2=6.000,11,0.093318
02-measurement-discipline,batched,cold,buf_kib=122880;ws_over_l2=6.000,12,0.093387
02-measurement-discipline,batched,cold,buf_kib=122880;ws_over_l2=6.000,13,0.093206
02-measurement-discipline,batched,cold,buf_kib=122880;ws_over_l2=6.000,14,0.093525
02-measurement-discipline,batched,cold,buf_kib=122880;ws_over_l2=6.000,15,0.093270
02-measurement-discipline,batched,cold,buf_kib=122880;ws_over_l2=6.000,16,0.093338
02-measurement-discipline,batched,cold,buf_kib=122880;ws_over_l2=6.000,17,0.093437
02-measurement-discipline,batched,cold,buf_kib=122880;ws_over_l2=6.000,18,0.093325
02-measurement-discipline,batched,cold,buf_kib=122880;ws_over_l2=6.000,19,0.093403
02-measurement-discipline,batched,cold,buf_kib=122880;ws_over_l2=6.000,20,0.093434
02-measurement-discipline,batched,cold,buf_kib=122880;ws_over_l2=6.000,21,0.093141
02-measurement-discipline,batched,cold,buf_kib=122880;ws_over_l2=6.000,22,0.093374
02-measurement-discipline,batched,cold,buf_kib=122880;ws_over_l2=6.000,23,0.093510
02-measurement-discipline,batched,cold,buf_kib=122880;ws_over_l2=6.000,24,0.093283
02-measurement-discipline,batched,cold,buf_kib=122880;ws_over_l2=6.000,25,0.093211
02-measurement-discipline,batched,cold,buf_kib=122880;ws_over_l2=6.000,26,0.093590
02-measurement-discipline,batched,cold,buf_kib=122880;ws_over_l2=6.000,27,0.093454
02-measurement-discipline,batched,cold,buf_kib=122880;ws_over_l2=6.000,28,0.093141
02-measurement-discipline,batched,cold,buf_kib=122880;ws_over_l2=6.000,29,0.093213
02-measurement-discipline,batched,cold,buf_kib=122880;ws_over_l2=6.000,30,0.093474
02-measurement-discipline,batched,cold,buf_kib=122880;ws_over_l2=6.000,31,0.093186
02-measurement-discipline,batched,cold,buf_kib=122880;ws_over_l2=6.000,32,0.093594
02-measurement-discipline,batched,cold,buf_kib=122880;ws_over_l2=6.000,33,0.093206
02-measurement-discipline,batched,cold,buf_kib=122880;ws_over_l2=6.000,34,0.093256
02-measurement-discipline,batched,cold,buf_kib=122880;ws_over_l2=6.000,35,0.093358
02-measurement-discipline,batched,cold,buf_kib=122880;ws_over_l2=6.000,36,0.093259
02-measurement-discipline,batched,cold,buf_kib=122880;ws_over_l2=6.000,37,0.093491
02-measurement-discipline,batched,cold,buf_kib=122880;ws_over_l2=6.000,38,0.093238
02-measurement-discipline,batched,cold,buf_kib=122880;ws_over_l2=6.000,39,0.093166
02-measurement-discipline,batched,cold,buf_kib=122880;ws_over_l2=6.000,40,0.093512
02-measurement-discipline,batched,cold,buf_kib=122880;ws_over_l2=6.000,41,0.093158
02-measurement-discipline,batched,cold,buf_kib=122880;ws_over_l2=6.000,42,0.093366
02-measurement-discipline,batched,cold,buf_kib=122880;ws_over_l2=6.000,43,0.093314
02-measurement-discipline,batched,cold,buf_kib=122880;ws_over_l2=6.000,44,0.093274
02-measurement-discipline,batched,cold,buf_kib=122880;ws_over_l2=6.000,45,0.093370
02-measurement-discipline,batched,cold,buf_kib=122880;ws_over_l2=6.000,46,0.093174
02-measurement-discipline,batched,cold,buf_kib=122880;ws_over_l2=6.000,47,0.093310
02-measurement-discipline,batched,cold,buf_kib=122880;ws_over_l2=6.000,48,0.093350
02-measurement-discipline,batched,cold,buf_kib=122880;ws_over_l2=6.000,49,0.093229
02-measurement-discipline,disciplined,cold,buf_kib=122880;ws_over_l2=6.000,0,0.099072
02-measurement-discipline,disciplined,cold,buf_kib=122880;ws_over_l2=6.000,1,0.099008
02-measurement-discipline,disciplined,cold,buf_kib=122880;ws_over_l2=6.000,2,0.099840
02-measurement-discipline,disciplined,cold,buf_kib=122880;ws_over_l2=6.000,3,0.099232
02-measurement-discipline,disciplined,cold,buf_kib=122880;ws_over_l2=6.000,4,0.098752
02-measurement-discipline,disciplined,cold,buf_kib=122880;ws_over_l2=6.000,5,0.098912
02-measurement-discipline,disciplined,cold,buf_kib=122880;ws_over_l2=6.000,6,0.098784
02-measurement-discipline,disciplined,cold,buf_kib=122880;ws_over_l2=6.000,7,0.098112
02-measurement-discipline,disciplined,cold,buf_kib=122880;ws_over_l2=6.000,8,0.098208
02-measurement-discipline,disciplined,cold,buf_kib=122880;ws_over_l2=6.000,9,0.099776
02-measurement-discipline,disciplined,cold,buf_kib=122880;ws_over_l2=6.000,10,0.097728
02-measurement-discipline,disciplined,cold,buf_kib=122880;ws_over_l2=6.000,11,0.099648
02-measurement-discipline,disciplined,cold,buf_kib=122880;ws_over_l2=6.000,12,0.098592
02-measurement-discipline,disciplined,cold,buf_kib=122880;ws_over_l2=6.000,13,0.099296
02-measurement-discipline,disciplined,cold,buf_kib=122880;ws_over_l2=6.000,14,0.098752
02-measurement-discipline,disciplined,cold,buf_kib=122880;ws_over_l2=6.000,15,0.099648
02-measurement-discipline,disciplined,cold,buf_kib=122880;ws_over_l2=6.000,16,0.099648
02-measurement-discipline,disciplined,cold,buf_kib=122880;ws_over_l2=6.000,17,0.098496
02-measurement-discipline,disciplined,cold,buf_kib=122880;ws_over_l2=6.000,18,0.098720
02-measurement-discipline,disciplined,cold,buf_kib=122880;ws_over_l2=6.000,19,0.098624
02-measurement-discipline,disciplined,cold,buf_kib=122880;ws_over_l2=6.000,20,0.098560
02-measurement-discipline,disciplined,cold,buf_kib=122880;ws_over_l2=6.000,21,0.099520
02-measurement-discipline,disciplined,cold,buf_kib=122880;ws_over_l2=6.000,22,0.098944
02-measurement-discipline,disciplined,cold,buf_kib=122880;ws_over_l2=6.000,23,0.097088
02-measurement-discipline,disciplined,cold,buf_kib=122880;ws_over_l2=6.000,24,0.099040
02-measurement-discipline,disciplined,cold,buf_kib=122880;ws_over_l2=6.000,25,0.099392
02-measurement-discipline,disciplined,cold,buf_kib=122880;ws_over_l2=6.000,26,0.098400
02-measurement-discipline,disciplined,cold,buf_kib=122880;ws_over_l2=6.000,27,0.099552
02-measurement-discipline,disciplined,cold,buf_kib=122880;ws_over_l2=6.000,28,0.098752
02-measurement-discipline,disciplined,cold,buf_kib=122880;ws_over_l2=6.000,29,0.098400
02-measurement-discipline,disciplined,cold,buf_kib=122880;ws_over_l2=6.000,30,0.098912
02-measurement-discipline,disciplined,cold,buf_kib=122880;ws_over_l2=6.000,31,0.098720
02-measurement-discipline,disciplined,cold,buf_kib=122880;ws_over_l2=6.000,32,0.098784
02-measurement-discipline,disciplined,cold,buf_kib=122880;ws_over_l2=6.000,33,0.099360
02-measurement-discipline,disciplined,cold,buf_kib=122880;ws_over_l2=6.000,34,0.099840
02-measurement-discipline,disciplined,cold,buf_kib=122880;ws_over_l2=6.000,35,0.099136
02-measurement-discipline,disciplined,cold,buf_kib=122880;ws_over_l2=6.000,36,0.099168
02-measurement-discipline,disciplined,cold,buf_kib=122880;ws_over_l2=6.000,37,0.099488
02-measurement-discipline,disciplined,cold,buf_kib=122880;ws_over_l2=6.000,38,0.097408
02-measurement-discipline,disciplined,cold,buf_kib=122880;ws_over_l2=6.000,39,0.098720
02-measurement-discipline,disciplined,cold,buf_kib=122880;ws_over_l2=6.000,40,0.098944
02-measurement-discipline,disciplined,cold,buf_kib=122880;ws_over_l2=6.000,41,0.098688
02-measurement-discipline,disciplined,cold,buf_kib=122880;ws_over_l2=6.000,42,0.098720
02-measurement-discipline,disciplined,cold,buf_kib=122880;ws_over_l2=6.000,43,0.098816
02-measurement-discipline,disciplined,cold,buf_kib=122880;ws_over_l2=6.000,44,0.099168
02-measurement-discipline,disciplined,cold,buf_kib=122880;ws_over_l2=6.000,45,0.099744
02-measurement-discipline,disciplined,cold,buf_kib=122880;ws_over_l2=6.000,46,0.097728
02-measurement-discipline,disciplined,cold,buf_kib=122880;ws_over_l2=6.000,47,0.099200
02-measurement-discipline,disciplined,cold,buf_kib=122880;ws_over_l2=6.000,48,0.099520
02-measurement-discipline,disciplined,cold,buf_kib=122880;ws_over_l2=6.000,49,0.099328
02-measurement-discipline,disciplined,hot,buf_kib=122880;ws_over_l2=6.000,0,0.092102
02-measurement-discipline,disciplined,hot,buf_kib=122880;ws_over_l2=6.000,1,0.092125
02-measurement-discipline,disciplined,hot,buf_kib=122880;ws_over_l2=6.000,2,0.091749
02-measurement-discipline,disciplined,hot,buf_kib=122880;ws_over_l2=6.000,3,0.091592
02-measurement-discipline,disciplined,hot,buf_kib=122880;ws_over_l2=6.000,4,0.092138
02-measurement-discipline,disciplined,hot,buf_kib=122880;ws_over_l2=6.000,5,0.091966
02-measurement-discipline,disciplined,hot,buf_kib=122880;ws_over_l2=6.000,6,0.091968
02-measurement-discipline,disciplined,hot,buf_kib=122880;ws_over_l2=6.000,7,0.091994
02-measurement-discipline,disciplined,hot,buf_kib=122880;ws_over_l2=6.000,8,0.091894
02-measurement-discipline,disciplined,hot,buf_kib=122880;ws_over_l2=6.000,9,0.091738
02-measurement-discipline,disciplined,hot,buf_kib=122880;ws_over_l2=6.000,10,0.091989
02-measurement-discipline,disciplined,hot,buf_kib=122880;ws_over_l2=6.000,11,0.091971
02-measurement-discipline,disciplined,hot,buf_kib=122880;ws_over_l2=6.000,12,0.091950
02-measurement-discipline,disciplined,hot,buf_kib=122880;ws_over_l2=6.000,13,0.091827
02-measurement-discipline,disciplined,hot,buf_kib=122880;ws_over_l2=6.000,14,0.091821
02-measurement-discipline,disciplined,hot,buf_kib=122880;ws_over_l2=6.000,15,0.092104
02-measurement-discipline,disciplined,hot,buf_kib=122880;ws_over_l2=6.000,16,0.092083
02-measurement-discipline,disciplined,hot,buf_kib=122880;ws_over_l2=6.000,17,0.091950
02-measurement-discipline,disciplined,hot,buf_kib=122880;ws_over_l2=6.000,18,0.091547
02-measurement-discipline,disciplined,hot,buf_kib=122880;ws_over_l2=6.000,19,0.091973
02-measurement-discipline,disciplined,hot,buf_kib=122880;ws_over_l2=6.000,20,0.091782
02-measurement-discipline,disciplined,hot,buf_kib=122880;ws_over_l2=6.000,21,0.091870
02-measurement-discipline,disciplined,hot,buf_kib=122880;ws_over_l2=6.000,22,0.091976
02-measurement-discipline,disciplined,hot,buf_kib=122880;ws_over_l2=6.000,23,0.092016
02-measurement-discipline,disciplined,hot,buf_kib=122880;ws_over_l2=6.000,24,0.091808
02-measurement-discipline,disciplined,hot,buf_kib=122880;ws_over_l2=6.000,25,0.091811
02-measurement-discipline,disciplined,hot,buf_kib=122880;ws_over_l2=6.000,26,0.091936
02-measurement-discipline,disciplined,hot,buf_kib=122880;ws_over_l2=6.000,27,0.092286
02-measurement-discipline,disciplined,hot,buf_kib=122880;ws_over_l2=6.000,28,0.091752
02-measurement-discipline,disciplined,hot,buf_kib=122880;ws_over_l2=6.000,29,0.091778
02-measurement-discipline,disciplined,hot,buf_kib=122880;ws_over_l2=6.000,30,0.091850
02-measurement-discipline,disciplined,hot,buf_kib=122880;ws_over_l2=6.000,31,0.091987
02-measurement-discipline,disciplined,hot,buf_kib=122880;ws_over_l2=6.000,32,0.092011
02-measurement-discipline,disciplined,hot,buf_kib=122880;ws_over_l2=6.000,33,0.091766
02-measurement-discipline,disciplined,hot,buf_kib=122880;ws_over_l2=6.000,34,0.091906
02-measurement-discipline,disciplined,hot,buf_kib=122880;ws_over_l2=6.000,35,0.092086
02-measurement-discipline,disciplined,hot,buf_kib=122880;ws_over_l2=6.000,36,0.092064
02-measurement-discipline,disciplined,hot,buf_kib=122880;ws_over_l2=6.000,37,0.091992
02-measurement-discipline,disciplined,hot,buf_kib=122880;ws_over_l2=6.000,38,0.091754
02-measurement-discipline,disciplined,hot,buf_kib=122880;ws_over_l2=6.000,39,0.092019
02-measurement-discipline,disciplined,hot,buf_kib=122880;ws_over_l2=6.000,40,0.092037
02-measurement-discipline,disciplined,hot,buf_kib=122880;ws_over_l2=6.000,41,0.092006
02-measurement-discipline,disciplined,hot,buf_kib=122880;ws_over_l2=6.000,42,0.091954
02-measurement-discipline,disciplined,hot,buf_kib=122880;ws_over_l2=6.000,43,0.091838
02-measurement-discipline,disciplined,hot,buf_kib=122880;ws_over_l2=6.000,44,0.091869
02-measurement-discipline,disciplined,hot,buf_kib=122880;ws_over_l2=6.000,45,0.092115
02-measurement-discipline,disciplined,hot,buf_kib=122880;ws_over_l2=6.000,46,0.091774
02-measurement-discipline,disciplined,hot,buf_kib=122880;ws_over_l2=6.000,47,0.091990
02-measurement-discipline,disciplined,hot,buf_kib=122880;ws_over_l2=6.000,48,0.091664
02-measurement-discipline,disciplined,hot,buf_kib=122880;ws_over_l2=6.000,49,0.091710
02-measurement-discipline,wallclock,cold,buf_kib=262144;ws_over_l2=12.800,0,0.217467
02-measurement-discipline,wallclock,cold,buf_kib=262144;ws_over_l2=12.800,1,0.202032
02-measurement-discipline,wallclock,cold,buf_kib=262144;ws_over_l2=12.800,2,0.208646
02-measurement-discipline,wallclock,cold,buf_kib=262144;ws_over_l2=12.800,3,0.200563
02-measurement-discipline,wallclock,cold,buf_kib=262144;ws_over_l2=12.800,4,0.208242
02-measurement-discipline,wallclock,cold,buf_kib=262144;ws_over_l2=12.800,5,0.207486
02-measurement-discipline,wallclock,cold,buf_kib=262144;ws_over_l2=12.800,6,0.203571
02-measurement-discipline,wallclock,cold,buf_kib=262144;ws_over_l2=12.800,7,0.206994
02-measurement-discipline,wallclock,cold,buf_kib=262144;ws_over_l2=12.800,8,0.201804
02-measurement-discipline,wallclock,cold,buf_kib=262144;ws_over_l2=12.800,9,0.208037
02-measurement-discipline,wallclock,cold,buf_kib=262144;ws_over_l2=12.800,10,0.202090
02-measurement-discipline,wallclock,cold,buf_kib=262144;ws_over_l2=12.800,11,0.206367
02-measurement-discipline,wallclock,cold,buf_kib=262144;ws_over_l2=12.800,12,0.201429
02-measurement-discipline,wallclock,cold,buf_kib=262144;ws_over_l2=12.800,13,0.208005
02-measurement-discipline,wallclock,cold,buf_kib=262144;ws_over_l2=12.800,14,0.199686
02-measurement-discipline,wallclock,cold,buf_kib=262144;ws_over_l2=12.800,15,0.208331
02-measurement-discipline,wallclock,cold,buf_kib=262144;ws_over_l2=12.800,16,0.201483
02-measurement-discipline,wallclock,cold,buf_kib=262144;ws_over_l2=12.800,17,0.208084
02-measurement-discipline,wallclock,cold,buf_kib=262144;ws_over_l2=12.800,18,0.201771
02-measurement-discipline,wallclock,cold,buf_kib=262144;ws_over_l2=12.800,19,0.206584
02-measurement-discipline,wallclock,cold,buf_kib=262144;ws_over_l2=12.800,20,0.201770
02-measurement-discipline,wallclock,cold,buf_kib=262144;ws_over_l2=12.800,21,0.207151
02-measurement-discipline,wallclock,cold,buf_kib=262144;ws_over_l2=12.800,22,0.200366
02-measurement-discipline,wallclock,cold,buf_kib=262144;ws_over_l2=12.800,23,0.203687
02-measurement-discipline,wallclock,cold,buf_kib=262144;ws_over_l2=12.800,24,0.207279
02-measurement-discipline,wallclock,cold,buf_kib=262144;ws_over_l2=12.800,25,0.201293
02-measurement-discipline,wallclock,cold,buf_kib=262144;ws_over_l2=12.800,26,0.208658
02-measurement-discipline,wallclock,cold,buf_kib=262144;ws_over_l2=12.800,27,0.207394
02-measurement-discipline,wallclock,cold,buf_kib=262144;ws_over_l2=12.800,28,0.199006
02-measurement-discipline,wallclock,cold,buf_kib=262144;ws_over_l2=12.800,29,0.202850
02-measurement-discipline,wallclock,cold,buf_kib=262144;ws_over_l2=12.800,30,0.202848
02-measurement-discipline,wallclock,cold,buf_kib=262144;ws_over_l2=12.800,31,0.205218
02-measurement-discipline,wallclock,cold,buf_kib=262144;ws_over_l2=12.800,32,0.203233
02-measurement-discipline,wallclock,cold,buf_kib=262144;ws_over_l2=12.800,33,0.208325
02-measurement-discipline,wallclock,cold,buf_kib=262144;ws_over_l2=12.800,34,0.206085
02-measurement-discipline,wallclock,cold,buf_kib=262144;ws_over_l2=12.800,35,0.204323
02-measurement-discipline,wallclock,cold,buf_kib=262144;ws_over_l2=12.800,36,0.204768
02-measurement-discipline,wallclock,cold,buf_kib=262144;ws_over_l2=12.800,37,0.206440
02-measurement-discipline,wallclock,cold,buf_kib=262144;ws_over_l2=12.800,38,0.202407
02-measurement-discipline,wallclock,cold,buf_kib=262144;ws_over_l2=12.800,39,0.203645
02-measurement-discipline,wallclock,cold,buf_kib=262144;ws_over_l2=12.800,40,0.201443
02-measurement-discipline,wallclock,cold,buf_kib=262144;ws_over_l2=12.800,41,0.203846
02-measurement-discipline,wallclock,cold,buf_kib=262144;ws_over_l2=12.800,42,0.202563
02-measurement-discipline,wallclock,cold,buf_kib=262144;ws_over_l2=12.800,43,0.207926
02-measurement-discipline,wallclock,cold,buf_kib=262144;ws_over_l2=12.800,44,0.202358
02-measurement-discipline,wallclock,cold,buf_kib=262144;ws_over_l2=12.800,45,0.208247
02-measurement-discipline,wallclock,cold,buf_kib=262144;ws_over_l2=12.800,46,0.206532
02-measurement-discipline,wallclock,cold,buf_kib=262144;ws_over_l2=12.800,47,0.201958
02-measurement-discipline,wallclock,cold,buf_kib=262144;ws_over_l2=12.800,48,0.205884
02-measurement-discipline,wallclock,cold,buf_kib=262144;ws_over_l2=12.800,49,0.202609
02-measurement-discipline,no-flush,cold,buf_kib=262144;ws_over_l2=12.800,0,0.200896
02-measurement-discipline,no-flush,cold,buf_kib=262144;ws_over_l2=12.800,1,0.198848
02-measurement-discipline,no-flush,cold,buf_kib=262144;ws_over_l2=12.800,2,0.204704
02-measurement-discipline,no-flush,cold,buf_kib=262144;ws_over_l2=12.800,3,0.198176
02-measurement-discipline,no-flush,cold,buf_kib=262144;ws_over_l2=12.800,4,0.202688
02-measurement-discipline,no-flush,cold,buf_kib=262144;ws_over_l2=12.800,5,0.198304
02-measurement-discipline,no-flush,cold,buf_kib=262144;ws_over_l2=12.800,6,0.203616
02-measurement-discipline,no-flush,cold,buf_kib=262144;ws_over_l2=12.800,7,0.197184
02-measurement-discipline,no-flush,cold,buf_kib=262144;ws_over_l2=12.800,8,0.204544
02-measurement-discipline,no-flush,cold,buf_kib=262144;ws_over_l2=12.800,9,0.202496
02-measurement-discipline,no-flush,cold,buf_kib=262144;ws_over_l2=12.800,10,0.198784
02-measurement-discipline,no-flush,cold,buf_kib=262144;ws_over_l2=12.800,11,0.203520
02-measurement-discipline,no-flush,cold,buf_kib=262144;ws_over_l2=12.800,12,0.199712
02-measurement-discipline,no-flush,cold,buf_kib=262144;ws_over_l2=12.800,13,0.203776
02-measurement-discipline,no-flush,cold,buf_kib=262144;ws_over_l2=12.800,14,0.199136
02-measurement-discipline,no-flush,cold,buf_kib=262144;ws_over_l2=12.800,15,0.204928
02-measurement-discipline,no-flush,cold,buf_kib=262144;ws_over_l2=12.800,16,0.200192
02-measurement-discipline,no-flush,cold,buf_kib=262144;ws_over_l2=12.800,17,0.202368
02-measurement-discipline,no-flush,cold,buf_kib=262144;ws_over_l2=12.800,18,0.200640
02-measurement-discipline,no-flush,cold,buf_kib=262144;ws_over_l2=12.800,19,0.199488
02-measurement-discipline,no-flush,cold,buf_kib=262144;ws_over_l2=12.800,20,0.201888
02-measurement-discipline,no-flush,cold,buf_kib=262144;ws_over_l2=12.800,21,0.198624
02-measurement-discipline,no-flush,cold,buf_kib=262144;ws_over_l2=12.800,22,0.203136
02-measurement-discipline,no-flush,cold,buf_kib=262144;ws_over_l2=12.800,23,0.198816
02-measurement-discipline,no-flush,cold,buf_kib=262144;ws_over_l2=12.800,24,0.203936
02-measurement-discipline,no-flush,cold,buf_kib=262144;ws_over_l2=12.800,25,0.197152
02-measurement-discipline,no-flush,cold,buf_kib=262144;ws_over_l2=12.800,26,0.206176
02-measurement-discipline,no-flush,cold,buf_kib=262144;ws_over_l2=12.800,27,0.200544
02-measurement-discipline,no-flush,cold,buf_kib=262144;ws_over_l2=12.800,28,0.199488
02-measurement-discipline,no-flush,cold,buf_kib=262144;ws_over_l2=12.800,29,0.204736
02-measurement-discipline,no-flush,cold,buf_kib=262144;ws_over_l2=12.800,30,0.198912
02-measurement-discipline,no-flush,cold,buf_kib=262144;ws_over_l2=12.800,31,0.203680
02-measurement-discipline,no-flush,cold,buf_kib=262144;ws_over_l2=12.800,32,0.197728
02-measurement-discipline,no-flush,cold,buf_kib=262144;ws_over_l2=12.800,33,0.201824
02-measurement-discipline,no-flush,cold,buf_kib=262144;ws_over_l2=12.800,34,0.197568
02-measurement-discipline,no-flush,cold,buf_kib=262144;ws_over_l2=12.800,35,0.203776
02-measurement-discipline,no-flush,cold,buf_kib=262144;ws_over_l2=12.800,36,0.202848
02-measurement-discipline,no-flush,cold,buf_kib=262144;ws_over_l2=12.800,37,0.201984
02-measurement-discipline,no-flush,cold,buf_kib=262144;ws_over_l2=12.800,38,0.198272
02-measurement-discipline,no-flush,cold,buf_kib=262144;ws_over_l2=12.800,39,0.203968
02-measurement-discipline,no-flush,cold,buf_kib=262144;ws_over_l2=12.800,40,0.197856
02-measurement-discipline,no-flush,cold,buf_kib=262144;ws_over_l2=12.800,41,0.203552
02-measurement-discipline,no-flush,cold,buf_kib=262144;ws_over_l2=12.800,42,0.198400
02-measurement-discipline,no-flush,cold,buf_kib=262144;ws_over_l2=12.800,43,0.202848
02-measurement-discipline,no-flush,cold,buf_kib=262144;ws_over_l2=12.800,44,0.198880
02-measurement-discipline,no-flush,cold,buf_kib=262144;ws_over_l2=12.800,45,0.203872
02-measurement-discipline,no-flush,cold,buf_kib=262144;ws_over_l2=12.800,46,0.200320
02-measurement-discipline,no-flush,cold,buf_kib=262144;ws_over_l2=12.800,47,0.203904
02-measurement-discipline,no-flush,cold,buf_kib=262144;ws_over_l2=12.800,48,0.198528
02-measurement-discipline,no-flush,cold,buf_kib=262144;ws_over_l2=12.800,49,0.204384
02-measurement-discipline,batched,cold,buf_kib=262144;ws_over_l2=12.800,0,0.198586
02-measurement-discipline,batched,cold,buf_kib=262144;ws_over_l2=12.800,1,0.198397
02-measurement-discipline,batched,cold,buf_kib=262144;ws_over_l2=12.800,2,0.197870
02-measurement-discipline,batched,cold,buf_kib=262144;ws_over_l2=12.800,3,0.198312
02-measurement-discipline,batched,cold,buf_kib=262144;ws_over_l2=12.800,4,0.197910
02-measurement-discipline,batched,cold,buf_kib=262144;ws_over_l2=12.800,5,0.198062
02-measurement-discipline,batched,cold,buf_kib=262144;ws_over_l2=12.800,6,0.197995
02-measurement-discipline,batched,cold,buf_kib=262144;ws_over_l2=12.800,7,0.198477
02-measurement-discipline,batched,cold,buf_kib=262144;ws_over_l2=12.800,8,0.198290
02-measurement-discipline,batched,cold,buf_kib=262144;ws_over_l2=12.800,9,0.198363
02-measurement-discipline,batched,cold,buf_kib=262144;ws_over_l2=12.800,10,0.198419
02-measurement-discipline,batched,cold,buf_kib=262144;ws_over_l2=12.800,11,0.197478
02-measurement-discipline,batched,cold,buf_kib=262144;ws_over_l2=12.800,12,0.198285
02-measurement-discipline,batched,cold,buf_kib=262144;ws_over_l2=12.800,13,0.197669
02-measurement-discipline,batched,cold,buf_kib=262144;ws_over_l2=12.800,14,0.198622
02-measurement-discipline,batched,cold,buf_kib=262144;ws_over_l2=12.800,15,0.198230
02-measurement-discipline,batched,cold,buf_kib=262144;ws_over_l2=12.800,16,0.198198
02-measurement-discipline,batched,cold,buf_kib=262144;ws_over_l2=12.800,17,0.197963
02-measurement-discipline,batched,cold,buf_kib=262144;ws_over_l2=12.800,18,0.197859
02-measurement-discipline,batched,cold,buf_kib=262144;ws_over_l2=12.800,19,0.198302
02-measurement-discipline,batched,cold,buf_kib=262144;ws_over_l2=12.800,20,0.198011
02-measurement-discipline,batched,cold,buf_kib=262144;ws_over_l2=12.800,21,0.198122
02-measurement-discipline,batched,cold,buf_kib=262144;ws_over_l2=12.800,22,0.198184
02-measurement-discipline,batched,cold,buf_kib=262144;ws_over_l2=12.800,23,0.197846
02-measurement-discipline,batched,cold,buf_kib=262144;ws_over_l2=12.800,24,0.198477
02-measurement-discipline,batched,cold,buf_kib=262144;ws_over_l2=12.800,25,0.198010
02-measurement-discipline,batched,cold,buf_kib=262144;ws_over_l2=12.800,26,0.197952
02-measurement-discipline,batched,cold,buf_kib=262144;ws_over_l2=12.800,27,0.198648
02-measurement-discipline,batched,cold,buf_kib=262144;ws_over_l2=12.800,28,0.198534
02-measurement-discipline,batched,cold,buf_kib=262144;ws_over_l2=12.800,29,0.197955
02-measurement-discipline,batched,cold,buf_kib=262144;ws_over_l2=12.800,30,0.197917
02-measurement-discipline,batched,cold,buf_kib=262144;ws_over_l2=12.800,31,0.197245
02-measurement-discipline,batched,cold,buf_kib=262144;ws_over_l2=12.800,32,0.198131
02-measurement-discipline,batched,cold,buf_kib=262144;ws_over_l2=12.800,33,0.198150
02-measurement-discipline,batched,cold,buf_kib=262144;ws_over_l2=12.800,34,0.197520
02-measurement-discipline,batched,cold,buf_kib=262144;ws_over_l2=12.800,35,0.198504
02-measurement-discipline,batched,cold,buf_kib=262144;ws_over_l2=12.800,36,0.197936
02-measurement-discipline,batched,cold,buf_kib=262144;ws_over_l2=12.800,37,0.197688
02-measurement-discipline,batched,cold,buf_kib=262144;ws_over_l2=12.800,38,0.198192
02-measurement-discipline,batched,cold,buf_kib=262144;ws_over_l2=12.800,39,0.198294
02-measurement-discipline,batched,cold,buf_kib=262144;ws_over_l2=12.800,40,0.198374
02-measurement-discipline,batched,cold,buf_kib=262144;ws_over_l2=12.800,41,0.197523
02-measurement-discipline,batched,cold,buf_kib=262144;ws_over_l2=12.800,42,0.198242
02-measurement-discipline,batched,cold,buf_kib=262144;ws_over_l2=12.800,43,0.197987
02-measurement-discipline,batched,cold,buf_kib=262144;ws_over_l2=12.800,44,0.197922
02-measurement-discipline,batched,cold,buf_kib=262144;ws_over_l2=12.800,45,0.198501
02-measurement-discipline,batched,cold,buf_kib=262144;ws_over_l2=12.800,46,0.198181
02-measurement-discipline,batched,cold,buf_kib=262144;ws_over_l2=12.800,47,0.197949
02-measurement-discipline,batched,cold,buf_kib=262144;ws_over_l2=12.800,48,0.198282
02-measurement-discipline,batched,cold,buf_kib=262144;ws_over_l2=12.800,49,0.197600
02-measurement-discipline,disciplined,cold,buf_kib=262144;ws_over_l2=12.800,0,0.203040
02-measurement-discipline,disciplined,cold,buf_kib=262144;ws_over_l2=12.800,1,0.205056
02-measurement-discipline,disciplined,cold,buf_kib=262144;ws_over_l2=12.800,2,0.202720
02-measurement-discipline,disciplined,cold,buf_kib=262144;ws_over_l2=12.800,3,0.205024
02-measurement-discipline,disciplined,cold,buf_kib=262144;ws_over_l2=12.800,4,0.205408
02-measurement-discipline,disciplined,cold,buf_kib=262144;ws_over_l2=12.800,5,0.201472
02-measurement-discipline,disciplined,cold,buf_kib=262144;ws_over_l2=12.800,6,0.205312
02-measurement-discipline,disciplined,cold,buf_kib=262144;ws_over_l2=12.800,7,0.201888
02-measurement-discipline,disciplined,cold,buf_kib=262144;ws_over_l2=12.800,8,0.202624
02-measurement-discipline,disciplined,cold,buf_kib=262144;ws_over_l2=12.800,9,0.202688
02-measurement-discipline,disciplined,cold,buf_kib=262144;ws_over_l2=12.800,10,0.204640
02-measurement-discipline,disciplined,cold,buf_kib=262144;ws_over_l2=12.800,11,0.202080
02-measurement-discipline,disciplined,cold,buf_kib=262144;ws_over_l2=12.800,12,0.202496
02-measurement-discipline,disciplined,cold,buf_kib=262144;ws_over_l2=12.800,13,0.202624
02-measurement-discipline,disciplined,cold,buf_kib=262144;ws_over_l2=12.800,14,0.205792
02-measurement-discipline,disciplined,cold,buf_kib=262144;ws_over_l2=12.800,15,0.200800
02-measurement-discipline,disciplined,cold,buf_kib=262144;ws_over_l2=12.800,16,0.202752
02-measurement-discipline,disciplined,cold,buf_kib=262144;ws_over_l2=12.800,17,0.202176
02-measurement-discipline,disciplined,cold,buf_kib=262144;ws_over_l2=12.800,18,0.204224
02-measurement-discipline,disciplined,cold,buf_kib=262144;ws_over_l2=12.800,19,0.204512
02-measurement-discipline,disciplined,cold,buf_kib=262144;ws_over_l2=12.800,20,0.203392
02-measurement-discipline,disciplined,cold,buf_kib=262144;ws_over_l2=12.800,21,0.201568
02-measurement-discipline,disciplined,cold,buf_kib=262144;ws_over_l2=12.800,22,0.202080
02-measurement-discipline,disciplined,cold,buf_kib=262144;ws_over_l2=12.800,23,0.201664
02-measurement-discipline,disciplined,cold,buf_kib=262144;ws_over_l2=12.800,24,0.203584
02-measurement-discipline,disciplined,cold,buf_kib=262144;ws_over_l2=12.800,25,0.201984
02-measurement-discipline,disciplined,cold,buf_kib=262144;ws_over_l2=12.800,26,0.205696
02-measurement-discipline,disciplined,cold,buf_kib=262144;ws_over_l2=12.800,27,0.202752
02-measurement-discipline,disciplined,cold,buf_kib=262144;ws_over_l2=12.800,28,0.206304
02-measurement-discipline,disciplined,cold,buf_kib=262144;ws_over_l2=12.800,29,0.201088
02-measurement-discipline,disciplined,cold,buf_kib=262144;ws_over_l2=12.800,30,0.201792
02-measurement-discipline,disciplined,cold,buf_kib=262144;ws_over_l2=12.800,31,0.200672
02-measurement-discipline,disciplined,cold,buf_kib=262144;ws_over_l2=12.800,32,0.203776
02-measurement-discipline,disciplined,cold,buf_kib=262144;ws_over_l2=12.800,33,0.204704
02-measurement-discipline,disciplined,cold,buf_kib=262144;ws_over_l2=12.800,34,0.203840
02-measurement-discipline,disciplined,cold,buf_kib=262144;ws_over_l2=12.800,35,0.201984
02-measurement-discipline,disciplined,cold,buf_kib=262144;ws_over_l2=12.800,36,0.201504
02-measurement-discipline,disciplined,cold,buf_kib=262144;ws_over_l2=12.800,37,0.201280
02-measurement-discipline,disciplined,cold,buf_kib=262144;ws_over_l2=12.800,38,0.204032
02-measurement-discipline,disciplined,cold,buf_kib=262144;ws_over_l2=12.800,39,0.200416
02-measurement-discipline,disciplined,cold,buf_kib=262144;ws_over_l2=12.800,40,0.202848
02-measurement-discipline,disciplined,cold,buf_kib=262144;ws_over_l2=12.800,41,0.200704
02-measurement-discipline,disciplined,cold,buf_kib=262144;ws_over_l2=12.800,42,0.204448
02-measurement-discipline,disciplined,cold,buf_kib=262144;ws_over_l2=12.800,43,0.201376
02-measurement-discipline,disciplined,cold,buf_kib=262144;ws_over_l2=12.800,44,0.202048
02-measurement-discipline,disciplined,cold,buf_kib=262144;ws_over_l2=12.800,45,0.201152
02-measurement-discipline,disciplined,cold,buf_kib=262144;ws_over_l2=12.800,46,0.204352
02-measurement-discipline,disciplined,cold,buf_kib=262144;ws_over_l2=12.800,47,0.202272
02-measurement-discipline,disciplined,cold,buf_kib=262144;ws_over_l2=12.800,48,0.201024
02-measurement-discipline,disciplined,cold,buf_kib=262144;ws_over_l2=12.800,49,0.201536
02-measurement-discipline,disciplined,hot,buf_kib=262144;ws_over_l2=12.800,0,0.196526
02-measurement-discipline,disciplined,hot,buf_kib=262144;ws_over_l2=12.800,1,0.197378
02-measurement-discipline,disciplined,hot,buf_kib=262144;ws_over_l2=12.800,2,0.196378
02-measurement-discipline,disciplined,hot,buf_kib=262144;ws_over_l2=12.800,3,0.196632
02-measurement-discipline,disciplined,hot,buf_kib=262144;ws_over_l2=12.800,4,0.196443
02-measurement-discipline,disciplined,hot,buf_kib=262144;ws_over_l2=12.800,5,0.196672
02-measurement-discipline,disciplined,hot,buf_kib=262144;ws_over_l2=12.800,6,0.196403
02-measurement-discipline,disciplined,hot,buf_kib=262144;ws_over_l2=12.800,7,0.196494
02-measurement-discipline,disciplined,hot,buf_kib=262144;ws_over_l2=12.800,8,0.196461
02-measurement-discipline,disciplined,hot,buf_kib=262144;ws_over_l2=12.800,9,0.196411
02-measurement-discipline,disciplined,hot,buf_kib=262144;ws_over_l2=12.800,10,0.196258
02-measurement-discipline,disciplined,hot,buf_kib=262144;ws_over_l2=12.800,11,0.195934
02-measurement-discipline,disciplined,hot,buf_kib=262144;ws_over_l2=12.800,12,0.197013
02-measurement-discipline,disciplined,hot,buf_kib=262144;ws_over_l2=12.800,13,0.196029
02-measurement-discipline,disciplined,hot,buf_kib=262144;ws_over_l2=12.800,14,0.196256
02-measurement-discipline,disciplined,hot,buf_kib=262144;ws_over_l2=12.800,15,0.196149
02-measurement-discipline,disciplined,hot,buf_kib=262144;ws_over_l2=12.800,16,0.196464
02-measurement-discipline,disciplined,hot,buf_kib=262144;ws_over_l2=12.800,17,0.197154
02-measurement-discipline,disciplined,hot,buf_kib=262144;ws_over_l2=12.800,18,0.196221
02-measurement-discipline,disciplined,hot,buf_kib=262144;ws_over_l2=12.800,19,0.196576
02-measurement-discipline,disciplined,hot,buf_kib=262144;ws_over_l2=12.800,20,0.196344
02-measurement-discipline,disciplined,hot,buf_kib=262144;ws_over_l2=12.800,21,0.196877
02-measurement-discipline,disciplined,hot,buf_kib=262144;ws_over_l2=12.800,22,0.196854
02-measurement-discipline,disciplined,hot,buf_kib=262144;ws_over_l2=12.800,23,0.196698
02-measurement-discipline,disciplined,hot,buf_kib=262144;ws_over_l2=12.800,24,0.196118
02-measurement-discipline,disciplined,hot,buf_kib=262144;ws_over_l2=12.800,25,0.196723
02-measurement-discipline,disciplined,hot,buf_kib=262144;ws_over_l2=12.800,26,0.196976
02-measurement-discipline,disciplined,hot,buf_kib=262144;ws_over_l2=12.800,27,0.196395
02-measurement-discipline,disciplined,hot,buf_kib=262144;ws_over_l2=12.800,28,0.196778
02-measurement-discipline,disciplined,hot,buf_kib=262144;ws_over_l2=12.800,29,0.196322
02-measurement-discipline,disciplined,hot,buf_kib=262144;ws_over_l2=12.800,30,0.196570
02-measurement-discipline,disciplined,hot,buf_kib=262144;ws_over_l2=12.800,31,0.196755
02-measurement-discipline,disciplined,hot,buf_kib=262144;ws_over_l2=12.800,32,0.196714
02-measurement-discipline,disciplined,hot,buf_kib=262144;ws_over_l2=12.800,33,0.196854
02-measurement-discipline,disciplined,hot,buf_kib=262144;ws_over_l2=12.800,34,0.196394
02-measurement-discipline,disciplined,hot,buf_kib=262144;ws_over_l2=12.800,35,0.196637
02-measurement-discipline,disciplined,hot,buf_kib=262144;ws_over_l2=12.800,36,0.196538
02-measurement-discipline,disciplined,hot,buf_kib=262144;ws_over_l2=12.800,37,0.196245
02-measurement-discipline,disciplined,hot,buf_kib=262144;ws_over_l2=12.800,38,0.196816
02-measurement-discipline,disciplined,hot,buf_kib=262144;ws_over_l2=12.800,39,0.196528
02-measurement-discipline,disciplined,hot,buf_kib=262144;ws_over_l2=12.800,40,0.196182
02-measurement-discipline,disciplined,hot,buf_kib=262144;ws_over_l2=12.800,41,0.196368
02-measurement-discipline,disciplined,hot,buf_kib=262144;ws_over_l2=12.800,42,0.196515
02-measurement-discipline,disciplined,hot,buf_kib=262144;ws_over_l2=12.800,43,0.197382
02-measurement-discipline,disciplined,hot,buf_kib=262144;ws_over_l2=12.800,44,0.196168
02-measurement-discipline,disciplined,hot,buf_kib=262144;ws_over_l2=12.800,45,0.197106
02-measurement-discipline,disciplined,hot,buf_kib=262144;ws_over_l2=12.800,46,0.196733
02-measurement-discipline,disciplined,hot,buf_kib=262144;ws_over_l2=12.800,47,0.195989
02-measurement-discipline,disciplined,hot,buf_kib=262144;ws_over_l2=12.800,48,0.196387
02-measurement-discipline,disciplined,hot,buf_kib=262144;ws_over_l2=12.800,49,0.196245
