kernel,variant,mode,shape,sample,ms
02-measurement-discipline,wallclock,cold,buf_kib=3840;ws_over_l2=0.188,0,0.022755
02-measurement-discipline,wallclock,cold,buf_kib=3840;ws_over_l2=0.188,1,0.011921
02-measurement-discipline,wallclock,cold,buf_kib=3840;ws_over_l2=0.188,2,0.011228
02-measurement-discipline,wallclock,cold,buf_kib=3840;ws_over_l2=0.188,3,0.011892
02-measurement-discipline,wallclock,cold,buf_kib=3840;ws_over_l2=0.188,4,0.010866
02-measurement-discipline,wallclock,cold,buf_kib=3840;ws_over_l2=0.188,5,0.010963
02-measurement-discipline,wallclock,cold,buf_kib=3840;ws_over_l2=0.188,6,0.011359
02-measurement-discipline,wallclock,cold,buf_kib=3840;ws_over_l2=0.188,7,0.010996
02-measurement-discipline,wallclock,cold,buf_kib=3840;ws_over_l2=0.188,8,0.010560
02-measurement-discipline,wallclock,cold,buf_kib=3840;ws_over_l2=0.188,9,0.011239
02-measurement-discipline,wallclock,cold,buf_kib=3840;ws_over_l2=0.188,10,0.010505
02-measurement-discipline,wallclock,cold,buf_kib=3840;ws_over_l2=0.188,11,0.010528
02-measurement-discipline,wallclock,cold,buf_kib=3840;ws_over_l2=0.188,12,0.010754
02-measurement-discipline,wallclock,cold,buf_kib=3840;ws_over_l2=0.188,13,0.011079
02-measurement-discipline,wallclock,cold,buf_kib=3840;ws_over_l2=0.188,14,0.010753
02-measurement-discipline,wallclock,cold,buf_kib=3840;ws_over_l2=0.188,15,0.010633
02-measurement-discipline,wallclock,cold,buf_kib=3840;ws_over_l2=0.188,16,0.011044
02-measurement-discipline,wallclock,cold,buf_kib=3840;ws_over_l2=0.188,17,0.010557
02-measurement-discipline,wallclock,cold,buf_kib=3840;ws_over_l2=0.188,18,0.010476
02-measurement-discipline,wallclock,cold,buf_kib=3840;ws_over_l2=0.188,19,0.010592
02-measurement-discipline,wallclock,cold,buf_kib=3840;ws_over_l2=0.188,20,0.011089
02-measurement-discipline,wallclock,cold,buf_kib=3840;ws_over_l2=0.188,21,0.010883
02-measurement-discipline,wallclock,cold,buf_kib=3840;ws_over_l2=0.188,22,0.010387
02-measurement-discipline,wallclock,cold,buf_kib=3840;ws_over_l2=0.188,23,0.011192
02-measurement-discipline,wallclock,cold,buf_kib=3840;ws_over_l2=0.188,24,0.010359
02-measurement-discipline,wallclock,cold,buf_kib=3840;ws_over_l2=0.188,25,0.010481
02-measurement-discipline,wallclock,cold,buf_kib=3840;ws_over_l2=0.188,26,0.010803
02-measurement-discipline,wallclock,cold,buf_kib=3840;ws_over_l2=0.188,27,0.011596
02-measurement-discipline,wallclock,cold,buf_kib=3840;ws_over_l2=0.188,28,0.010441
02-measurement-discipline,wallclock,cold,buf_kib=3840;ws_over_l2=0.188,29,0.010339
02-measurement-discipline,wallclock,cold,buf_kib=3840;ws_over_l2=0.188,30,0.011097
02-measurement-discipline,wallclock,cold,buf_kib=3840;ws_over_l2=0.188,31,0.010275
02-measurement-discipline,wallclock,cold,buf_kib=3840;ws_over_l2=0.188,32,0.010398
02-measurement-discipline,wallclock,cold,buf_kib=3840;ws_over_l2=0.188,33,0.010677
02-measurement-discipline,wallclock,cold,buf_kib=3840;ws_over_l2=0.188,34,0.010963
02-measurement-discipline,wallclock,cold,buf_kib=3840;ws_over_l2=0.188,35,0.010834
02-measurement-discipline,wallclock,cold,buf_kib=3840;ws_over_l2=0.188,36,0.010483
02-measurement-discipline,wallclock,cold,buf_kib=3840;ws_over_l2=0.188,37,0.010927
02-measurement-discipline,wallclock,cold,buf_kib=3840;ws_over_l2=0.188,38,0.010600
02-measurement-discipline,wallclock,cold,buf_kib=3840;ws_over_l2=0.188,39,0.010333
02-measurement-discipline,wallclock,cold,buf_kib=3840;ws_over_l2=0.188,40,0.010560
02-measurement-discipline,wallclock,cold,buf_kib=3840;ws_over_l2=0.188,41,0.011398
02-measurement-discipline,wallclock,cold,buf_kib=3840;ws_over_l2=0.188,42,0.010434
02-measurement-discipline,wallclock,cold,buf_kib=3840;ws_over_l2=0.188,43,0.010400
02-measurement-discipline,wallclock,cold,buf_kib=3840;ws_over_l2=0.188,44,0.010434
02-measurement-discipline,wallclock,cold,buf_kib=3840;ws_over_l2=0.188,45,0.011520
02-measurement-discipline,wallclock,cold,buf_kib=3840;ws_over_l2=0.188,46,0.010683
02-measurement-discipline,wallclock,cold,buf_kib=3840;ws_over_l2=0.188,47,0.010590
02-measurement-discipline,wallclock,cold,buf_kib=3840;ws_over_l2=0.188,48,0.011348
02-measurement-discipline,wallclock,cold,buf_kib=3840;ws_over_l2=0.188,49,0.010403
02-measurement-discipline,no-flush,cold,buf_kib=3840;ws_over_l2=0.188,0,0.009056
02-measurement-discipline,no-flush,cold,buf_kib=3840;ws_over_l2=0.188,1,0.007680
02-measurement-discipline,no-flush,cold,buf_kib=3840;ws_over_l2=0.188,2,0.007936
02-measurement-discipline,no-flush,cold,buf_kib=3840;ws_over_l2=0.188,3,0.008064
02-measurement-discipline,no-flush,cold,buf_kib=3840;ws_over_l2=0.188,4,0.007552
02-measurement-discipline,no-flush,cold,buf_kib=3840;ws_over_l2=0.188,5,0.007840
02-measurement-discipline,no-flush,cold,buf_kib=3840;ws_over_l2=0.188,6,0.007648
02-measurement-discipline,no-flush,cold,buf_kib=3840;ws_over_l2=0.188,7,0.008032
02-measurement-discipline,no-flush,cold,buf_kib=3840;ws_over_l2=0.188,8,0.007712
02-measurement-discipline,no-flush,cold,buf_kib=3840;ws_over_l2=0.188,9,0.007584
02-measurement-discipline,no-flush,cold,buf_kib=3840;ws_over_l2=0.188,10,0.007872
02-measurement-discipline,no-flush,cold,buf_kib=3840;ws_over_l2=0.188,11,0.007936
02-measurement-discipline,no-flush,cold,buf_kib=3840;ws_over_l2=0.188,12,0.007616
02-measurement-discipline,no-flush,cold,buf_kib=3840;ws_over_l2=0.188,13,0.007680
02-measurement-discipline,no-flush,cold,buf_kib=3840;ws_over_l2=0.188,14,0.007616
02-measurement-discipline,no-flush,cold,buf_kib=3840;ws_over_l2=0.188,15,0.007648
02-measurement-discipline,no-flush,cold,buf_kib=3840;ws_over_l2=0.188,16,0.007904
02-measurement-discipline,no-flush,cold,buf_kib=3840;ws_over_l2=0.188,17,0.007680
02-measurement-discipline,no-flush,cold,buf_kib=3840;ws_over_l2=0.188,18,0.007584
02-measurement-discipline,no-flush,cold,buf_kib=3840;ws_over_l2=0.188,19,0.007744
02-measurement-discipline,no-flush,cold,buf_kib=3840;ws_over_l2=0.188,20,0.008384
02-measurement-discipline,no-flush,cold,buf_kib=3840;ws_over_l2=0.188,21,0.008096
02-measurement-discipline,no-flush,cold,buf_kib=3840;ws_over_l2=0.188,22,0.007712
02-measurement-discipline,no-flush,cold,buf_kib=3840;ws_over_l2=0.188,23,0.008128
02-measurement-discipline,no-flush,cold,buf_kib=3840;ws_over_l2=0.188,24,0.007712
02-measurement-discipline,no-flush,cold,buf_kib=3840;ws_over_l2=0.188,25,0.007648
02-measurement-discipline,no-flush,cold,buf_kib=3840;ws_over_l2=0.188,26,0.008128
02-measurement-discipline,no-flush,cold,buf_kib=3840;ws_over_l2=0.188,27,0.007744
02-measurement-discipline,no-flush,cold,buf_kib=3840;ws_over_l2=0.188,28,0.007520
02-measurement-discipline,no-flush,cold,buf_kib=3840;ws_over_l2=0.188,29,0.007616
02-measurement-discipline,no-flush,cold,buf_kib=3840;ws_over_l2=0.188,30,0.007648
02-measurement-discipline,no-flush,cold,buf_kib=3840;ws_over_l2=0.188,31,0.007552
02-measurement-discipline,no-flush,cold,buf_kib=3840;ws_over_l2=0.188,32,0.007584
02-measurement-discipline,no-flush,cold,buf_kib=3840;ws_over_l2=0.188,33,0.007840
02-measurement-discipline,no-flush,cold,buf_kib=3840;ws_over_l2=0.188,34,0.007616
02-measurement-discipline,no-flush,cold,buf_kib=3840;ws_over_l2=0.188,35,0.007712
02-measurement-discipline,no-flush,cold,buf_kib=3840;ws_over_l2=0.188,36,0.007840
02-measurement-discipline,no-flush,cold,buf_kib=3840;ws_over_l2=0.188,37,0.007872
02-measurement-discipline,no-flush,cold,buf_kib=3840;ws_over_l2=0.188,38,0.007648
02-measurement-discipline,no-flush,cold,buf_kib=3840;ws_over_l2=0.188,39,0.007968
02-measurement-discipline,no-flush,cold,buf_kib=3840;ws_over_l2=0.188,40,0.007552
02-measurement-discipline,no-flush,cold,buf_kib=3840;ws_over_l2=0.188,41,0.007488
02-measurement-discipline,no-flush,cold,buf_kib=3840;ws_over_l2=0.188,42,0.008096
02-measurement-discipline,no-flush,cold,buf_kib=3840;ws_over_l2=0.188,43,0.008000
02-measurement-discipline,no-flush,cold,buf_kib=3840;ws_over_l2=0.188,44,0.007808
02-measurement-discipline,no-flush,cold,buf_kib=3840;ws_over_l2=0.188,45,0.007584
02-measurement-discipline,no-flush,cold,buf_kib=3840;ws_over_l2=0.188,46,0.007872
02-measurement-discipline,no-flush,cold,buf_kib=3840;ws_over_l2=0.188,47,0.007680
02-measurement-discipline,no-flush,cold,buf_kib=3840;ws_over_l2=0.188,48,0.007488
02-measurement-discipline,no-flush,cold,buf_kib=3840;ws_over_l2=0.188,49,0.008320
02-measurement-discipline,batched,cold,buf_kib=3840;ws_over_l2=0.188,0,0.004242
02-measurement-discipline,batched,cold,buf_kib=3840;ws_over_l2=0.188,1,0.004250
02-measurement-discipline,batched,cold,buf_kib=3840;ws_over_l2=0.188,2,0.004214
02-measurement-discipline,batched,cold,buf_kib=3840;ws_over_l2=0.188,3,0.004235
02-measurement-discipline,batched,cold,buf_kib=3840;ws_over_l2=0.188,4,0.004237
02-measurement-discipline,batched,cold,buf_kib=3840;ws_over_l2=0.188,5,0.004219
02-measurement-discipline,batched,cold,buf_kib=3840;ws_over_l2=0.188,6,0.004234
02-measurement-discipline,batched,cold,buf_kib=3840;ws_over_l2=0.188,7,0.004232
02-measurement-discipline,batched,cold,buf_kib=3840;ws_over_l2=0.188,8,0.004211
02-measurement-discipline,batched,cold,buf_kib=3840;ws_over_l2=0.188,9,0.004230
02-measurement-discipline,batched,cold,buf_kib=3840;ws_over_l2=0.188,10,0.004210
02-measurement-discipline,batched,cold,buf_kib=3840;ws_over_l2=0.188,11,0.004232
02-measurement-discipline,batched,cold,buf_kib=3840;ws_over_l2=0.188,12,0.004186
02-measurement-discipline,batched,cold,buf_kib=3840;ws_over_l2=0.188,13,0.004229
02-measurement-discipline,batched,cold,buf_kib=3840;ws_over_l2=0.188,14,0.004218
02-measurement-discipline,batched,cold,buf_kib=3840;ws_over_l2=0.188,15,0.004229
02-measurement-discipline,batched,cold,buf_kib=3840;ws_over_l2=0.188,16,0.004202
02-measurement-discipline,batched,cold,buf_kib=3840;ws_over_l2=0.188,17,0.004230
02-measurement-discipline,batched,cold,buf_kib=3840;ws_over_l2=0.188,18,0.004174
02-measurement-discipline,batched,cold,buf_kib=3840;ws_over_l2=0.188,19,0.004246
02-measurement-discipline,batched,cold,buf_kib=3840;ws_over_l2=0.188,20,0.004230
02-measurement-discipline,batched,cold,buf_kib=3840;ws_over_l2=0.188,21,0.004200
02-measurement-discipline,batched,cold,buf_kib=3840;ws_over_l2=0.188,22,0.004205
02-measurement-discipline,batched,cold,buf_kib=3840;ws_over_l2=0.188,23,0.004222
02-measurement-discipline,batched,cold,buf_kib=3840;ws_over_l2=0.188,24,0.004214
02-measurement-discipline,batched,cold,buf_kib=3840;ws_over_l2=0.188,25,0.004224
02-measurement-discipline,batched,cold,buf_kib=3840;ws_over_l2=0.188,26,0.004230
02-measurement-discipline,batched,cold,buf_kib=3840;ws_over_l2=0.188,27,0.004211
02-measurement-discipline,batched,cold,buf_kib=3840;ws_over_l2=0.188,28,0.004205
02-measurement-discipline,batched,cold,buf_kib=3840;ws_over_l2=0.188,29,0.004246
02-measurement-discipline,batched,cold,buf_kib=3840;ws_over_l2=0.188,30,0.004205
02-measurement-discipline,batched,cold,buf_kib=3840;ws_over_l2=0.188,31,0.004216
02-measurement-discipline,batched,cold,buf_kib=3840;ws_over_l2=0.188,32,0.004222
02-measurement-discipline,batched,cold,buf_kib=3840;ws_over_l2=0.188,33,0.004226
02-measurement-discipline,batched,cold,buf_kib=3840;ws_over_l2=0.188,34,0.004197
02-measurement-discipline,batched,cold,buf_kib=3840;ws_over_l2=0.188,35,0.004248
02-measurement-discipline,batched,cold,buf_kib=3840;ws_over_l2=0.188,36,0.004214
02-measurement-discipline,batched,cold,buf_kib=3840;ws_over_l2=0.188,37,0.004208
02-measurement-discipline,batched,cold,buf_kib=3840;ws_over_l2=0.188,38,0.004226
02-measurement-discipline,batched,cold,buf_kib=3840;ws_over_l2=0.188,39,0.004230
02-measurement-discipline,batched,cold,buf_kib=3840;ws_over_l2=0.188,40,0.004210
02-measurement-discipline,batched,cold,buf_kib=3840;ws_over_l2=0.188,41,0.004224
02-measurement-discipline,batched,cold,buf_kib=3840;ws_over_l2=0.188,42,0.004218
02-measurement-discipline,batched,cold,buf_kib=3840;ws_over_l2=0.188,43,0.004213
02-measurement-discipline,batched,cold,buf_kib=3840;ws_over_l2=0.188,44,0.004278
02-measurement-discipline,batched,cold,buf_kib=3840;ws_over_l2=0.188,45,0.004213
02-measurement-discipline,batched,cold,buf_kib=3840;ws_over_l2=0.188,46,0.004208
02-measurement-discipline,batched,cold,buf_kib=3840;ws_over_l2=0.188,47,0.004218
02-measurement-discipline,batched,cold,buf_kib=3840;ws_over_l2=0.188,48,0.004210
02-measurement-discipline,batched,cold,buf_kib=3840;ws_over_l2=0.188,49,0.004219
02-measurement-discipline,disciplined,cold,buf_kib=3840;ws_over_l2=0.188,0,0.009440
02-measurement-discipline,disciplined,cold,buf_kib=3840;ws_over_l2=0.188,1,0.009600
02-measurement-discipline,disciplined,cold,buf_kib=3840;ws_over_l2=0.188,2,0.009376
02-measurement-discipline,disciplined,cold,buf_kib=3840;ws_over_l2=0.188,3,0.009568
02-measurement-discipline,disciplined,cold,buf_kib=3840;ws_over_l2=0.188,4,0.009408
02-measurement-discipline,disciplined,cold,buf_kib=3840;ws_over_l2=0.188,5,0.009760
02-measurement-discipline,disciplined,cold,buf_kib=3840;ws_over_l2=0.188,6,0.009408
02-measurement-discipline,disciplined,cold,buf_kib=3840;ws_over_l2=0.188,7,0.009760
02-measurement-discipline,disciplined,cold,buf_kib=3840;ws_over_l2=0.188,8,0.009344
02-measurement-discipline,disciplined,cold,buf_kib=3840;ws_over_l2=0.188,9,0.009280
02-measurement-discipline,disciplined,cold,buf_kib=3840;ws_over_l2=0.188,10,0.009568
02-measurement-discipline,disciplined,cold,buf_kib=3840;ws_over_l2=0.188,11,0.010656
02-measurement-discipline,disciplined,cold,buf_kib=3840;ws_over_l2=0.188,12,0.009504
02-measurement-discipline,disciplined,cold,buf_kib=3840;ws_over_l2=0.188,13,0.009472
02-measurement-discipline,disciplined,cold,buf_kib=3840;ws_over_l2=0.188,14,0.009312
02-measurement-discipline,disciplined,cold,buf_kib=3840;ws_over_l2=0.188,15,0.009760
02-measurement-discipline,disciplined,cold,buf_kib=3840;ws_over_l2=0.188,16,0.009536
02-measurement-discipline,disciplined,cold,buf_kib=3840;ws_over_l2=0.188,17,0.009504
02-measurement-discipline,disciplined,cold,buf_kib=3840;ws_over_l2=0.188,18,0.009408
02-measurement-discipline,disciplined,cold,buf_kib=3840;ws_over_l2=0.188,19,0.009344
02-measurement-discipline,disciplined,cold,buf_kib=3840;ws_over_l2=0.188,20,0.009760
02-measurement-discipline,disciplined,cold,buf_kib=3840;ws_over_l2=0.188,21,0.009248
02-measurement-discipline,disciplined,cold,buf_kib=3840;ws_over_l2=0.188,22,0.010816
02-measurement-discipline,disciplined,cold,buf_kib=3840;ws_over_l2=0.188,23,0.009696
02-measurement-discipline,disciplined,cold,buf_kib=3840;ws_over_l2=0.188,24,0.009376
02-measurement-discipline,disciplined,cold,buf_kib=3840;ws_over_l2=0.188,25,0.009408
02-measurement-discipline,disciplined,cold,buf_kib=3840;ws_over_l2=0.188,26,0.009472
02-measurement-discipline,disciplined,cold,buf_kib=3840;ws_over_l2=0.188,27,0.009504
02-measurement-discipline,disciplined,cold,buf_kib=3840;ws_over_l2=0.188,28,0.009312
02-measurement-discipline,disciplined,cold,buf_kib=3840;ws_over_l2=0.188,29,0.009312
02-measurement-discipline,disciplined,cold,buf_kib=3840;ws_over_l2=0.188,30,0.009440
02-measurement-discipline,disciplined,cold,buf_kib=3840;ws_over_l2=0.188,31,0.009376
02-measurement-discipline,disciplined,cold,buf_kib=3840;ws_over_l2=0.188,32,0.009440
02-measurement-discipline,disciplined,cold,buf_kib=3840;ws_over_l2=0.188,33,0.009280
02-measurement-discipline,disciplined,cold,buf_kib=3840;ws_over_l2=0.188,34,0.009600
02-measurement-discipline,disciplined,cold,buf_kib=3840;ws_over_l2=0.188,35,0.009440
02-measurement-discipline,disciplined,cold,buf_kib=3840;ws_over_l2=0.188,36,0.009408
02-measurement-discipline,disciplined,cold,buf_kib=3840;ws_over_l2=0.188,37,0.009376
02-measurement-discipline,disciplined,cold,buf_kib=3840;ws_over_l2=0.188,38,0.009536
02-measurement-discipline,disciplined,cold,buf_kib=3840;ws_over_l2=0.188,39,0.009664
02-measurement-discipline,disciplined,cold,buf_kib=3840;ws_over_l2=0.188,40,0.009760
02-measurement-discipline,disciplined,cold,buf_kib=3840;ws_over_l2=0.188,41,0.009280
02-measurement-discipline,disciplined,cold,buf_kib=3840;ws_over_l2=0.188,42,0.009280
02-measurement-discipline,disciplined,cold,buf_kib=3840;ws_over_l2=0.188,43,0.009536
02-measurement-discipline,disciplined,cold,buf_kib=3840;ws_over_l2=0.188,44,0.009408
02-measurement-discipline,disciplined,cold,buf_kib=3840;ws_over_l2=0.188,45,0.009472
02-measurement-discipline,disciplined,cold,buf_kib=3840;ws_over_l2=0.188,46,0.009696
02-measurement-discipline,disciplined,cold,buf_kib=3840;ws_over_l2=0.188,47,0.009344
02-measurement-discipline,disciplined,cold,buf_kib=3840;ws_over_l2=0.188,48,0.009312
02-measurement-discipline,disciplined,cold,buf_kib=3840;ws_over_l2=0.188,49,0.009536
02-measurement-discipline,disciplined,hot,buf_kib=3840;ws_over_l2=0.188,0,0.003186
02-measurement-discipline,disciplined,hot,buf_kib=3840;ws_over_l2=0.188,1,0.003138
02-measurement-discipline,disciplined,hot,buf_kib=3840;ws_over_l2=0.188,2,0.003154
02-measurement-discipline,disciplined,hot,buf_kib=3840;ws_over_l2=0.188,3,0.003144
02-measurement-discipline,disciplined,hot,buf_kib=3840;ws_over_l2=0.188,4,0.003141
02-measurement-discipline,disciplined,hot,buf_kib=3840;ws_over_l2=0.188,5,0.003146
02-measurement-discipline,disciplined,hot,buf_kib=3840;ws_over_l2=0.188,6,0.003138
02-measurement-discipline,disciplined,hot,buf_kib=3840;ws_over_l2=0.188,7,0.003139
02-measurement-discipline,disciplined,hot,buf_kib=3840;ws_over_l2=0.188,8,0.003141
02-measurement-discipline,disciplined,hot,buf_kib=3840;ws_over_l2=0.188,9,0.003154
02-measurement-discipline,disciplined,hot,buf_kib=3840;ws_over_l2=0.188,10,0.003138
02-measurement-discipline,disciplined,hot,buf_kib=3840;ws_over_l2=0.188,11,0.003136
02-measurement-discipline,disciplined,hot,buf_kib=3840;ws_over_l2=0.188,12,0.003146
02-measurement-discipline,disciplined,hot,buf_kib=3840;ws_over_l2=0.188,13,0.003146
02-measurement-discipline,disciplined,hot,buf_kib=3840;ws_over_l2=0.188,14,0.003138
02-measurement-discipline,disciplined,hot,buf_kib=3840;ws_over_l2=0.188,15,0.003141
02-measurement-discipline,disciplined,hot,buf_kib=3840;ws_over_l2=0.188,16,0.003138
02-measurement-discipline,disciplined,hot,buf_kib=3840;ws_over_l2=0.188,17,0.003144
02-measurement-discipline,disciplined,hot,buf_kib=3840;ws_over_l2=0.188,18,0.003146
02-measurement-discipline,disciplined,hot,buf_kib=3840;ws_over_l2=0.188,19,0.003136
02-measurement-discipline,disciplined,hot,buf_kib=3840;ws_over_l2=0.188,20,0.003139
02-measurement-discipline,disciplined,hot,buf_kib=3840;ws_over_l2=0.188,21,0.003141
02-measurement-discipline,disciplined,hot,buf_kib=3840;ws_over_l2=0.188,22,0.003142
02-measurement-discipline,disciplined,hot,buf_kib=3840;ws_over_l2=0.188,23,0.003141
02-measurement-discipline,disciplined,hot,buf_kib=3840;ws_over_l2=0.188,24,0.003147
02-measurement-discipline,disciplined,hot,buf_kib=3840;ws_over_l2=0.188,25,0.003139
02-measurement-discipline,disciplined,hot,buf_kib=3840;ws_over_l2=0.188,26,0.003141
02-measurement-discipline,disciplined,hot,buf_kib=3840;ws_over_l2=0.188,27,0.003142
02-measurement-discipline,disciplined,hot,buf_kib=3840;ws_over_l2=0.188,28,0.003142
02-measurement-discipline,disciplined,hot,buf_kib=3840;ws_over_l2=0.188,29,0.003142
02-measurement-discipline,disciplined,hot,buf_kib=3840;ws_over_l2=0.188,30,0.003146
02-measurement-discipline,disciplined,hot,buf_kib=3840;ws_over_l2=0.188,31,0.003136
02-measurement-discipline,disciplined,hot,buf_kib=3840;ws_over_l2=0.188,32,0.003130
02-measurement-discipline,disciplined,hot,buf_kib=3840;ws_over_l2=0.188,33,0.003144
02-measurement-discipline,disciplined,hot,buf_kib=3840;ws_over_l2=0.188,34,0.003136
02-measurement-discipline,disciplined,hot,buf_kib=3840;ws_over_l2=0.188,35,0.003134
02-measurement-discipline,disciplined,hot,buf_kib=3840;ws_over_l2=0.188,36,0.003136
02-measurement-discipline,disciplined,hot,buf_kib=3840;ws_over_l2=0.188,37,0.003134
02-measurement-discipline,disciplined,hot,buf_kib=3840;ws_over_l2=0.188,38,0.003142
02-measurement-discipline,disciplined,hot,buf_kib=3840;ws_over_l2=0.188,39,0.003138
02-measurement-discipline,disciplined,hot,buf_kib=3840;ws_over_l2=0.188,40,0.003142
02-measurement-discipline,disciplined,hot,buf_kib=3840;ws_over_l2=0.188,41,0.003147
02-measurement-discipline,disciplined,hot,buf_kib=3840;ws_over_l2=0.188,42,0.003138
02-measurement-discipline,disciplined,hot,buf_kib=3840;ws_over_l2=0.188,43,0.003146
02-measurement-discipline,disciplined,hot,buf_kib=3840;ws_over_l2=0.188,44,0.003138
02-measurement-discipline,disciplined,hot,buf_kib=3840;ws_over_l2=0.188,45,0.003139
02-measurement-discipline,disciplined,hot,buf_kib=3840;ws_over_l2=0.188,46,0.003138
02-measurement-discipline,disciplined,hot,buf_kib=3840;ws_over_l2=0.188,47,0.003139
02-measurement-discipline,disciplined,hot,buf_kib=3840;ws_over_l2=0.188,48,0.003142
02-measurement-discipline,disciplined,hot,buf_kib=3840;ws_over_l2=0.188,49,0.003152
02-measurement-discipline,wallclock,cold,buf_kib=7680;ws_over_l2=0.375,0,0.021853
02-measurement-discipline,wallclock,cold,buf_kib=7680;ws_over_l2=0.375,1,0.011942
02-measurement-discipline,wallclock,cold,buf_kib=7680;ws_over_l2=0.375,2,0.011866
02-measurement-discipline,wallclock,cold,buf_kib=7680;ws_over_l2=0.375,3,0.011287
02-measurement-discipline,wallclock,cold,buf_kib=7680;ws_over_l2=0.375,4,0.011357
02-measurement-discipline,wallclock,cold,buf_kib=7680;ws_over_l2=0.375,5,0.012080
02-measurement-discipline,wallclock,cold,buf_kib=7680;ws_over_l2=0.375,6,0.011400
02-measurement-discipline,wallclock,cold,buf_kib=7680;ws_over_l2=0.375,7,0.011077
02-measurement-discipline,wallclock,cold,buf_kib=7680;ws_over_l2=0.375,8,0.011243
02-measurement-discipline,wallclock,cold,buf_kib=7680;ws_over_l2=0.375,9,0.011795
02-measurement-discipline,wallclock,cold,buf_kib=7680;ws_over_l2=0.375,10,0.011635
02-measurement-discipline,wallclock,cold,buf_kib=7680;ws_over_l2=0.375,11,0.011158
02-measurement-discipline,wallclock,cold,buf_kib=7680;ws_over_l2=0.375,12,0.012522
02-measurement-discipline,wallclock,cold,buf_kib=7680;ws_over_l2=0.375,13,0.011433
02-measurement-discipline,wallclock,cold,buf_kib=7680;ws_over_l2=0.375,14,0.011517
02-measurement-discipline,wallclock,cold,buf_kib=7680;ws_over_l2=0.375,15,0.011283
02-measurement-discipline,wallclock,cold,buf_kib=7680;ws_over_l2=0.375,16,0.011764
02-measurement-discipline,wallclock,cold,buf_kib=7680;ws_over_l2=0.375,17,0.011196
02-measurement-discipline,wallclock,cold,buf_kib=7680;ws_over_l2=0.375,18,0.011077
02-measurement-discipline,wallclock,cold,buf_kib=7680;ws_over_l2=0.375,19,0.011591
02-measurement-discipline,wallclock,cold,buf_kib=7680;ws_over_l2=0.375,20,0.011296
02-measurement-discipline,wallclock,cold,buf_kib=7680;ws_over_l2=0.375,21,0.011230
02-measurement-discipline,wallclock,cold,buf_kib=7680;ws_over_l2=0.375,22,0.011687
02-measurement-discipline,wallclock,cold,buf_kib=7680;ws_over_l2=0.375,23,0.011873
02-measurement-discipline,wallclock,cold,buf_kib=7680;ws_over_l2=0.375,24,0.011260
02-measurement-discipline,wallclock,cold,buf_kib=7680;ws_over_l2=0.375,25,0.011235
02-measurement-discipline,wallclock,cold,buf_kib=7680;ws_over_l2=0.375,26,0.011317
02-measurement-discipline,wallclock,cold,buf_kib=7680;ws_over_l2=0.375,27,0.011678
02-measurement-discipline,wallclock,cold,buf_kib=7680;ws_over_l2=0.375,28,0.011236
02-measurement-discipline,wallclock,cold,buf_kib=7680;ws_over_l2=0.375,29,0.011375
02-measurement-discipline,wallclock,cold,buf_kib=7680;ws_over_l2=0.375,30,0.011997
02-measurement-discipline,wallclock,cold,buf_kib=7680;ws_over_l2=0.375,31,0.011233
02-measurement-discipline,wallclock,cold,buf_kib=7680;ws_over_l2=0.375,32,0.011259
02-measurement-discipline,wallclock,cold,buf_kib=7680;ws_over_l2=0.375,33,0.011190
02-measurement-discipline,wallclock,cold,buf_kib=7680;ws_over_l2=0.375,34,0.011954
02-measurement-discipline,wallclock,cold,buf_kib=7680;ws_over_l2=0.375,35,0.011824
02-measurement-discipline,wallclock,cold,buf_kib=7680;ws_over_l2=0.375,36,0.011232
02-measurement-discipline,wallclock,cold,buf_kib=7680;ws_over_l2=0.375,37,0.012070
02-measurement-discipline,wallclock,cold,buf_kib=7680;ws_over_l2=0.375,38,0.011278
02-measurement-discipline,wallclock,cold,buf_kib=7680;ws_over_l2=0.375,39,0.011280
02-measurement-discipline,wallclock,cold,buf_kib=7680;ws_over_l2=0.375,40,0.011282
02-measurement-discipline,wallclock,cold,buf_kib=7680;ws_over_l2=0.375,41,0.012473
02-measurement-discipline,wallclock,cold,buf_kib=7680;ws_over_l2=0.375,42,0.011194
02-measurement-discipline,wallclock,cold,buf_kib=7680;ws_over_l2=0.375,43,0.011659
02-measurement-discipline,wallclock,cold,buf_kib=7680;ws_over_l2=0.375,44,0.011792
02-measurement-discipline,wallclock,cold,buf_kib=7680;ws_over_l2=0.375,45,0.011184
02-measurement-discipline,wallclock,cold,buf_kib=7680;ws_over_l2=0.375,46,0.011560
02-measurement-discipline,wallclock,cold,buf_kib=7680;ws_over_l2=0.375,47,0.011474
02-measurement-discipline,wallclock,cold,buf_kib=7680;ws_over_l2=0.375,48,0.011720
02-measurement-discipline,wallclock,cold,buf_kib=7680;ws_over_l2=0.375,49,0.011306
02-measurement-discipline,no-flush,cold,buf_kib=7680;ws_over_l2=0.375,0,0.008736
02-measurement-discipline,no-flush,cold,buf_kib=7680;ws_over_l2=0.375,1,0.008224
02-measurement-discipline,no-flush,cold,buf_kib=7680;ws_over_l2=0.375,2,0.008384
02-measurement-discipline,no-flush,cold,buf_kib=7680;ws_over_l2=0.375,3,0.008608
02-measurement-discipline,no-flush,cold,buf_kib=7680;ws_over_l2=0.375,4,0.008160
02-measurement-discipline,no-flush,cold,buf_kib=7680;ws_over_l2=0.375,5,0.008544
02-measurement-discipline,no-flush,cold,buf_kib=7680;ws_over_l2=0.375,6,0.008736
02-measurement-discipline,no-flush,cold,buf_kib=7680;ws_over_l2=0.375,7,0.008288
02-measurement-discipline,no-flush,cold,buf_kib=7680;ws_over_l2=0.375,8,0.008544
02-measurement-discipline,no-flush,cold,buf_kib=7680;ws_over_l2=0.375,9,0.008576
02-measurement-discipline,no-flush,cold,buf_kib=7680;ws_over_l2=0.375,10,0.008800
02-measurement-discipline,no-flush,cold,buf_kib=7680;ws_over_l2=0.375,11,0.008352
02-measurement-discipline,no-flush,cold,buf_kib=7680;ws_over_l2=0.375,12,0.008352
02-measurement-discipline,no-flush,cold,buf_kib=7680;ws_over_l2=0.375,13,0.008832
02-measurement-discipline,no-flush,cold,buf_kib=7680;ws_over_l2=0.375,14,0.008352
02-measurement-discipline,no-flush,cold,buf_kib=7680;ws_over_l2=0.375,15,0.008416
02-measurement-discipline,no-flush,cold,buf_kib=7680;ws_over_l2=0.375,16,0.008768
02-measurement-discipline,no-flush,cold,buf_kib=7680;ws_over_l2=0.375,17,0.008384
02-measurement-discipline,no-flush,cold,buf_kib=7680;ws_over_l2=0.375,18,0.008320
02-measurement-discipline,no-flush,cold,buf_kib=7680;ws_over_l2=0.375,19,0.008320
02-measurement-discipline,no-flush,cold,buf_kib=7680;ws_over_l2=0.375,20,0.008544
02-measurement-discipline,no-flush,cold,buf_kib=7680;ws_over_l2=0.375,21,0.008384
02-measurement-discipline,no-flush,cold,buf_kib=7680;ws_over_l2=0.375,22,0.008320
02-measurement-discipline,no-flush,cold,buf_kib=7680;ws_over_l2=0.375,23,0.008864
02-measurement-discipline,no-flush,cold,buf_kib=7680;ws_over_l2=0.375,24,0.008704
02-measurement-discipline,no-flush,cold,buf_kib=7680;ws_over_l2=0.375,25,0.008288
02-measurement-discipline,no-flush,cold,buf_kib=7680;ws_over_l2=0.375,26,0.008576
02-measurement-discipline,no-flush,cold,buf_kib=7680;ws_over_l2=0.375,27,0.008160
02-measurement-discipline,no-flush,cold,buf_kib=7680;ws_over_l2=0.375,28,0.008384
02-measurement-discipline,no-flush,cold,buf_kib=7680;ws_over_l2=0.375,29,0.008704
02-measurement-discipline,no-flush,cold,buf_kib=7680;ws_over_l2=0.375,30,0.008544
02-measurement-discipline,no-flush,cold,buf_kib=7680;ws_over_l2=0.375,31,0.008288
02-measurement-discipline,no-flush,cold,buf_kib=7680;ws_over_l2=0.375,32,0.008288
02-measurement-discipline,no-flush,cold,buf_kib=7680;ws_over_l2=0.375,33,0.008288
02-measurement-discipline,no-flush,cold,buf_kib=7680;ws_over_l2=0.375,34,0.008416
02-measurement-discipline,no-flush,cold,buf_kib=7680;ws_over_l2=0.375,35,0.008480
02-measurement-discipline,no-flush,cold,buf_kib=7680;ws_over_l2=0.375,36,0.008704
02-measurement-discipline,no-flush,cold,buf_kib=7680;ws_over_l2=0.375,37,0.008288
02-measurement-discipline,no-flush,cold,buf_kib=7680;ws_over_l2=0.375,38,0.008320
02-measurement-discipline,no-flush,cold,buf_kib=7680;ws_over_l2=0.375,39,0.008768
02-measurement-discipline,no-flush,cold,buf_kib=7680;ws_over_l2=0.375,40,0.008384
02-measurement-discipline,no-flush,cold,buf_kib=7680;ws_over_l2=0.375,41,0.008672
02-measurement-discipline,no-flush,cold,buf_kib=7680;ws_over_l2=0.375,42,0.009664
02-measurement-discipline,no-flush,cold,buf_kib=7680;ws_over_l2=0.375,43,0.008576
02-measurement-discipline,no-flush,cold,buf_kib=7680;ws_over_l2=0.375,44,0.008576
02-measurement-discipline,no-flush,cold,buf_kib=7680;ws_over_l2=0.375,45,0.008416
02-measurement-discipline,no-flush,cold,buf_kib=7680;ws_over_l2=0.375,46,0.008672
02-measurement-discipline,no-flush,cold,buf_kib=7680;ws_over_l2=0.375,47,0.008512
02-measurement-discipline,no-flush,cold,buf_kib=7680;ws_over_l2=0.375,48,0.008544
02-measurement-discipline,no-flush,cold,buf_kib=7680;ws_over_l2=0.375,49,0.008544
02-measurement-discipline,batched,cold,buf_kib=7680;ws_over_l2=0.375,0,0.004893
02-measurement-discipline,batched,cold,buf_kib=7680;ws_over_l2=0.375,1,0.004915
02-measurement-discipline,batched,cold,buf_kib=7680;ws_over_l2=0.375,2,0.004869
02-measurement-discipline,batched,cold,buf_kib=7680;ws_over_l2=0.375,3,0.004936
02-measurement-discipline,batched,cold,buf_kib=7680;ws_over_l2=0.375,4,0.004896
02-measurement-discipline,batched,cold,buf_kib=7680;ws_over_l2=0.375,5,0.004917
02-measurement-discipline,batched,cold,buf_kib=7680;ws_over_l2=0.375,6,0.004894
02-measurement-discipline,batched,cold,buf_kib=7680;ws_over_l2=0.375,7,0.004877
02-measurement-discipline,batched,cold,buf_kib=7680;ws_over_l2=0.375,8,0.004901
02-measurement-discipline,batched,cold,buf_kib=7680;ws_over_l2=0.375,9,0.004914
02-measurement-discipline,batched,cold,buf_kib=7680;ws_over_l2=0.375,10,0.004877
02-measurement-discipline,batched,cold,buf_kib=7680;ws_over_l2=0.375,11,0.004890
02-measurement-discipline,batched,cold,buf_kib=7680;ws_over_l2=0.375,12,0.004886
02-measurement-discipline,batched,cold,buf_kib=7680;ws_over_l2=0.375,13,0.004864
02-measurement-discipline,batched,cold,buf_kib=7680;ws_over_l2=0.375,14,0.004869
02-measurement-discipline,batched,cold,buf_kib=7680;ws_over_l2=0.375,15,0.004914
02-measurement-discipline,batched,cold,buf_kib=7680;ws_over_l2=0.375,16,0.004915
02-measurement-discipline,batched,cold,buf_kib=7680;ws_over_l2=0.375,17,0.004888
02-measurement-discipline,batched,cold,buf_kib=7680;ws_over_l2=0.375,18,0.004899
02-measurement-discipline,batched,cold,buf_kib=7680;ws_over_l2=0.375,19,0.004906
02-measurement-discipline,batched,cold,buf_kib=7680;ws_over_l2=0.375,20,0.004888
02-measurement-discipline,batched,cold,buf_kib=7680;ws_over_l2=0.375,21,0.004896
02-measurement-discipline,batched,cold,buf_kib=7680;ws_over_l2=0.375,22,0.004861
02-measurement-discipline,batched,cold,buf_kib=7680;ws_over_l2=0.375,23,0.004878
02-measurement-discipline,batched,cold,buf_kib=7680;ws_over_l2=0.375,24,0.004896
02-measurement-discipline,batched,cold,buf_kib=7680;ws_over_l2=0.375,25,0.004917
02-measurement-discipline,batched,cold,buf_kib=7680;ws_over_l2=0.375,26,0.004926
02-measurement-discipline,batched,cold,buf_kib=7680;ws_over_l2=0.375,27,0.004885
02-measurement-discipline,batched,cold,buf_kib=7680;ws_over_l2=0.375,28,0.004866
02-measurement-discipline,batched,cold,buf_kib=7680;ws_over_l2=0.375,29,0.004907
02-measurement-discipline,batched,cold,buf_kib=7680;ws_over_l2=0.375,30,0.004888
02-measurement-discipline,batched,cold,buf_kib=7680;ws_over_l2=0.375,31,0.004886
02-measurement-discipline,batched,cold,buf_kib=7680;ws_over_l2=0.375,32,0.004870
02-measurement-discipline,batched,cold,buf_kib=7680;ws_over_l2=0.375,33,0.004890
02-measurement-discipline,batched,cold,buf_kib=7680;ws_over_l2=0.375,34,0.004902
02-measurement-discipline,batched,cold,buf_kib=7680;ws_over_l2=0.375,35,0.004883
02-measurement-discipline,batched,cold,buf_kib=7680;ws_over_l2=0.375,36,0.004910
02-measurement-discipline,batched,cold,buf_kib=7680;ws_over_l2=0.375,37,0.004906
02-measurement-discipline,batched,cold,buf_kib=7680;ws_over_l2=0.375,38,0.004885
02-measurement-discipline,batched,cold,buf_kib=7680;ws_over_l2=0.375,39,0.004878
02-measurement-discipline,batched,cold,buf_kib=7680;ws_over_l2=0.375,40,0.004891
02-measurement-discipline,batched,cold,buf_kib=7680;ws_over_l2=0.375,41,0.004899
02-measurement-discipline,batched,cold,buf_kib=7680;ws_over_l2=0.375,42,0.004880
02-measurement-discipline,batched,cold,buf_kib=7680;ws_over_l2=0.375,43,0.004904
02-measurement-discipline,batched,cold,buf_kib=7680;ws_over_l2=0.375,44,0.004886
02-measurement-discipline,batched,cold,buf_kib=7680;ws_over_l2=0.375,45,0.004910
02-measurement-discipline,batched,cold,buf_kib=7680;ws_over_l2=0.375,46,0.004885
02-measurement-discipline,batched,cold,buf_kib=7680;ws_over_l2=0.375,47,0.004928
02-measurement-discipline,batched,cold,buf_kib=7680;ws_over_l2=0.375,48,0.004901
02-measurement-discipline,batched,cold,buf_kib=7680;ws_over_l2=0.375,49,0.004896
02-measurement-discipline,disciplined,cold,buf_kib=7680;ws_over_l2=0.375,0,0.012864
02-measurement-discipline,disciplined,cold,buf_kib=7680;ws_over_l2=0.375,1,0.012608
02-measurement-discipline,disciplined,cold,buf_kib=7680;ws_over_l2=0.375,2,0.012512
02-measurement-discipline,disciplined,cold,buf_kib=7680;ws_over_l2=0.375,3,0.012384
02-measurement-discipline,disciplined,cold,buf_kib=7680;ws_over_l2=0.375,4,0.012704
02-measurement-discipline,disciplined,cold,buf_kib=7680;ws_over_l2=0.375,5,0.012576
02-measurement-discipline,disciplined,cold,buf_kib=7680;ws_over_l2=0.375,6,0.012480
02-measurement-discipline,disciplined,cold,buf_kib=7680;ws_over_l2=0.375,7,0.012512
02-measurement-discipline,disciplined,cold,buf_kib=7680;ws_over_l2=0.375,8,0.012544
02-measurement-discipline,disciplined,cold,buf_kib=7680;ws_over_l2=0.375,9,0.012608
02-measurement-discipline,disciplined,cold,buf_kib=7680;ws_over_l2=0.375,10,0.012576
02-measurement-discipline,disciplined,cold,buf_kib=7680;ws_over_l2=0.375,11,0.012576
02-measurement-discipline,disciplined,cold,buf_kib=7680;ws_over_l2=0.375,12,0.012352
02-measurement-discipline,disciplined,cold,buf_kib=7680;ws_over_l2=0.375,13,0.012512
02-measurement-discipline,disciplined,cold,buf_kib=7680;ws_over_l2=0.375,14,0.012416
02-measurement-discipline,disciplined,cold,buf_kib=7680;ws_over_l2=0.375,15,0.012640
02-measurement-discipline,disciplined,cold,buf_kib=7680;ws_over_l2=0.375,16,0.012704
02-measurement-discipline,disciplined,cold,buf_kib=7680;ws_over_l2=0.375,17,0.012576
02-measurement-discipline,disciplined,cold,buf_kib=7680;ws_over_l2=0.375,18,0.012448
02-measurement-discipline,disciplined,cold,buf_kib=7680;ws_over_l2=0.375,19,0.012704
02-measurement-discipline,disciplined,cold,buf_kib=7680;ws_over_l2=0.375,20,0.012608
02-measurement-discipline,disciplined,cold,buf_kib=7680;ws_over_l2=0.375,21,0.012832
02-measurement-discipline,disciplined,cold,buf_kib=7680;ws_over_l2=0.375,22,0.012512
02-measurement-discipline,disciplined,cold,buf_kib=7680;ws_over_l2=0.375,23,0.012608
02-measurement-discipline,disciplined,cold,buf_kib=7680;ws_over_l2=0.375,24,0.012672
02-measurement-discipline,disciplined,cold,buf_kib=7680;ws_over_l2=0.375,25,0.012448
02-measurement-discipline,disciplined,cold,buf_kib=7680;ws_over_l2=0.375,26,0.012480
02-measurement-discipline,disciplined,cold,buf_kib=7680;ws_over_l2=0.375,27,0.012704
02-measurement-discipline,disciplined,cold,buf_kib=7680;ws_over_l2=0.375,28,0.012800
02-measurement-discipline,disciplined,cold,buf_kib=7680;ws_over_l2=0.375,29,0.012704
02-measurement-discipline,disciplined,cold,buf_kib=7680;ws_over_l2=0.375,30,0.012512
02-measurement-discipline,disciplined,cold,buf_kib=7680;ws_over_l2=0.375,31,0.012544
02-measurement-discipline,disciplined,cold,buf_kib=7680;ws_over_l2=0.375,32,0.012544
02-measurement-discipline,disciplined,cold,buf_kib=7680;ws_over_l2=0.375,33,0.012480
02-measurement-discipline,disciplined,cold,buf_kib=7680;ws_over_l2=0.375,34,0.012960
02-measurement-discipline,disciplined,cold,buf_kib=7680;ws_over_l2=0.375,35,0.012608
02-measurement-discipline,disciplined,cold,buf_kib=7680;ws_over_l2=0.375,36,0.013696
02-measurement-discipline,disciplined,cold,buf_kib=7680;ws_over_l2=0.375,37,0.012448
02-measurement-discipline,disciplined,cold,buf_kib=7680;ws_over_l2=0.375,38,0.012448
02-measurement-discipline,disciplined,cold,buf_kib=7680;ws_over_l2=0.375,39,0.012512
02-measurement-discipline,disciplined,cold,buf_kib=7680;ws_over_l2=0.375,40,0.012832
02-measurement-discipline,disciplined,cold,buf_kib=7680;ws_over_l2=0.375,41,0.012384
02-measurement-discipline,disciplined,cold,buf_kib=7680;ws_over_l2=0.375,42,0.012640
02-measurement-discipline,disciplined,cold,buf_kib=7680;ws_over_l2=0.375,43,0.013792
02-measurement-discipline,disciplined,cold,buf_kib=7680;ws_over_l2=0.375,44,0.012448
02-measurement-discipline,disciplined,cold,buf_kib=7680;ws_over_l2=0.375,45,0.012608
02-measurement-discipline,disciplined,cold,buf_kib=7680;ws_over_l2=0.375,46,0.012512
02-measurement-discipline,disciplined,cold,buf_kib=7680;ws_over_l2=0.375,47,0.012416
02-measurement-discipline,disciplined,cold,buf_kib=7680;ws_over_l2=0.375,48,0.012640
02-measurement-discipline,disciplined,cold,buf_kib=7680;ws_over_l2=0.375,49,0.012640
02-measurement-discipline,disciplined,hot,buf_kib=7680;ws_over_l2=0.375,0,0.003949
02-measurement-discipline,disciplined,hot,buf_kib=7680;ws_over_l2=0.375,1,0.003928
02-measurement-discipline,disciplined,hot,buf_kib=7680;ws_over_l2=0.375,2,0.003938
02-measurement-discipline,disciplined,hot,buf_kib=7680;ws_over_l2=0.375,3,0.003939
02-measurement-discipline,disciplined,hot,buf_kib=7680;ws_over_l2=0.375,4,0.003925
02-measurement-discipline,disciplined,hot,buf_kib=7680;ws_over_l2=0.375,5,0.003970
02-measurement-discipline,disciplined,hot,buf_kib=7680;ws_over_l2=0.375,6,0.003938
02-measurement-discipline,disciplined,hot,buf_kib=7680;ws_over_l2=0.375,7,0.003938
02-measurement-discipline,disciplined,hot,buf_kib=7680;ws_over_l2=0.375,8,0.003936
02-measurement-discipline,disciplined,hot,buf_kib=7680;ws_over_l2=0.375,9,0.003946
02-measurement-discipline,disciplined,hot,buf_kib=7680;ws_over_l2=0.375,10,0.003936
02-measurement-discipline,disciplined,hot,buf_kib=7680;ws_over_l2=0.375,11,0.003931
02-measurement-discipline,disciplined,hot,buf_kib=7680;ws_over_l2=0.375,12,0.003947
02-measurement-discipline,disciplined,hot,buf_kib=7680;ws_over_l2=0.375,13,0.003963
02-measurement-discipline,disciplined,hot,buf_kib=7680;ws_over_l2=0.375,14,0.003947
02-measurement-discipline,disciplined,hot,buf_kib=7680;ws_over_l2=0.375,15,0.003968
02-measurement-discipline,disciplined,hot,buf_kib=7680;ws_over_l2=0.375,16,0.003915
02-measurement-discipline,disciplined,hot,buf_kib=7680;ws_over_l2=0.375,17,0.003928
02-measurement-discipline,disciplined,hot,buf_kib=7680;ws_over_l2=0.375,18,0.003939
02-measurement-discipline,disciplined,hot,buf_kib=7680;ws_over_l2=0.375,19,0.003925
02-measurement-discipline,disciplined,hot,buf_kib=7680;ws_over_l2=0.375,20,0.003918
02-measurement-discipline,disciplined,hot,buf_kib=7680;ws_over_l2=0.375,21,0.003933
02-measurement-discipline,disciplined,hot,buf_kib=7680;ws_over_l2=0.375,22,0.003936
02-measurement-discipline,disciplined,hot,buf_kib=7680;ws_over_l2=0.375,23,0.003933
02-measurement-discipline,disciplined,hot,buf_kib=7680;ws_over_l2=0.375,24,0.003912
02-measurement-discipline,disciplined,hot,buf_kib=7680;ws_over_l2=0.375,25,0.003941
02-measurement-discipline,disciplined,hot,buf_kib=7680;ws_over_l2=0.375,26,0.003936
02-measurement-discipline,disciplined,hot,buf_kib=7680;ws_over_l2=0.375,27,0.003938
02-measurement-discipline,disciplined,hot,buf_kib=7680;ws_over_l2=0.375,28,0.003915
02-measurement-discipline,disciplined,hot,buf_kib=7680;ws_over_l2=0.375,29,0.003936
02-measurement-discipline,disciplined,hot,buf_kib=7680;ws_over_l2=0.375,30,0.003939
02-measurement-discipline,disciplined,hot,buf_kib=7680;ws_over_l2=0.375,31,0.003930
02-measurement-discipline,disciplined,hot,buf_kib=7680;ws_over_l2=0.375,32,0.003933
02-measurement-discipline,disciplined,hot,buf_kib=7680;ws_over_l2=0.375,33,0.003915
02-measurement-discipline,disciplined,hot,buf_kib=7680;ws_over_l2=0.375,34,0.003941
02-measurement-discipline,disciplined,hot,buf_kib=7680;ws_over_l2=0.375,35,0.003946
02-measurement-discipline,disciplined,hot,buf_kib=7680;ws_over_l2=0.375,36,0.003931
02-measurement-discipline,disciplined,hot,buf_kib=7680;ws_over_l2=0.375,37,0.003936
02-measurement-discipline,disciplined,hot,buf_kib=7680;ws_over_l2=0.375,38,0.003933
02-measurement-discipline,disciplined,hot,buf_kib=7680;ws_over_l2=0.375,39,0.003934
02-measurement-discipline,disciplined,hot,buf_kib=7680;ws_over_l2=0.375,40,0.003968
02-measurement-discipline,disciplined,hot,buf_kib=7680;ws_over_l2=0.375,41,0.003936
02-measurement-discipline,disciplined,hot,buf_kib=7680;ws_over_l2=0.375,42,0.003926
02-measurement-discipline,disciplined,hot,buf_kib=7680;ws_over_l2=0.375,43,0.003941
02-measurement-discipline,disciplined,hot,buf_kib=7680;ws_over_l2=0.375,44,0.003939
02-measurement-discipline,disciplined,hot,buf_kib=7680;ws_over_l2=0.375,45,0.003936
02-measurement-discipline,disciplined,hot,buf_kib=7680;ws_over_l2=0.375,46,0.003941
02-measurement-discipline,disciplined,hot,buf_kib=7680;ws_over_l2=0.375,47,0.003944
02-measurement-discipline,disciplined,hot,buf_kib=7680;ws_over_l2=0.375,48,0.003934
02-measurement-discipline,disciplined,hot,buf_kib=7680;ws_over_l2=0.375,49,0.003949
02-measurement-discipline,wallclock,cold,buf_kib=15360;ws_over_l2=0.750,0,0.028281
02-measurement-discipline,wallclock,cold,buf_kib=15360;ws_over_l2=0.750,1,0.018143
02-measurement-discipline,wallclock,cold,buf_kib=15360;ws_over_l2=0.750,2,0.017928
02-measurement-discipline,wallclock,cold,buf_kib=15360;ws_over_l2=0.750,3,0.018126
02-measurement-discipline,wallclock,cold,buf_kib=15360;ws_over_l2=0.750,4,0.018177
02-measurement-discipline,wallclock,cold,buf_kib=15360;ws_over_l2=0.750,5,0.017718
02-measurement-discipline,wallclock,cold,buf_kib=15360;ws_over_l2=0.750,6,0.017955
02-measurement-discipline,wallclock,cold,buf_kib=15360;ws_over_l2=0.750,7,0.018329
02-measurement-discipline,wallclock,cold,buf_kib=15360;ws_over_l2=0.750,8,0.017950
02-measurement-discipline,wallclock,cold,buf_kib=15360;ws_over_l2=0.750,9,0.018046
02-measurement-discipline,wallclock,cold,buf_kib=15360;ws_over_l2=0.750,10,0.018257
02-measurement-discipline,wallclock,cold,buf_kib=15360;ws_over_l2=0.750,11,0.017853
02-measurement-discipline,wallclock,cold,buf_kib=15360;ws_over_l2=0.750,12,0.018227
02-measurement-discipline,wallclock,cold,buf_kib=15360;ws_over_l2=0.750,13,0.017960
02-measurement-discipline,wallclock,cold,buf_kib=15360;ws_over_l2=0.750,14,0.017713
02-measurement-discipline,wallclock,cold,buf_kib=15360;ws_over_l2=0.750,15,0.017528
02-measurement-discipline,wallclock,cold,buf_kib=15360;ws_over_l2=0.750,16,0.017793
02-measurement-discipline,wallclock,cold,buf_kib=15360;ws_over_l2=0.750,17,0.018600
02-measurement-discipline,wallclock,cold,buf_kib=15360;ws_over_l2=0.750,18,0.017594
02-measurement-discipline,wallclock,cold,buf_kib=15360;ws_over_l2=0.750,19,0.017958
02-measurement-discipline,wallclock,cold,buf_kib=15360;ws_over_l2=0.750,20,0.017958
02-measurement-discipline,wallclock,cold,buf_kib=15360;ws_over_l2=0.750,21,0.018428
02-measurement-discipline,wallclock,cold,buf_kib=15360;ws_over_l2=0.750,22,0.017720
02-measurement-discipline,wallclock,cold,buf_kib=15360;ws_over_l2=0.750,23,0.018074
02-measurement-discipline,wallclock,cold,buf_kib=15360;ws_over_l2=0.750,24,0.017920
02-measurement-discipline,wallclock,cold,buf_kib=15360;ws_over_l2=0.750,25,0.018093
02-measurement-discipline,wallclock,cold,buf_kib=15360;ws_over_l2=0.750,26,0.018120
02-measurement-discipline,wallclock,cold,buf_kib=15360;ws_over_l2=0.750,27,0.018066
02-measurement-discipline,wallclock,cold,buf_kib=15360;ws_over_l2=0.750,28,0.018510
02-measurement-discipline,wallclock,cold,buf_kib=15360;ws_over_l2=0.750,29,0.017475
02-measurement-discipline,wallclock,cold,buf_kib=15360;ws_over_l2=0.750,30,0.017722
02-measurement-discipline,wallclock,cold,buf_kib=15360;ws_over_l2=0.750,31,0.018076
02-measurement-discipline,wallclock,cold,buf_kib=15360;ws_over_l2=0.750,32,0.019324
02-measurement-discipline,wallclock,cold,buf_kib=15360;ws_over_l2=0.750,33,0.018114
02-measurement-discipline,wallclock,cold,buf_kib=15360;ws_over_l2=0.750,34,0.017646
02-measurement-discipline,wallclock,cold,buf_kib=15360;ws_over_l2=0.750,35,0.017917
02-measurement-discipline,wallclock,cold,buf_kib=15360;ws_over_l2=0.750,36,0.018448
02-measurement-discipline,wallclock,cold,buf_kib=15360;ws_over_l2=0.750,37,0.018072
02-measurement-discipline,wallclock,cold,buf_kib=15360;ws_over_l2=0.750,38,0.017911
02-measurement-discipline,wallclock,cold,buf_kib=15360;ws_over_l2=0.750,39,0.018396
02-measurement-discipline,wallclock,cold,buf_kib=15360;ws_over_l2=0.750,40,0.018086
02-measurement-discipline,wallclock,cold,buf_kib=15360;ws_over_l2=0.750,41,0.018154
02-measurement-discipline,wallclock,cold,buf_kib=15360;ws_over_l2=0.750,42,0.018557
02-measurement-discipline,wallclock,cold,buf_kib=15360;ws_over_l2=0.750,43,0.018322
02-measurement-discipline,wallclock,cold,buf_kib=15360;ws_over_l2=0.750,44,0.017993
02-measurement-discipline,wallclock,cold,buf_kib=15360;ws_over_l2=0.750,45,0.018286
02-measurement-discipline,wallclock,cold,buf_kib=15360;ws_over_l2=0.750,46,0.017560
02-measurement-discipline,wallclock,cold,buf_kib=15360;ws_over_l2=0.750,47,0.018389
02-measurement-discipline,wallclock,cold,buf_kib=15360;ws_over_l2=0.750,48,0.018163
02-measurement-discipline,wallclock,cold,buf_kib=15360;ws_over_l2=0.750,49,0.018109
02-measurement-discipline,no-flush,cold,buf_kib=15360;ws_over_l2=0.750,0,0.015168
02-measurement-discipline,no-flush,cold,buf_kib=15360;ws_over_l2=0.750,1,0.014816
02-measurement-discipline,no-flush,cold,buf_kib=15360;ws_over_l2=0.750,2,0.014816
02-measurement-discipline,no-flush,cold,buf_kib=15360;ws_over_l2=0.750,3,0.014944
02-measurement-discipline,no-flush,cold,buf_kib=15360;ws_over_l2=0.750,4,0.015360
02-measurement-discipline,no-flush,cold,buf_kib=15360;ws_over_l2=0.750,5,0.015296
02-measurement-discipline,no-flush,cold,buf_kib=15360;ws_over_l2=0.750,6,0.014656
02-measurement-discipline,no-flush,cold,buf_kib=15360;ws_over_l2=0.750,7,0.014976
02-measurement-discipline,no-flush,cold,buf_kib=15360;ws_over_l2=0.750,8,0.015072
02-measurement-discipline,no-flush,cold,buf_kib=15360;ws_over_l2=0.750,9,0.015040
02-measurement-discipline,no-flush,cold,buf_kib=15360;ws_over_l2=0.750,10,0.015104
02-measurement-discipline,no-flush,cold,buf_kib=15360;ws_over_l2=0.750,11,0.014976
02-measurement-discipline,no-flush,cold,buf_kib=15360;ws_over_l2=0.750,12,0.014784
02-measurement-discipline,no-flush,cold,buf_kib=15360;ws_over_l2=0.750,13,0.014752
02-measurement-discipline,no-flush,cold,buf_kib=15360;ws_over_l2=0.750,14,0.014624
02-measurement-discipline,no-flush,cold,buf_kib=15360;ws_over_l2=0.750,15,0.015584
02-measurement-discipline,no-flush,cold,buf_kib=15360;ws_over_l2=0.750,16,0.015136
02-measurement-discipline,no-flush,cold,buf_kib=15360;ws_over_l2=0.750,17,0.014848
02-measurement-discipline,no-flush,cold,buf_kib=15360;ws_over_l2=0.750,18,0.014720
02-measurement-discipline,no-flush,cold,buf_kib=15360;ws_over_l2=0.750,19,0.015584
02-measurement-discipline,no-flush,cold,buf_kib=15360;ws_over_l2=0.750,20,0.014912
02-measurement-discipline,no-flush,cold,buf_kib=15360;ws_over_l2=0.750,21,0.014976
02-measurement-discipline,no-flush,cold,buf_kib=15360;ws_over_l2=0.750,22,0.014976
02-measurement-discipline,no-flush,cold,buf_kib=15360;ws_over_l2=0.750,23,0.014784
02-measurement-discipline,no-flush,cold,buf_kib=15360;ws_over_l2=0.750,24,0.015040
02-measurement-discipline,no-flush,cold,buf_kib=15360;ws_over_l2=0.750,25,0.014848
02-measurement-discipline,no-flush,cold,buf_kib=15360;ws_over_l2=0.750,26,0.015072
02-measurement-discipline,no-flush,cold,buf_kib=15360;ws_over_l2=0.750,27,0.014624
02-measurement-discipline,no-flush,cold,buf_kib=15360;ws_over_l2=0.750,28,0.015296
02-measurement-discipline,no-flush,cold,buf_kib=15360;ws_over_l2=0.750,29,0.015008
02-measurement-discipline,no-flush,cold,buf_kib=15360;ws_over_l2=0.750,30,0.016608
02-measurement-discipline,no-flush,cold,buf_kib=15360;ws_over_l2=0.750,31,0.014208
02-measurement-discipline,no-flush,cold,buf_kib=15360;ws_over_l2=0.750,32,0.014880
02-measurement-discipline,no-flush,cold,buf_kib=15360;ws_over_l2=0.750,33,0.015104
02-measurement-discipline,no-flush,cold,buf_kib=15360;ws_over_l2=0.750,34,0.016736
02-measurement-discipline,no-flush,cold,buf_kib=15360;ws_over_l2=0.750,35,0.014496
02-measurement-discipline,no-flush,cold,buf_kib=15360;ws_over_l2=0.750,36,0.014784
02-measurement-discipline,no-flush,cold,buf_kib=15360;ws_over_l2=0.750,37,0.014816
02-measurement-discipline,no-flush,cold,buf_kib=15360;ws_over_l2=0.750,38,0.016416
02-measurement-discipline,no-flush,cold,buf_kib=15360;ws_over_l2=0.750,39,0.014528
02-measurement-discipline,no-flush,cold,buf_kib=15360;ws_over_l2=0.750,40,0.015232
02-measurement-discipline,no-flush,cold,buf_kib=15360;ws_over_l2=0.750,41,0.015200
02-measurement-discipline,no-flush,cold,buf_kib=15360;ws_over_l2=0.750,42,0.015264
02-measurement-discipline,no-flush,cold,buf_kib=15360;ws_over_l2=0.750,43,0.014528
02-measurement-discipline,no-flush,cold,buf_kib=15360;ws_over_l2=0.750,44,0.015360
02-measurement-discipline,no-flush,cold,buf_kib=15360;ws_over_l2=0.750,45,0.014624
02-measurement-discipline,no-flush,cold,buf_kib=15360;ws_over_l2=0.750,46,0.014368
02-measurement-discipline,no-flush,cold,buf_kib=15360;ws_over_l2=0.750,47,0.014752
02-measurement-discipline,no-flush,cold,buf_kib=15360;ws_over_l2=0.750,48,0.015968
02-measurement-discipline,no-flush,cold,buf_kib=15360;ws_over_l2=0.750,49,0.015040
02-measurement-discipline,batched,cold,buf_kib=15360;ws_over_l2=0.750,0,0.012125
02-measurement-discipline,batched,cold,buf_kib=15360;ws_over_l2=0.750,1,0.012110
02-measurement-discipline,batched,cold,buf_kib=15360;ws_over_l2=0.750,2,0.012002
02-measurement-discipline,batched,cold,buf_kib=15360;ws_over_l2=0.750,3,0.012043
02-measurement-discipline,batched,cold,buf_kib=15360;ws_over_l2=0.750,4,0.012019
02-measurement-discipline,batched,cold,buf_kib=15360;ws_over_l2=0.750,5,0.012144
02-measurement-discipline,batched,cold,buf_kib=15360;ws_over_l2=0.750,6,0.012066
02-measurement-discipline,batched,cold,buf_kib=15360;ws_over_l2=0.750,7,0.012125
02-measurement-discipline,batched,cold,buf_kib=15360;ws_over_l2=0.750,8,0.011933
02-measurement-discipline,batched,cold,buf_kib=15360;ws_over_l2=0.750,9,0.012058
02-measurement-discipline,batched,cold,buf_kib=15360;ws_over_l2=0.750,10,0.012059
02-measurement-discipline,batched,cold,buf_kib=15360;ws_over_l2=0.750,11,0.011997
02-measurement-discipline,batched,cold,buf_kib=15360;ws_over_l2=0.750,12,0.012011
02-measurement-discipline,batched,cold,buf_kib=15360;ws_over_l2=0.750,13,0.012070
02-measurement-discipline,batched,cold,buf_kib=15360;ws_over_l2=0.750,14,0.011994
02-measurement-discipline,batched,cold,buf_kib=15360;ws_over_l2=0.750,15,0.012157
02-measurement-discipline,batched,cold,buf_kib=15360;ws_over_l2=0.750,16,0.011978
02-measurement-discipline,batched,cold,buf_kib=15360;ws_over_l2=0.750,17,0.012146
02-measurement-discipline,batched,cold,buf_kib=15360;ws_over_l2=0.750,18,0.011933
02-measurement-discipline,batched,cold,buf_kib=15360;ws_over_l2=0.750,19,0.012131
02-measurement-discipline,batched,cold,buf_kib=15360;ws_over_l2=0.750,20,0.012083
02-measurement-discipline,batched,cold,buf_kib=15360;ws_over_l2=0.750,21,0.012146
02-measurement-discipline,batched,cold,buf_kib=15360;ws_over_l2=0.750,22,0.012096
02-measurement-discipline,batched,cold,buf_kib=15360;ws_over_l2=0.750,23,0.012022
02-measurement-discipline,batched,cold,buf_kib=15360;ws_over_l2=0.750,24,0.012027
02-measurement-discipline,batched,cold,buf_kib=15360;ws_over_l2=0.750,25,0.012074
02-measurement-discipline,batched,cold,buf_kib=15360;ws_over_l2=0.750,26,0.011962
02-measurement-discipline,batched,cold,buf_kib=15360;ws_over_l2=0.750,27,0.012138
02-measurement-discipline,batched,cold,buf_kib=15360;ws_over_l2=0.750,28,0.012042
02-measurement-discipline,batched,cold,buf_kib=15360;ws_over_l2=0.750,29,0.012046
02-measurement-discipline,batched,cold,buf_kib=15360;ws_over_l2=0.750,30,0.012083
02-measurement-discipline,batched,cold,buf_kib=15360;ws_over_l2=0.750,31,0.012032
02-measurement-discipline,batched,cold,buf_kib=15360;ws_over_l2=0.750,32,0.012035
02-measurement-discipline,batched,cold,buf_kib=15360;ws_over_l2=0.750,33,0.012051
02-measurement-discipline,batched,cold,buf_kib=15360;ws_over_l2=0.750,34,0.012150
02-measurement-discipline,batched,cold,buf_kib=15360;ws_over_l2=0.750,35,0.012010
02-measurement-discipline,batched,cold,buf_kib=15360;ws_over_l2=0.750,36,0.012026
02-measurement-discipline,batched,cold,buf_kib=15360;ws_over_l2=0.750,37,0.012062
02-measurement-discipline,batched,cold,buf_kib=15360;ws_over_l2=0.750,38,0.012021
02-measurement-discipline,batched,cold,buf_kib=15360;ws_over_l2=0.750,39,0.012197
02-measurement-discipline,batched,cold,buf_kib=15360;ws_over_l2=0.750,40,0.012045
02-measurement-discipline,batched,cold,buf_kib=15360;ws_over_l2=0.750,41,0.012048
02-measurement-discipline,batched,cold,buf_kib=15360;ws_over_l2=0.750,42,0.012086
02-measurement-discipline,batched,cold,buf_kib=15360;ws_over_l2=0.750,43,0.012088
02-measurement-discipline,batched,cold,buf_kib=15360;ws_over_l2=0.750,44,0.012038
02-measurement-discipline,batched,cold,buf_kib=15360;ws_over_l2=0.750,45,0.012066
02-measurement-discipline,batched,cold,buf_kib=15360;ws_over_l2=0.750,46,0.012010
02-measurement-discipline,batched,cold,buf_kib=15360;ws_over_l2=0.750,47,0.011979
02-measurement-discipline,batched,cold,buf_kib=15360;ws_over_l2=0.750,48,0.011917
02-measurement-discipline,batched,cold,buf_kib=15360;ws_over_l2=0.750,49,0.012069
02-measurement-discipline,disciplined,cold,buf_kib=15360;ws_over_l2=0.750,0,0.018432
02-measurement-discipline,disciplined,cold,buf_kib=15360;ws_over_l2=0.750,1,0.018656
02-measurement-discipline,disciplined,cold,buf_kib=15360;ws_over_l2=0.750,2,0.019840
02-measurement-discipline,disciplined,cold,buf_kib=15360;ws_over_l2=0.750,3,0.018880
02-measurement-discipline,disciplined,cold,buf_kib=15360;ws_over_l2=0.750,4,0.019104
02-measurement-discipline,disciplined,cold,buf_kib=15360;ws_over_l2=0.750,5,0.018624
02-measurement-discipline,disciplined,cold,buf_kib=15360;ws_over_l2=0.750,6,0.018496
02-measurement-discipline,disciplined,cold,buf_kib=15360;ws_over_l2=0.750,7,0.018880
02-measurement-discipline,disciplined,cold,buf_kib=15360;ws_over_l2=0.750,8,0.018656
02-measurement-discipline,disciplined,cold,buf_kib=15360;ws_over_l2=0.750,9,0.018848
02-measurement-discipline,disciplined,cold,buf_kib=15360;ws_over_l2=0.750,10,0.019232
02-measurement-discipline,disciplined,cold,buf_kib=15360;ws_over_l2=0.750,11,0.018688
02-measurement-discipline,disciplined,cold,buf_kib=15360;ws_over_l2=0.750,12,0.018528
02-measurement-discipline,disciplined,cold,buf_kib=15360;ws_over_l2=0.750,13,0.019968
02-measurement-discipline,disciplined,cold,buf_kib=15360;ws_over_l2=0.750,14,0.018432
02-measurement-discipline,disciplined,cold,buf_kib=15360;ws_over_l2=0.750,15,0.018656
02-measurement-discipline,disciplined,cold,buf_kib=15360;ws_over_l2=0.750,16,0.018496
02-measurement-discipline,disciplined,cold,buf_kib=15360;ws_over_l2=0.750,17,0.018432
02-measurement-discipline,disciplined,cold,buf_kib=15360;ws_over_l2=0.750,18,0.018560
02-measurement-discipline,disciplined,cold,buf_kib=15360;ws_over_l2=0.750,19,0.018784
02-measurement-discipline,disciplined,cold,buf_kib=15360;ws_over_l2=0.750,20,0.018560
02-measurement-discipline,disciplined,cold,buf_kib=15360;ws_over_l2=0.750,21,0.019808
02-measurement-discipline,disciplined,cold,buf_kib=15360;ws_over_l2=0.750,22,0.018624
02-measurement-discipline,disciplined,cold,buf_kib=15360;ws_over_l2=0.750,23,0.018784
02-measurement-discipline,disciplined,cold,buf_kib=15360;ws_over_l2=0.750,24,0.020000
02-measurement-discipline,disciplined,cold,buf_kib=15360;ws_over_l2=0.750,25,0.018560
02-measurement-discipline,disciplined,cold,buf_kib=15360;ws_over_l2=0.750,26,0.018624
02-measurement-discipline,disciplined,cold,buf_kib=15360;ws_over_l2=0.750,27,0.018816
02-measurement-discipline,disciplined,cold,buf_kib=15360;ws_over_l2=0.750,28,0.018592
02-measurement-discipline,disciplined,cold,buf_kib=15360;ws_over_l2=0.750,29,0.018848
02-measurement-discipline,disciplined,cold,buf_kib=15360;ws_over_l2=0.750,30,0.018784
02-measurement-discipline,disciplined,cold,buf_kib=15360;ws_over_l2=0.750,31,0.018816
02-measurement-discipline,disciplined,cold,buf_kib=15360;ws_over_l2=0.750,32,0.019680
02-measurement-discipline,disciplined,cold,buf_kib=15360;ws_over_l2=0.750,33,0.018624
02-measurement-discipline,disciplined,cold,buf_kib=15360;ws_over_l2=0.750,34,0.018688
02-measurement-discipline,disciplined,cold,buf_kib=15360;ws_over_l2=0.750,35,0.018656
02-measurement-discipline,disciplined,cold,buf_kib=15360;ws_over_l2=0.750,36,0.018912
02-measurement-discipline,disciplined,cold,buf_kib=15360;ws_over_l2=0.750,37,0.018880
02-measurement-discipline,disciplined,cold,buf_kib=15360;ws_over_l2=0.750,38,0.018688
02-measurement-discipline,disciplined,cold,buf_kib=15360;ws_over_l2=0.750,39,0.018784
02-measurement-discipline,disciplined,cold,buf_kib=15360;ws_over_l2=0.750,40,0.018912
02-measurement-discipline,disciplined,cold,buf_kib=15360;ws_over_l2=0.750,41,0.018560
02-measurement-discipline,disciplined,cold,buf_kib=15360;ws_over_l2=0.750,42,0.018560
02-measurement-discipline,disciplined,cold,buf_kib=15360;ws_over_l2=0.750,43,0.020064
02-measurement-discipline,disciplined,cold,buf_kib=15360;ws_over_l2=0.750,44,0.018592
02-measurement-discipline,disciplined,cold,buf_kib=15360;ws_over_l2=0.750,45,0.018432
02-measurement-discipline,disciplined,cold,buf_kib=15360;ws_over_l2=0.750,46,0.018624
02-measurement-discipline,disciplined,cold,buf_kib=15360;ws_over_l2=0.750,47,0.018592
02-measurement-discipline,disciplined,cold,buf_kib=15360;ws_over_l2=0.750,48,0.018496
02-measurement-discipline,disciplined,cold,buf_kib=15360;ws_over_l2=0.750,49,0.018720
02-measurement-discipline,disciplined,hot,buf_kib=15360;ws_over_l2=0.750,0,0.010552
02-measurement-discipline,disciplined,hot,buf_kib=15360;ws_over_l2=0.750,1,0.010477
02-measurement-discipline,disciplined,hot,buf_kib=15360;ws_over_l2=0.750,2,0.010467
02-measurement-discipline,disciplined,hot,buf_kib=15360;ws_over_l2=0.750,3,0.010494
02-measurement-discipline,disciplined,hot,buf_kib=15360;ws_over_l2=0.750,4,0.010446
02-measurement-discipline,disciplined,hot,buf_kib=15360;ws_over_l2=0.750,5,0.010536
02-measurement-discipline,disciplined,hot,buf_kib=15360;ws_over_l2=0.750,6,0.010509
02-measurement-discipline,disciplined,hot,buf_kib=15360;ws_over_l2=0.750,7,0.010438
02-measurement-discipline,disciplined,hot,buf_kib=15360;ws_over_l2=0.750,8,0.010574
02-measurement-discipline,disciplined,hot,buf_kib=15360;ws_over_l2=0.750,9,0.010528
02-measurement-discipline,disciplined,hot,buf_kib=15360;ws_over_l2=0.750,10,0.010539
02-measurement-discipline,disciplined,hot,buf_kib=15360;ws_over_l2=0.750,11,0.010448
02-measurement-discipline,disciplined,hot,buf_kib=15360;ws_over_l2=0.750,12,0.010544
02-measurement-discipline,disciplined,hot,buf_kib=15360;ws_over_l2=0.750,13,0.010498
02-measurement-discipline,disciplined,hot,buf_kib=15360;ws_over_l2=0.750,14,0.010512
02-measurement-discipline,disciplined,hot,buf_kib=15360;ws_over_l2=0.750,15,0.010446
02-measurement-discipline,disciplined,hot,buf_kib=15360;ws_over_l2=0.750,16,0.010498
02-measurement-discipline,disciplined,hot,buf_kib=15360;ws_over_l2=0.750,17,0.010506
02-measurement-discipline,disciplined,hot,buf_kib=15360;ws_over_l2=0.750,18,0.010590
02-measurement-discipline,disciplined,hot,buf_kib=15360;ws_over_l2=0.750,19,0.010634
02-measurement-discipline,disciplined,hot,buf_kib=15360;ws_over_l2=0.750,20,0.010458
02-measurement-discipline,disciplined,hot,buf_kib=15360;ws_over_l2=0.750,21,0.010621
02-measurement-discipline,disciplined,hot,buf_kib=15360;ws_over_l2=0.750,22,0.010539
02-measurement-discipline,disciplined,hot,buf_kib=15360;ws_over_l2=0.750,23,0.010504
02-measurement-discipline,disciplined,hot,buf_kib=15360;ws_over_l2=0.750,24,0.010680
02-measurement-discipline,disciplined,hot,buf_kib=15360;ws_over_l2=0.750,25,0.010493
02-measurement-discipline,disciplined,hot,buf_kib=15360;ws_over_l2=0.750,26,0.010571
02-measurement-discipline,disciplined,hot,buf_kib=15360;ws_over_l2=0.750,27,0.010552
02-measurement-discipline,disciplined,hot,buf_kib=15360;ws_over_l2=0.750,28,0.010475
02-measurement-discipline,disciplined,hot,buf_kib=15360;ws_over_l2=0.750,29,0.010496
02-measurement-discipline,disciplined,hot,buf_kib=15360;ws_over_l2=0.750,30,0.010517
02-measurement-discipline,disciplined,hot,buf_kib=15360;ws_over_l2=0.750,31,0.010542
02-measurement-discipline,disciplined,hot,buf_kib=15360;ws_over_l2=0.750,32,0.010565
02-measurement-discipline,disciplined,hot,buf_kib=15360;ws_over_l2=0.750,33,0.010563
02-measurement-discipline,disciplined,hot,buf_kib=15360;ws_over_l2=0.750,34,0.010653
02-measurement-discipline,disciplined,hot,buf_kib=15360;ws_over_l2=0.750,35,0.010498
02-measurement-discipline,disciplined,hot,buf_kib=15360;ws_over_l2=0.750,36,0.010640
02-measurement-discipline,disciplined,hot,buf_kib=15360;ws_over_l2=0.750,37,0.010493
02-measurement-discipline,disciplined,hot,buf_kib=15360;ws_over_l2=0.750,38,0.010536
02-measurement-discipline,disciplined,hot,buf_kib=15360;ws_over_l2=0.750,39,0.010494
02-measurement-discipline,disciplined,hot,buf_kib=15360;ws_over_l2=0.750,40,0.010592
02-measurement-discipline,disciplined,hot,buf_kib=15360;ws_over_l2=0.750,41,0.010581
02-measurement-discipline,disciplined,hot,buf_kib=15360;ws_over_l2=0.750,42,0.010538
02-measurement-discipline,disciplined,hot,buf_kib=15360;ws_over_l2=0.750,43,0.010526
02-measurement-discipline,disciplined,hot,buf_kib=15360;ws_over_l2=0.750,44,0.010541
02-measurement-discipline,disciplined,hot,buf_kib=15360;ws_over_l2=0.750,45,0.010550
02-measurement-discipline,disciplined,hot,buf_kib=15360;ws_over_l2=0.750,46,0.010458
02-measurement-discipline,disciplined,hot,buf_kib=15360;ws_over_l2=0.750,47,0.010510
02-measurement-discipline,disciplined,hot,buf_kib=15360;ws_over_l2=0.750,48,0.010430
02-measurement-discipline,disciplined,hot,buf_kib=15360;ws_over_l2=0.750,49,0.010646
02-measurement-discipline,wallclock,cold,buf_kib=30720;ws_over_l2=1.500,0,0.041503
02-measurement-discipline,wallclock,cold,buf_kib=30720;ws_over_l2=1.500,1,0.032107
02-measurement-discipline,wallclock,cold,buf_kib=30720;ws_over_l2=1.500,2,0.032598
02-measurement-discipline,wallclock,cold,buf_kib=30720;ws_over_l2=1.500,3,0.031159
02-measurement-discipline,wallclock,cold,buf_kib=30720;ws_over_l2=1.500,4,0.030874
02-measurement-discipline,wallclock,cold,buf_kib=30720;ws_over_l2=1.500,5,0.031349
02-measurement-discipline,wallclock,cold,buf_kib=30720;ws_over_l2=1.500,6,0.031041
02-measurement-discipline,wallclock,cold,buf_kib=30720;ws_over_l2=1.500,7,0.031038
02-measurement-discipline,wallclock,cold,buf_kib=30720;ws_over_l2=1.500,8,0.030990
02-measurement-discipline,wallclock,cold,buf_kib=30720;ws_over_l2=1.500,9,0.032394
02-measurement-discipline,wallclock,cold,buf_kib=30720;ws_over_l2=1.500,10,0.031205
02-measurement-discipline,wallclock,cold,buf_kib=30720;ws_over_l2=1.500,11,0.030958
02-measurement-discipline,wallclock,cold,buf_kib=30720;ws_over_l2=1.500,12,0.032395
02-measurement-discipline,wallclock,cold,buf_kib=30720;ws_over_l2=1.500,13,0.031117
02-measurement-discipline,wallclock,cold,buf_kib=30720;ws_over_l2=1.500,14,0.031199
02-measurement-discipline,wallclock,cold,buf_kib=30720;ws_over_l2=1.500,15,0.032876
02-measurement-discipline,wallclock,cold,buf_kib=30720;ws_over_l2=1.500,16,0.031270
02-measurement-discipline,wallclock,cold,buf_kib=30720;ws_over_l2=1.500,17,0.031207
02-measurement-discipline,wallclock,cold,buf_kib=30720;ws_over_l2=1.500,18,0.032954
02-measurement-discipline,wallclock,cold,buf_kib=30720;ws_over_l2=1.500,19,0.031635
02-measurement-discipline,wallclock,cold,buf_kib=30720;ws_over_l2=1.500,20,0.031565
02-measurement-discipline,wallclock,cold,buf_kib=30720;ws_over_l2=1.500,21,0.032518
02-measurement-discipline,wallclock,cold,buf_kib=30720;ws_over_l2=1.500,22,0.031032
02-measurement-discipline,wallclock,cold,buf_kib=30720;ws_over_l2=1.500,23,0.030750
02-measurement-discipline,wallclock,cold,buf_kib=30720;ws_over_l2=1.500,24,0.030951
02-measurement-discipline,wallclock,cold,buf_kib=30720;ws_over_l2=1.500,25,0.031368
02-measurement-discipline,wallclock,cold,buf_kib=30720;ws_over_l2=1.500,26,0.031196
02-measurement-discipline,wallclock,cold,buf_kib=30720;ws_over_l2=1.500,27,0.031155
02-measurement-discipline,wallclock,cold,buf_kib=30720;ws_over_l2=1.500,28,0.032559
02-measurement-discipline,wallclock,cold,buf_kib=30720;ws_over_l2=1.500,29,0.031114
02-measurement-discipline,wallclock,cold,buf_kib=30720;ws_over_l2=1.500,30,0.031116
02-measurement-discipline,wallclock,cold,buf_kib=30720;ws_over_l2=1.500,31,0.032313
02-measurement-discipline,wallclock,cold,buf_kib=30720;ws_over_l2=1.500,32,0.030912
02-measurement-discipline,wallclock,cold,buf_kib=30720;ws_over_l2=1.500,33,0.030879
02-measurement-discipline,wallclock,cold,buf_kib=30720;ws_over_l2=1.500,34,0.032678
02-measurement-discipline,wallclock,cold,buf_kib=30720;ws_over_l2=1.500,35,0.030920
02-measurement-discipline,wallclock,cold,buf_kib=30720;ws_over_l2=1.500,36,0.030957
02-measurement-discipline,wallclock,cold,buf_kib=30720;ws_over_l2=1.500,37,0.032510
02-measurement-discipline,wallclock,cold,buf_kib=30720;ws_over_l2=1.500,38,0.031436
02-measurement-discipline,wallclock,cold,buf_kib=30720;ws_over_l2=1.500,39,0.031158
02-measurement-discipline,wallclock,cold,buf_kib=30720;ws_over_l2=1.500,40,0.030987
02-measurement-discipline,wallclock,cold,buf_kib=30720;ws_over_l2=1.500,41,0.030881
02-measurement-discipline,wallclock,cold,buf_kib=30720;ws_over_l2=1.500,42,0.030872
02-measurement-discipline,wallclock,cold,buf_kib=30720;ws_over_l2=1.500,43,0.031007
02-measurement-discipline,wallclock,cold,buf_kib=30720;ws_over_l2=1.500,44,0.031877
02-measurement-discipline,wallclock,cold,buf_kib=30720;ws_over_l2=1.500,45,0.031433
02-measurement-discipline,wallclock,cold,buf_kib=30720;ws_over_l2=1.500,46,0.031438
02-measurement-discipline,wallclock,cold,buf_kib=30720;ws_over_l2=1.500,47,0.032511
02-measurement-discipline,wallclock,cold,buf_kib=30720;ws_over_l2=1.500,48,0.030837
02-measurement-discipline,wallclock,cold,buf_kib=30720;ws_over_l2=1.500,49,0.031163
02-measurement-discipline,no-flush,cold,buf_kib=30720;ws_over_l2=1.500,0,0.029568
02-measurement-discipline,no-flush,cold,buf_kib=30720;ws_over_l2=1.500,1,0.029312
02-measurement-discipline,no-flush,cold,buf_kib=30720;ws_over_l2=1.500,2,0.027744
02-measurement-discipline,no-flush,cold,buf_kib=30720;ws_over_l2=1.500,3,0.030816
02-measurement-discipline,no-flush,cold,buf_kib=30720;ws_over_l2=1.500,4,0.027904
02-measurement-discipline,no-flush,cold,buf_kib=30720;ws_over_l2=1.500,5,0.029216
02-measurement-discipline,no-flush,cold,buf_kib=30720;ws_over_l2=1.500,6,0.028032
02-measurement-discipline,no-flush,cold,buf_kib=30720;ws_over_l2=1.500,7,0.027872
02-measurement-discipline,no-flush,cold,buf_kib=30720;ws_over_l2=1.500,8,0.029024
02-measurement-discipline,no-flush,cold,buf_kib=30720;ws_over_l2=1.500,9,0.027584
02-measurement-discipline,no-flush,cold,buf_kib=30720;ws_over_l2=1.500,10,0.027840
02-measurement-discipline,no-flush,cold,buf_kib=30720;ws_over_l2=1.500,11,0.027808
02-measurement-discipline,no-flush,cold,buf_kib=30720;ws_over_l2=1.500,12,0.027712
02-measurement-discipline,no-flush,cold,buf_kib=30720;ws_over_l2=1.500,13,0.029280
02-measurement-discipline,no-flush,cold,buf_kib=30720;ws_over_l2=1.500,14,0.027712
02-measurement-discipline,no-flush,cold,buf_kib=30720;ws_over_l2=1.500,15,0.027872
02-measurement-discipline,no-flush,cold,buf_kib=30720;ws_over_l2=1.500,16,0.029472
02-measurement-discipline,no-flush,cold,buf_kib=30720;ws_over_l2=1.500,17,0.027904
02-measurement-discipline,no-flush,cold,buf_kib=30720;ws_over_l2=1.500,18,0.027680
02-measurement-discipline,no-flush,cold,buf_kib=30720;ws_over_l2=1.500,19,0.027936
02-measurement-discipline,no-flush,cold,buf_kib=30720;ws_over_l2=1.500,20,0.027872
02-measurement-discipline,no-flush,cold,buf_kib=30720;ws_over_l2=1.500,21,0.029280
02-measurement-discipline,no-flush,cold,buf_kib=30720;ws_over_l2=1.500,22,0.027840
02-measurement-discipline,no-flush,cold,buf_kib=30720;ws_over_l2=1.500,23,0.027680
02-measurement-discipline,no-flush,cold,buf_kib=30720;ws_over_l2=1.500,24,0.029216
02-measurement-discipline,no-flush,cold,buf_kib=30720;ws_over_l2=1.500,25,0.029376
02-measurement-discipline,no-flush,cold,buf_kib=30720;ws_over_l2=1.500,26,0.027776
02-measurement-discipline,no-flush,cold,buf_kib=30720;ws_over_l2=1.500,27,0.027904
02-measurement-discipline,no-flush,cold,buf_kib=30720;ws_over_l2=1.500,28,0.027840
02-measurement-discipline,no-flush,cold,buf_kib=30720;ws_over_l2=1.500,29,0.029312
02-measurement-discipline,no-flush,cold,buf_kib=30720;ws_over_l2=1.500,30,0.027744
02-measurement-discipline,no-flush,cold,buf_kib=30720;ws_over_l2=1.500,31,0.027840
02-measurement-discipline,no-flush,cold,buf_kib=30720;ws_over_l2=1.500,32,0.027616
02-measurement-discipline,no-flush,cold,buf_kib=30720;ws_over_l2=1.500,33,0.029472
02-measurement-discipline,no-flush,cold,buf_kib=30720;ws_over_l2=1.500,34,0.029088
02-measurement-discipline,no-flush,cold,buf_kib=30720;ws_over_l2=1.500,35,0.027904
02-measurement-discipline,no-flush,cold,buf_kib=30720;ws_over_l2=1.500,36,0.027584
02-measurement-discipline,no-flush,cold,buf_kib=30720;ws_over_l2=1.500,37,0.029120
02-measurement-discipline,no-flush,cold,buf_kib=30720;ws_over_l2=1.500,38,0.027840
02-measurement-discipline,no-flush,cold,buf_kib=30720;ws_over_l2=1.500,39,0.027808
02-measurement-discipline,no-flush,cold,buf_kib=30720;ws_over_l2=1.500,40,0.027648
02-measurement-discipline,no-flush,cold,buf_kib=30720;ws_over_l2=1.500,41,0.028416
02-measurement-discipline,no-flush,cold,buf_kib=30720;ws_over_l2=1.500,42,0.029088
02-measurement-discipline,no-flush,cold,buf_kib=30720;ws_over_l2=1.500,43,0.027776
02-measurement-discipline,no-flush,cold,buf_kib=30720;ws_over_l2=1.500,44,0.028192
02-measurement-discipline,no-flush,cold,buf_kib=30720;ws_over_l2=1.500,45,0.029120
02-measurement-discipline,no-flush,cold,buf_kib=30720;ws_over_l2=1.500,46,0.027680
02-measurement-discipline,no-flush,cold,buf_kib=30720;ws_over_l2=1.500,47,0.027872
02-measurement-discipline,no-flush,cold,buf_kib=30720;ws_over_l2=1.500,48,0.027680
02-measurement-discipline,no-flush,cold,buf_kib=30720;ws_over_l2=1.500,49,0.027776
02-measurement-discipline,batched,cold,buf_kib=30720;ws_over_l2=1.500,0,0.025278
02-measurement-discipline,batched,cold,buf_kib=30720;ws_over_l2=1.500,1,0.025230
02-measurement-discipline,batched,cold,buf_kib=30720;ws_over_l2=1.500,2,0.025214
02-measurement-discipline,batched,cold,buf_kib=30720;ws_over_l2=1.500,3,0.025261
02-measurement-discipline,batched,cold,buf_kib=30720;ws_over_l2=1.500,4,0.025254
02-measurement-discipline,batched,cold,buf_kib=30720;ws_over_l2=1.500,5,0.025106
02-measurement-discipline,batched,cold,buf_kib=30720;ws_over_l2=1.500,6,0.025262
02-measurement-discipline,batched,cold,buf_kib=30720;ws_over_l2=1.500,7,0.025056
02-measurement-discipline,batched,cold,buf_kib=30720;ws_over_l2=1.500,8,0.025208
02-measurement-discipline,batched,cold,buf_kib=30720;ws_over_l2=1.500,9,0.025182
02-measurement-discipline,batched,cold,buf_kib=30720;ws_over_l2=1.500,10,0.025251
02-measurement-discipline,batched,cold,buf_kib=30720;ws_over_l2=1.500,11,0.025163
02-measurement-discipline,batched,cold,buf_kib=30720;ws_over_l2=1.500,12,0.025254
02-measurement-discipline,batched,cold,buf_kib=30720;ws_over_l2=1.500,13,0.025138
02-measurement-discipline,batched,cold,buf_kib=30720;ws_over_l2=1.500,14,0.025227
02-measurement-discipline,batched,cold,buf_kib=30720;ws_over_l2=1.500,15,0.025150
02-measurement-discipline,batched,cold,buf_kib=30720;ws_over_l2=1.500,16,0.025254
02-measurement-discipline,batched,cold,buf_kib=30720;ws_over_l2=1.500,17,0.025309
02-measurement-discipline,batched,cold,buf_kib=30720;ws_over_l2=1.500,18,0.025197
02-measurement-discipline,batched,cold,buf_kib=30720;ws_over_l2=1.500,19,0.025245
02-measurement-discipline,batched,cold,buf_kib=30720;ws_over_l2=1.500,20,0.025304
02-measurement-discipline,batched,cold,buf_kib=30720;ws_over_l2=1.500,21,0.025237
02-measurement-discipline,batched,cold,buf_kib=30720;ws_over_l2=1.500,22,0.025290
02-measurement-discipline,batched,cold,buf_kib=30720;ws_over_l2=1.500,23,0.025240
02-measurement-discipline,batched,cold,buf_kib=30720;ws_over_l2=1.500,24,0.025227
02-measurement-discipline,batched,cold,buf_kib=30720;ws_over_l2=1.500,25,0.025307
02-measurement-discipline,batched,cold,buf_kib=30720;ws_over_l2=1.500,26,0.025117
02-measurement-discipline,batched,cold,buf_kib=30720;ws_over_l2=1.500,27,0.025312
02-measurement-discipline,batched,cold,buf_kib=30720;ws_over_l2=1.500,28,0.025075
02-measurement-discipline,batched,cold,buf_kib=30720;ws_over_l2=1.500,29,0.025317
02-measurement-discipline,batched,cold,buf_kib=30720;ws_over_l2=1.500,30,0.025243
02-measurement-discipline,batched,cold,buf_kib=30720;ws_over_l2=1.500,31,0.025294
02-measurement-discipline,batched,cold,buf_kib=30720;ws_over_l2=1.500,32,0.025240
02-measurement-discipline,batched,cold,buf_kib=30720;ws_over_l2=1.500,33,0.025235
02-measurement-discipline,batched,cold,buf_kib=30720;ws_over_l2=1.500,34,0.025325
02-measurement-discipline,batched,cold,buf_kib=30720;ws_over_l2=1.500,35,0.025382
02-measurement-discipline,batched,cold,buf_kib=30720;ws_over_l2=1.500,36,0.025293
02-measurement-discipline,batched,cold,buf_kib=30720;ws_over_l2=1.500,37,0.025320
02-measurement-discipline,batched,cold,buf_kib=30720;ws_over_l2=1.500,38,0.025333
02-measurement-discipline,batched,cold,buf_kib=30720;ws_over_l2=1.500,39,0.025349
02-measurement-discipline,batched,cold,buf_kib=30720;ws_over_l2=1.500,40,0.025416
02-measurement-discipline,batched,cold,buf_kib=30720;ws_over_l2=1.500,41,0.025291
02-measurement-discipline,batched,cold,buf_kib=30720;ws_over_l2=1.500,42,0.025264
02-measurement-discipline,batched,cold,buf_kib=30720;ws_over_l2=1.500,43,0.025251
02-measurement-discipline,batched,cold,buf_kib=30720;ws_over_l2=1.500,44,0.025266
02-measurement-discipline,batched,cold,buf_kib=30720;ws_over_l2=1.500,45,0.025093
02-measurement-discipline,batched,cold,buf_kib=30720;ws_over_l2=1.500,46,0.025266
02-measurement-discipline,batched,cold,buf_kib=30720;ws_over_l2=1.500,47,0.025144
02-measurement-discipline,batched,cold,buf_kib=30720;ws_over_l2=1.500,48,0.025258
02-measurement-discipline,batched,cold,buf_kib=30720;ws_over_l2=1.500,49,0.025328
02-measurement-discipline,disciplined,cold,buf_kib=30720;ws_over_l2=1.500,0,0.030528
02-measurement-discipline,disciplined,cold,buf_kib=30720;ws_over_l2=1.500,1,0.030368
02-measurement-discipline,disciplined,cold,buf_kib=30720;ws_over_l2=1.500,2,0.031712
02-measurement-discipline,disciplined,cold,buf_kib=30720;ws_over_l2=1.500,3,0.030592
02-measurement-discipline,disciplined,cold,buf_kib=30720;ws_over_l2=1.500,4,0.030400
02-measurement-discipline,disciplined,cold,buf_kib=30720;ws_over_l2=1.500,5,0.030336
02-measurement-discipline,disciplined,cold,buf_kib=30720;ws_over_l2=1.500,6,0.031840
02-measurement-discipline,disciplined,cold,buf_kib=30720;ws_over_l2=1.500,7,0.030400
02-measurement-discipline,disciplined,cold,buf_kib=30720;ws_over_l2=1.500,8,0.030400
02-measurement-discipline,disciplined,cold,buf_kib=30720;ws_over_l2=1.500,9,0.030080
02-measurement-discipline,disciplined,cold,buf_kib=30720;ws_over_l2=1.500,10,0.031648
02-measurement-discipline,disciplined,cold,buf_kib=30720;ws_over_l2=1.500,11,0.030464
02-measurement-discipline,disciplined,cold,buf_kib=30720;ws_over_l2=1.500,12,0.030464
02-measurement-discipline,disciplined,cold,buf_kib=30720;ws_over_l2=1.500,13,0.030528
02-measurement-discipline,disciplined,cold,buf_kib=30720;ws_over_l2=1.500,14,0.031584
02-measurement-discipline,disciplined,cold,buf_kib=30720;ws_over_l2=1.500,15,0.030336
02-measurement-discipline,disciplined,cold,buf_kib=30720;ws_over_l2=1.500,16,0.030528
02-measurement-discipline,disciplined,cold,buf_kib=30720;ws_over_l2=1.500,17,0.030336
02-measurement-discipline,disciplined,cold,buf_kib=30720;ws_over_l2=1.500,18,0.031648
02-measurement-discipline,disciplined,cold,buf_kib=30720;ws_over_l2=1.500,19,0.030368
02-measurement-discipline,disciplined,cold,buf_kib=30720;ws_over_l2=1.500,20,0.030496
02-measurement-discipline,disciplined,cold,buf_kib=30720;ws_over_l2=1.500,21,0.030400
02-measurement-discipline,disciplined,cold,buf_kib=30720;ws_over_l2=1.500,22,0.031808
02-measurement-discipline,disciplined,cold,buf_kib=30720;ws_over_l2=1.500,23,0.030400
02-measurement-discipline,disciplined,cold,buf_kib=30720;ws_over_l2=1.500,24,0.030528
02-measurement-discipline,disciplined,cold,buf_kib=30720;ws_over_l2=1.500,25,0.030624
02-measurement-discipline,disciplined,cold,buf_kib=30720;ws_over_l2=1.500,26,0.031808
02-measurement-discipline,disciplined,cold,buf_kib=30720;ws_over_l2=1.500,27,0.030496
02-measurement-discipline,disciplined,cold,buf_kib=30720;ws_over_l2=1.500,28,0.030112
02-measurement-discipline,disciplined,cold,buf_kib=30720;ws_over_l2=1.500,29,0.030464
02-measurement-discipline,disciplined,cold,buf_kib=30720;ws_over_l2=1.500,30,0.031680
02-measurement-discipline,disciplined,cold,buf_kib=30720;ws_over_l2=1.500,31,0.030784
02-measurement-discipline,disciplined,cold,buf_kib=30720;ws_over_l2=1.500,32,0.030208
02-measurement-discipline,disciplined,cold,buf_kib=30720;ws_over_l2=1.500,33,0.030720
02-measurement-discipline,disciplined,cold,buf_kib=30720;ws_over_l2=1.500,34,0.031840
02-measurement-discipline,disciplined,cold,buf_kib=30720;ws_over_l2=1.500,35,0.030368
02-measurement-discipline,disciplined,cold,buf_kib=30720;ws_over_l2=1.500,36,0.030400
02-measurement-discipline,disciplined,cold,buf_kib=30720;ws_over_l2=1.500,37,0.030176
02-measurement-discipline,disciplined,cold,buf_kib=30720;ws_over_l2=1.500,38,0.031584
02-measurement-discipline,disciplined,cold,buf_kib=30720;ws_over_l2=1.500,39,0.030496
02-measurement-discipline,disciplined,cold,buf_kib=30720;ws_over_l2=1.500,40,0.030464
02-measurement-discipline,disciplined,cold,buf_kib=30720;ws_over_l2=1.500,41,0.030272
02-measurement-discipline,disciplined,cold,buf_kib=30720;ws_over_l2=1.500,42,0.031648
02-measurement-discipline,disciplined,cold,buf_kib=30720;ws_over_l2=1.500,43,0.030336
02-measurement-discipline,disciplined,cold,buf_kib=30720;ws_over_l2=1.500,44,0.030720
02-measurement-discipline,disciplined,cold,buf_kib=30720;ws_over_l2=1.500,45,0.030592
02-measurement-discipline,disciplined,cold,buf_kib=30720;ws_over_l2=1.500,46,0.031680
02-measurement-discipline,disciplined,cold,buf_kib=30720;ws_over_l2=1.500,47,0.030560
02-measurement-discipline,disciplined,cold,buf_kib=30720;ws_over_l2=1.500,48,0.030464
02-measurement-discipline,disciplined,cold,buf_kib=30720;ws_over_l2=1.500,49,0.030400
02-measurement-discipline,disciplined,hot,buf_kib=30720;ws_over_l2=1.500,0,0.023792
02-measurement-discipline,disciplined,hot,buf_kib=30720;ws_over_l2=1.500,1,0.023840
02-measurement-discipline,disciplined,hot,buf_kib=30720;ws_over_l2=1.500,2,0.023837
02-measurement-discipline,disciplined,hot,buf_kib=30720;ws_over_l2=1.500,3,0.023819
02-measurement-discipline,disciplined,hot,buf_kib=30720;ws_over_l2=1.500,4,0.023848
02-measurement-discipline,disciplined,hot,buf_kib=30720;ws_over_l2=1.500,5,0.023819
02-measurement-discipline,disciplined,hot,buf_kib=30720;ws_over_l2=1.500,6,0.023730
02-measurement-discipline,disciplined,hot,buf_kib=30720;ws_over_l2=1.500,7,0.023762
02-measurement-discipline,disciplined,hot,buf_kib=30720;ws_over_l2=1.500,8,0.023829
02-measurement-discipline,disciplined,hot,buf_kib=30720;ws_over_l2=1.500,9,0.023867
02-measurement-discipline,disciplined,hot,buf_kib=30720;ws_over_l2=1.500,10,0.023789
02-measurement-discipline,disciplined,hot,buf_kib=30720;ws_over_l2=1.500,11,0.023848
02-measurement-discipline,disciplined,hot,buf_kib=30720;ws_over_l2=1.500,12,0.023813
02-measurement-discipline,disciplined,hot,buf_kib=30720;ws_over_l2=1.500,13,0.023747
02-measurement-discipline,disciplined,hot,buf_kib=30720;ws_over_l2=1.500,14,0.023816
02-measurement-discipline,disciplined,hot,buf_kib=30720;ws_over_l2=1.500,15,0.023848
02-measurement-discipline,disciplined,hot,buf_kib=30720;ws_over_l2=1.500,16,0.023859
02-measurement-discipline,disciplined,hot,buf_kib=30720;ws_over_l2=1.500,17,0.023838
02-measurement-discipline,disciplined,hot,buf_kib=30720;ws_over_l2=1.500,18,0.023885
02-measurement-discipline,disciplined,hot,buf_kib=30720;ws_over_l2=1.500,19,0.023781
02-measurement-discipline,disciplined,hot,buf_kib=30720;ws_over_l2=1.500,20,0.023765
02-measurement-discipline,disciplined,hot,buf_kib=30720;ws_over_l2=1.500,21,0.023747
02-measurement-discipline,disciplined,hot,buf_kib=30720;ws_over_l2=1.500,22,0.023848
02-measurement-discipline,disciplined,hot,buf_kib=30720;ws_over_l2=1.500,23,0.023811
02-measurement-discipline,disciplined,hot,buf_kib=30720;ws_over_l2=1.500,24,0.023808
02-measurement-discipline,disciplined,hot,buf_kib=30720;ws_over_l2=1.500,25,0.023862
02-measurement-discipline,disciplined,hot,buf_kib=30720;ws_over_l2=1.500,26,0.023774
02-measurement-discipline,disciplined,hot,buf_kib=30720;ws_over_l2=1.500,27,0.023765
02-measurement-discipline,disciplined,hot,buf_kib=30720;ws_over_l2=1.500,28,0.023835
02-measurement-discipline,disciplined,hot,buf_kib=30720;ws_over_l2=1.500,29,0.023848
02-measurement-discipline,disciplined,hot,buf_kib=30720;ws_over_l2=1.500,30,0.023808
02-measurement-discipline,disciplined,hot,buf_kib=30720;ws_over_l2=1.500,31,0.023864
02-measurement-discipline,disciplined,hot,buf_kib=30720;ws_over_l2=1.500,32,0.023864
02-measurement-discipline,disciplined,hot,buf_kib=30720;ws_over_l2=1.500,33,0.023776
02-measurement-discipline,disciplined,hot,buf_kib=30720;ws_over_l2=1.500,34,0.023709
02-measurement-discipline,disciplined,hot,buf_kib=30720;ws_over_l2=1.500,35,0.023822
02-measurement-discipline,disciplined,hot,buf_kib=30720;ws_over_l2=1.500,36,0.023803
02-measurement-discipline,disciplined,hot,buf_kib=30720;ws_over_l2=1.500,37,0.023853
02-measurement-discipline,disciplined,hot,buf_kib=30720;ws_over_l2=1.500,38,0.023824
02-measurement-discipline,disciplined,hot,buf_kib=30720;ws_over_l2=1.500,39,0.023882
02-measurement-discipline,disciplined,hot,buf_kib=30720;ws_over_l2=1.500,40,0.023808
02-measurement-discipline,disciplined,hot,buf_kib=30720;ws_over_l2=1.500,41,0.023774
02-measurement-discipline,disciplined,hot,buf_kib=30720;ws_over_l2=1.500,42,0.023787
02-measurement-discipline,disciplined,hot,buf_kib=30720;ws_over_l2=1.500,43,0.023854
02-measurement-discipline,disciplined,hot,buf_kib=30720;ws_over_l2=1.500,44,0.023773
02-measurement-discipline,disciplined,hot,buf_kib=30720;ws_over_l2=1.500,45,0.023845
02-measurement-discipline,disciplined,hot,buf_kib=30720;ws_over_l2=1.500,46,0.023838
02-measurement-discipline,disciplined,hot,buf_kib=30720;ws_over_l2=1.500,47,0.023710
02-measurement-discipline,disciplined,hot,buf_kib=30720;ws_over_l2=1.500,48,0.023741
02-measurement-discipline,disciplined,hot,buf_kib=30720;ws_over_l2=1.500,49,0.023878
02-measurement-discipline,wallclock,cold,buf_kib=61440;ws_over_l2=3.000,0,0.062835
02-measurement-discipline,wallclock,cold,buf_kib=61440;ws_over_l2=3.000,1,0.053364
02-measurement-discipline,wallclock,cold,buf_kib=61440;ws_over_l2=3.000,2,0.054863
02-measurement-discipline,wallclock,cold,buf_kib=61440;ws_over_l2=3.000,3,0.053865
02-measurement-discipline,wallclock,cold,buf_kib=61440;ws_over_l2=3.000,4,0.054636
02-measurement-discipline,wallclock,cold,buf_kib=61440;ws_over_l2=3.000,5,0.053678
02-measurement-discipline,wallclock,cold,buf_kib=61440;ws_over_l2=3.000,6,0.055317
02-measurement-discipline,wallclock,cold,buf_kib=61440;ws_over_l2=3.000,7,0.052994
02-measurement-discipline,wallclock,cold,buf_kib=61440;ws_over_l2=3.000,8,0.054572
02-measurement-discipline,wallclock,cold,buf_kib=61440;ws_over_l2=3.000,9,0.052912
02-measurement-discipline,wallclock,cold,buf_kib=61440;ws_over_l2=3.000,10,0.055876
02-measurement-discipline,wallclock,cold,buf_kib=61440;ws_over_l2=3.000,11,0.053393
02-measurement-discipline,wallclock,cold,buf_kib=61440;ws_over_l2=3.000,12,0.053884
02-measurement-discipline,wallclock,cold,buf_kib=61440;ws_over_l2=3.000,13,0.053712
02-measurement-discipline,wallclock,cold,buf_kib=61440;ws_over_l2=3.000,14,0.053679
02-measurement-discipline,wallclock,cold,buf_kib=61440;ws_over_l2=3.000,15,0.054559
02-measurement-discipline,wallclock,cold,buf_kib=61440;ws_over_l2=3.000,16,0.053395
02-measurement-discipline,wallclock,cold,buf_kib=61440;ws_over_l2=3.000,17,0.054757
02-measurement-discipline,wallclock,cold,buf_kib=61440;ws_over_l2=3.000,18,0.053240
02-measurement-discipline,wallclock,cold,buf_kib=61440;ws_over_l2=3.000,19,0.058575
02-measurement-discipline,wallclock,cold,buf_kib=61440;ws_over_l2=3.000,20,0.053870
02-measurement-discipline,wallclock,cold,buf_kib=61440;ws_over_l2=3.000,21,0.054837
02-measurement-discipline,wallclock,cold,buf_kib=61440;ws_over_l2=3.000,22,0.052851
02-measurement-discipline,wallclock,cold,buf_kib=61440;ws_over_l2=3.000,23,0.054870
02-measurement-discipline,wallclock,cold,buf_kib=61440;ws_over_l2=3.000,24,0.053873
02-measurement-discipline,wallclock,cold,buf_kib=61440;ws_over_l2=3.000,25,0.053443
02-measurement-discipline,wallclock,cold,buf_kib=61440;ws_over_l2=3.000,26,0.054578
02-measurement-discipline,wallclock,cold,buf_kib=61440;ws_over_l2=3.000,27,0.053045
02-measurement-discipline,wallclock,cold,buf_kib=61440;ws_over_l2=3.000,28,0.055795
02-measurement-discipline,wallclock,cold,buf_kib=61440;ws_over_l2=3.000,29,0.053079
02-measurement-discipline,wallclock,cold,buf_kib=61440;ws_over_l2=3.000,30,0.054075
02-measurement-discipline,wallclock,cold,buf_kib=61440;ws_over_l2=3.000,31,0.053238
02-measurement-discipline,wallclock,cold,buf_kib=61440;ws_over_l2=3.000,32,0.054436
02-measurement-discipline,wallclock,cold,buf_kib=61440;ws_over_l2=3.000,33,0.052800
02-measurement-discipline,wallclock,cold,buf_kib=61440;ws_over_l2=3.000,34,0.054867
02-measurement-discipline,wallclock,cold,buf_kib=61440;ws_over_l2=3.000,35,0.053600
02-measurement-discipline,wallclock,cold,buf_kib=61440;ws_over_l2=3.000,36,0.054952
02-measurement-discipline,wallclock,cold,buf_kib=61440;ws_over_l2=3.000,37,0.052959
02-measurement-discipline,wallclock,cold,buf_kib=61440;ws_over_l2=3.000,38,0.054038
02-measurement-discipline,wallclock,cold,buf_kib=61440;ws_over_l2=3.000,39,0.054197
02-measurement-discipline,wallclock,cold,buf_kib=61440;ws_over_l2=3.000,40,0.053078
02-measurement-discipline,wallclock,cold,buf_kib=61440;ws_over_l2=3.000,41,0.054402
02-measurement-discipline,wallclock,cold,buf_kib=61440;ws_over_l2=3.000,42,0.053872
02-measurement-discipline,wallclock,cold,buf_kib=61440;ws_over_l2=3.000,43,0.054470
02-measurement-discipline,wallclock,cold,buf_kib=61440;ws_over_l2=3.000,44,0.053157
02-measurement-discipline,wallclock,cold,buf_kib=61440;ws_over_l2=3.000,45,0.056005
02-measurement-discipline,wallclock,cold,buf_kib=61440;ws_over_l2=3.000,46,0.053116
02-measurement-discipline,wallclock,cold,buf_kib=61440;ws_over_l2=3.000,47,0.054642
02-measurement-discipline,wallclock,cold,buf_kib=61440;ws_over_l2=3.000,48,0.053359
02-measurement-discipline,wallclock,cold,buf_kib=61440;ws_over_l2=3.000,49,0.054244
02-measurement-discipline,no-flush,cold,buf_kib=61440;ws_over_l2=3.000,0,0.049696
02-measurement-discipline,no-flush,cold,buf_kib=61440;ws_over_l2=3.000,1,0.050528
02-measurement-discipline,no-flush,cold,buf_kib=61440;ws_over_l2=3.000,2,0.051552
02-measurement-discipline,no-flush,cold,buf_kib=61440;ws_over_l2=3.000,3,0.049760
02-measurement-discipline,no-flush,cold,buf_kib=61440;ws_over_l2=3.000,4,0.051296
02-measurement-discipline,no-flush,cold,buf_kib=61440;ws_over_l2=3.000,5,0.049824
02-measurement-discipline,no-flush,cold,buf_kib=61440;ws_over_l2=3.000,6,0.050304
02-measurement-discipline,no-flush,cold,buf_kib=61440;ws_over_l2=3.000,7,0.051360
02-measurement-discipline,no-flush,cold,buf_kib=61440;ws_over_l2=3.000,8,0.050176
02-measurement-discipline,no-flush,cold,buf_kib=61440;ws_over_l2=3.000,9,0.051424
02-measurement-discipline,no-flush,cold,buf_kib=61440;ws_over_l2=3.000,10,0.049760
02-measurement-discipline,no-flush,cold,buf_kib=61440;ws_over_l2=3.000,11,0.050048
02-measurement-discipline,no-flush,cold,buf_kib=61440;ws_over_l2=3.000,12,0.051168
02-measurement-discipline,no-flush,cold,buf_kib=61440;ws_over_l2=3.000,13,0.049600
02-measurement-discipline,no-flush,cold,buf_kib=61440;ws_over_l2=3.000,14,0.051808
02-measurement-discipline,no-flush,cold,buf_kib=61440;ws_over_l2=3.000,15,0.050400
02-measurement-discipline,no-flush,cold,buf_kib=61440;ws_over_l2=3.000,16,0.051456
02-measurement-discipline,no-flush,cold,buf_kib=61440;ws_over_l2=3.000,17,0.051392
02-measurement-discipline,no-flush,cold,buf_kib=61440;ws_over_l2=3.000,18,0.049920
02-measurement-discipline,no-flush,cold,buf_kib=61440;ws_over_l2=3.000,19,0.051296
02-measurement-discipline,no-flush,cold,buf_kib=61440;ws_over_l2=3.000,20,0.050336
02-measurement-discipline,no-flush,cold,buf_kib=61440;ws_over_l2=3.000,21,0.049696
02-measurement-discipline,no-flush,cold,buf_kib=61440;ws_over_l2=3.000,22,0.051424
02-measurement-discipline,no-flush,cold,buf_kib=61440;ws_over_l2=3.000,23,0.050304
02-measurement-discipline,no-flush,cold,buf_kib=61440;ws_over_l2=3.000,24,0.051296
02-measurement-discipline,no-flush,cold,buf_kib=61440;ws_over_l2=3.000,25,0.049952
02-measurement-discipline,no-flush,cold,buf_kib=61440;ws_over_l2=3.000,26,0.049952
02-measurement-discipline,no-flush,cold,buf_kib=61440;ws_over_l2=3.000,27,0.051200
02-measurement-discipline,no-flush,cold,buf_kib=61440;ws_over_l2=3.000,28,0.049696
02-measurement-discipline,no-flush,cold,buf_kib=61440;ws_over_l2=3.000,29,0.051712
02-measurement-discipline,no-flush,cold,buf_kib=61440;ws_over_l2=3.000,30,0.049888
02-measurement-discipline,no-flush,cold,buf_kib=61440;ws_over_l2=3.000,31,0.049632
02-measurement-discipline,no-flush,cold,buf_kib=61440;ws_over_l2=3.000,32,0.051680
02-measurement-discipline,no-flush,cold,buf_kib=61440;ws_over_l2=3.000,33,0.050080
02-measurement-discipline,no-flush,cold,buf_kib=61440;ws_over_l2=3.000,34,0.051872
02-measurement-discipline,no-flush,cold,buf_kib=61440;ws_over_l2=3.000,35,0.050176
02-measurement-discipline,no-flush,cold,buf_kib=61440;ws_over_l2=3.000,36,0.049696
02-measurement-discipline,no-flush,cold,buf_kib=61440;ws_over_l2=3.000,37,0.051808
02-measurement-discipline,no-flush,cold,buf_kib=61440;ws_over_l2=3.000,38,0.049504
02-measurement-discipline,no-flush,cold,buf_kib=61440;ws_over_l2=3.000,39,0.051456
02-measurement-discipline,no-flush,cold,buf_kib=61440;ws_over_l2=3.000,40,0.050336
02-measurement-discipline,no-flush,cold,buf_kib=61440;ws_over_l2=3.000,41,0.049952
02-measurement-discipline,no-flush,cold,buf_kib=61440;ws_over_l2=3.000,42,0.051296
02-measurement-discipline,no-flush,cold,buf_kib=61440;ws_over_l2=3.000,43,0.049856
02-measurement-discipline,no-flush,cold,buf_kib=61440;ws_over_l2=3.000,44,0.051520
02-measurement-discipline,no-flush,cold,buf_kib=61440;ws_over_l2=3.000,45,0.050016
02-measurement-discipline,no-flush,cold,buf_kib=61440;ws_over_l2=3.000,46,0.050336
02-measurement-discipline,no-flush,cold,buf_kib=61440;ws_over_l2=3.000,47,0.051456
02-measurement-discipline,no-flush,cold,buf_kib=61440;ws_over_l2=3.000,48,0.050208
02-measurement-discipline,no-flush,cold,buf_kib=61440;ws_over_l2=3.000,49,0.051520
02-measurement-discipline,batched,cold,buf_kib=61440;ws_over_l2=3.000,0,0.047770
02-measurement-discipline,batched,cold,buf_kib=61440;ws_over_l2=3.000,1,0.047864
02-measurement-discipline,batched,cold,buf_kib=61440;ws_over_l2=3.000,2,0.047931
02-measurement-discipline,batched,cold,buf_kib=61440;ws_over_l2=3.000,3,0.047704
02-measurement-discipline,batched,cold,buf_kib=61440;ws_over_l2=3.000,4,0.047814
02-measurement-discipline,batched,cold,buf_kib=61440;ws_over_l2=3.000,5,0.047669
02-measurement-discipline,batched,cold,buf_kib=61440;ws_over_l2=3.000,6,0.047781
02-measurement-discipline,batched,cold,buf_kib=61440;ws_over_l2=3.000,7,0.047814
02-measurement-discipline,batched,cold,buf_kib=61440;ws_over_l2=3.000,8,0.047744
02-measurement-discipline,batched,cold,buf_kib=61440;ws_over_l2=3.000,9,0.047824
02-measurement-discipline,batched,cold,buf_kib=61440;ws_over_l2=3.000,10,0.047806
02-measurement-discipline,batched,cold,buf_kib=61440;ws_over_l2=3.000,11,0.047734
02-measurement-discipline,batched,cold,buf_kib=61440;ws_over_l2=3.000,12,0.047816
02-measurement-discipline,batched,cold,buf_kib=61440;ws_over_l2=3.000,13,0.047851
02-measurement-discipline,batched,cold,buf_kib=61440;ws_over_l2=3.000,14,0.047746
02-measurement-discipline,batched,cold,buf_kib=61440;ws_over_l2=3.000,15,0.047790
02-measurement-discipline,batched,cold,buf_kib=61440;ws_over_l2=3.000,16,0.047854
02-measurement-discipline,batched,cold,buf_kib=61440;ws_over_l2=3.000,17,0.047746
02-measurement-discipline,batched,cold,buf_kib=61440;ws_over_l2=3.000,18,0.047781
02-measurement-discipline,batched,cold,buf_kib=61440;ws_over_l2=3.000,19,0.047789
02-measurement-discipline,batched,cold,buf_kib=61440;ws_over_l2=3.000,20,0.047842
02-measurement-discipline,batched,cold,buf_kib=61440;ws_over_l2=3.000,21,0.047830
02-measurement-discipline,batched,cold,buf_kib=61440;ws_over_l2=3.000,22,0.047814
02-measurement-discipline,batched,cold,buf_kib=61440;ws_over_l2=3.000,23,0.047792
02-measurement-discipline,batched,cold,buf_kib=61440;ws_over_l2=3.000,24,0.047843
02-measurement-discipline,batched,cold,buf_kib=61440;ws_over_l2=3.000,25,0.047706
02-measurement-discipline,batched,cold,buf_kib=61440;ws_over_l2=3.000,26,0.047840
02-measurement-discipline,batched,cold,buf_kib=61440;ws_over_l2=3.000,27,0.047736
02-measurement-discipline,batched,cold,buf_kib=61440;ws_over_l2=3.000,28,0.047712
02-measurement-discipline,batched,cold,buf_kib=61440;ws_over_l2=3.000,29,0.047770
02-measurement-discipline,batched,cold,buf_kib=61440;ws_over_l2=3.000,30,0.047659
02-measurement-discipline,batched,cold,buf_kib=61440;ws_over_l2=3.000,31,0.047821
02-measurement-discipline,batched,cold,buf_kib=61440;ws_over_l2=3.000,32,0.047974
02-measurement-discipline,batched,cold,buf_kib=61440;ws_over_l2=3.000,33,0.047746
02-measurement-discipline,batched,cold,buf_kib=61440;ws_over_l2=3.000,34,0.047683
02-measurement-discipline,batched,cold,buf_kib=61440;ws_over_l2=3.000,35,0.047902
02-measurement-discipline,batched,cold,buf_kib=61440;ws_over_l2=3.000,36,0.047787
02-measurement-discipline,batched,cold,buf_kib=61440;ws_over_l2=3.000,37,0.047829
02-measurement-discipline,batched,cold,buf_kib=61440;ws_over_l2=3.000,38,0.047838
02-measurement-discipline,batched,cold,buf_kib=61440;ws_over_l2=3.000,39,0.047734
02-measurement-discipline,batched,cold,buf_kib=61440;ws_over_l2=3.000,40,0.047787
02-measurement-discipline,batched,cold,buf_kib=61440;ws_over_l2=3.000,41,0.047741
02-measurement-discipline,batched,cold,buf_kib=61440;ws_over_l2=3.000,42,0.047795
02-measurement-discipline,batched,cold,buf_kib=61440;ws_over_l2=3.000,43,0.047712
02-measurement-discipline,batched,cold,buf_kib=61440;ws_over_l2=3.000,44,0.047637
02-measurement-discipline,batched,cold,buf_kib=61440;ws_over_l2=3.000,45,0.047910
02-measurement-discipline,batched,cold,buf_kib=61440;ws_over_l2=3.000,46,0.047758
02-measurement-discipline,batched,cold,buf_kib=61440;ws_over_l2=3.000,47,0.047725
02-measurement-discipline,batched,cold,buf_kib=61440;ws_over_l2=3.000,48,0.047710
02-measurement-discipline,batched,cold,buf_kib=61440;ws_over_l2=3.000,49,0.047901
02-measurement-discipline,disciplined,cold,buf_kib=61440;ws_over_l2=3.000,0,0.053920
02-measurement-discipline,disciplined,cold,buf_kib=61440;ws_over_l2=3.000,1,0.054240
02-measurement-discipline,disciplined,cold,buf_kib=61440;ws_over_l2=3.000,2,0.054240
02-measurement-discipline,disciplined,cold,buf_kib=61440;ws_over_l2=3.000,3,0.054240
02-measurement-discipline,disciplined,cold,buf_kib=61440;ws_over_l2=3.000,4,0.054496
02-measurement-discipline,disciplined,cold,buf_kib=61440;ws_over_l2=3.000,5,0.054144
02-measurement-discipline,disciplined,cold,buf_kib=61440;ws_over_l2=3.000,6,0.054016
02-measurement-discipline,disciplined,cold,buf_kib=61440;ws_over_l2=3.000,7,0.054048
02-measurement-discipline,disciplined,cold,buf_kib=61440;ws_over_l2=3.000,8,0.052864
02-measurement-discipline,disciplined,cold,buf_kib=61440;ws_over_l2=3.000,9,0.052928
02-measurement-discipline,disciplined,cold,buf_kib=61440;ws_over_l2=3.000,10,0.053056
02-measurement-discipline,disciplined,cold,buf_kib=61440;ws_over_l2=3.000,11,0.052608
02-measurement-discipline,disciplined,cold,buf_kib=61440;ws_over_l2=3.000,12,0.052928
02-measurement-discipline,disciplined,cold,buf_kib=61440;ws_over_l2=3.000,13,0.052672
02-measurement-discipline,disciplined,cold,buf_kib=61440;ws_over_l2=3.000,14,0.052736
02-measurement-discipline,disciplined,cold,buf_kib=61440;ws_over_l2=3.000,15,0.052320
02-measurement-discipline,disciplined,cold,buf_kib=61440;ws_over_l2=3.000,16,0.052928
02-measurement-discipline,disciplined,cold,buf_kib=61440;ws_over_l2=3.000,17,0.053152
02-measurement-discipline,disciplined,cold,buf_kib=61440;ws_over_l2=3.000,18,0.052864
02-measurement-discipline,disciplined,cold,buf_kib=61440;ws_over_l2=3.000,19,0.052736
02-measurement-discipline,disciplined,cold,buf_kib=61440;ws_over_l2=3.000,20,0.053184
02-measurement-discipline,disciplined,cold,buf_kib=61440;ws_over_l2=3.000,21,0.052768
02-measurement-discipline,disciplined,cold,buf_kib=61440;ws_over_l2=3.000,22,0.052832
02-measurement-discipline,disciplined,cold,buf_kib=61440;ws_over_l2=3.000,23,0.052960
02-measurement-discipline,disciplined,cold,buf_kib=61440;ws_over_l2=3.000,24,0.052960
02-measurement-discipline,disciplined,cold,buf_kib=61440;ws_over_l2=3.000,25,0.052864
02-measurement-discipline,disciplined,cold,buf_kib=61440;ws_over_l2=3.000,26,0.052832
02-measurement-discipline,disciplined,cold,buf_kib=61440;ws_over_l2=3.000,27,0.052960
02-measurement-discipline,disciplined,cold,buf_kib=61440;ws_over_l2=3.000,28,0.052832
02-measurement-discipline,disciplined,cold,buf_kib=61440;ws_over_l2=3.000,29,0.052448
02-measurement-discipline,disciplined,cold,buf_kib=61440;ws_over_l2=3.000,30,0.052832
02-measurement-discipline,disciplined,cold,buf_kib=61440;ws_over_l2=3.000,31,0.053792
02-measurement-discipline,disciplined,cold,buf_kib=61440;ws_over_l2=3.000,32,0.054432
02-measurement-discipline,disciplined,cold,buf_kib=61440;ws_over_l2=3.000,33,0.054432
02-measurement-discipline,disciplined,cold,buf_kib=61440;ws_over_l2=3.000,34,0.054656
02-measurement-discipline,disciplined,cold,buf_kib=61440;ws_over_l2=3.000,35,0.054048
02-measurement-discipline,disciplined,cold,buf_kib=61440;ws_over_l2=3.000,36,0.054240
02-measurement-discipline,disciplined,cold,buf_kib=61440;ws_over_l2=3.000,37,0.054144
02-measurement-discipline,disciplined,cold,buf_kib=61440;ws_over_l2=3.000,38,0.054112
02-measurement-discipline,disciplined,cold,buf_kib=61440;ws_over_l2=3.000,39,0.054208
02-measurement-discipline,disciplined,cold,buf_kib=61440;ws_over_l2=3.000,40,0.054240
02-measurement-discipline,disciplined,cold,buf_kib=61440;ws_over_l2=3.000,41,0.053792
02-measurement-discipline,disciplined,cold,buf_kib=61440;ws_over_l2=3.000,42,0.054400
02-measurement-discipline,disciplined,cold,buf_kib=61440;ws_over_l2=3.000,43,0.054176
02-measurement-discipline,disciplined,cold,buf_kib=61440;ws_over_l2=3.000,44,0.054816
02-measurement-discipline,disciplined,cold,buf_kib=61440;ws_over_l2=3.000,45,0.054272
02-measurement-discipline,disciplined,cold,buf_kib=61440;ws_over_l2=3.000,46,0.054048
02-measurement-discipline,disciplined,cold,buf_kib=61440;ws_over_l2=3.000,47,0.053792
02-measurement-discipline,disciplined,cold,buf_kib=61440;ws_over_l2=3.000,48,0.054208
02-measurement-discipline,disciplined,cold,buf_kib=61440;ws_over_l2=3.000,49,0.054336
02-measurement-discipline,disciplined,hot,buf_kib=61440;ws_over_l2=3.000,0,0.046411
02-measurement-discipline,disciplined,hot,buf_kib=61440;ws_over_l2=3.000,1,0.046392
02-measurement-discipline,disciplined,hot,buf_kib=61440;ws_over_l2=3.000,2,0.046354
02-measurement-discipline,disciplined,hot,buf_kib=61440;ws_over_l2=3.000,3,0.046446
02-measurement-discipline,disciplined,hot,buf_kib=61440;ws_over_l2=3.000,4,0.046206
02-measurement-discipline,disciplined,hot,buf_kib=61440;ws_over_l2=3.000,5,0.046270
02-measurement-discipline,disciplined,hot,buf_kib=61440;ws_over_l2=3.000,6,0.046408
02-measurement-discipline,disciplined,hot,buf_kib=61440;ws_over_l2=3.000,7,0.046291
02-measurement-discipline,disciplined,hot,buf_kib=61440;ws_over_l2=3.000,8,0.046310
02-measurement-discipline,disciplined,hot,buf_kib=61440;ws_over_l2=3.000,9,0.046280
02-measurement-discipline,disciplined,hot,buf_kib=61440;ws_over_l2=3.000,10,0.046256
02-measurement-discipline,disciplined,hot,buf_kib=61440;ws_over_l2=3.000,11,0.046245
02-measurement-discipline,disciplined,hot,buf_kib=61440;ws_over_l2=3.000,12,0.046342
02-measurement-discipline,disciplined,hot,buf_kib=61440;ws_over_l2=3.000,13,0.046218
02-measurement-discipline,disciplined,hot,buf_kib=61440;ws_over_l2=3.000,14,0.046250
02-measurement-discipline,disciplined,hot,buf_kib=61440;ws_over_l2=3.000,15,0.046395
02-measurement-discipline,disciplined,hot,buf_kib=61440;ws_over_l2=3.000,16,0.046339
02-measurement-discipline,disciplined,hot,buf_kib=61440;ws_over_l2=3.000,17,0.046333
02-measurement-discipline,disciplined,hot,buf_kib=61440;ws_over_l2=3.000,18,0.046275
02-measurement-discipline,disciplined,hot,buf_kib=61440;ws_over_l2=3.000,19,0.046264
02-measurement-discipline,disciplined,hot,buf_kib=61440;ws_over_l2=3.000,20,0.046262
02-measurement-discipline,disciplined,hot,buf_kib=61440;ws_over_l2=3.000,21,0.046317
02-measurement-discipline,disciplined,hot,buf_kib=61440;ws_over_l2=3.000,22,0.046290
02-measurement-discipline,disciplined,hot,buf_kib=61440;ws_over_l2=3.000,23,0.046208
02-measurement-discipline,disciplined,hot,buf_kib=61440;ws_over_l2=3.000,24,0.046312
02-measurement-discipline,disciplined,hot,buf_kib=61440;ws_over_l2=3.000,25,0.046384
02-measurement-discipline,disciplined,hot,buf_kib=61440;ws_over_l2=3.000,26,0.046486
02-measurement-discipline,disciplined,hot,buf_kib=61440;ws_over_l2=3.000,27,0.046235
02-measurement-discipline,disciplined,hot,buf_kib=61440;ws_over_l2=3.000,28,0.046317
02-measurement-discipline,disciplined,hot,buf_kib=61440;ws_over_l2=3.000,29,0.046376
02-measurement-discipline,disciplined,hot,buf_kib=61440;ws_over_l2=3.000,30,0.046307
02-measurement-discipline,disciplined,hot,buf_kib=61440;ws_over_l2=3.000,31,0.046251
02-measurement-discipline,disciplined,hot,buf_kib=61440;ws_over_l2=3.000,32,0.046406
02-measurement-discipline,disciplined,hot,buf_kib=61440;ws_over_l2=3.000,33,0.046315
02-measurement-discipline,disciplined,hot,buf_kib=61440;ws_over_l2=3.000,34,0.046275
02-measurement-discipline,disciplined,hot,buf_kib=61440;ws_over_l2=3.000,35,0.046394
02-measurement-discipline,disciplined,hot,buf_kib=61440;ws_over_l2=3.000,36,0.046323
02-measurement-discipline,disciplined,hot,buf_kib=61440;ws_over_l2=3.000,37,0.046330
02-measurement-discipline,disciplined,hot,buf_kib=61440;ws_over_l2=3.000,38,0.046486
02-measurement-discipline,disciplined,hot,buf_kib=61440;ws_over_l2=3.000,39,0.046296
02-measurement-discipline,disciplined,hot,buf_kib=61440;ws_over_l2=3.000,40,0.046211
02-measurement-discipline,disciplined,hot,buf_kib=61440;ws_over_l2=3.000,41,0.046315
02-measurement-discipline,disciplined,hot,buf_kib=61440;ws_over_l2=3.000,42,0.046254
02-measurement-discipline,disciplined,hot,buf_kib=61440;ws_over_l2=3.000,43,0.046291
02-measurement-discipline,disciplined,hot,buf_kib=61440;ws_over_l2=3.000,44,0.046402
02-measurement-discipline,disciplined,hot,buf_kib=61440;ws_over_l2=3.000,45,0.046283
02-measurement-discipline,disciplined,hot,buf_kib=61440;ws_over_l2=3.000,46,0.046293
02-measurement-discipline,disciplined,hot,buf_kib=61440;ws_over_l2=3.000,47,0.046243
02-measurement-discipline,disciplined,hot,buf_kib=61440;ws_over_l2=3.000,48,0.046315
02-measurement-discipline,disciplined,hot,buf_kib=61440;ws_over_l2=3.000,49,0.046317
02-measurement-discipline,wallclock,cold,buf_kib=122880;ws_over_l2=6.000,0,0.111859
02-measurement-discipline,wallclock,cold,buf_kib=122880;ws_over_l2=6.000,1,0.099564
02-measurement-discipline,wallclock,cold,buf_kib=122880;ws_over_l2=6.000,2,0.099603
02-measurement-discipline,wallclock,cold,buf_kib=122880;ws_over_l2=6.000,3,0.098837
02-measurement-discipline,wallclock,cold,buf_kib=122880;ws_over_l2=6.000,4,0.099841
02-measurement-discipline,wallclock,cold,buf_kib=122880;ws_over_l2=6.000,5,0.098912
02-measurement-discipline,wallclock,cold,buf_kib=122880;ws_over_l2=6.000,6,0.101278
02-measurement-discipline,wallclock,cold,buf_kib=122880;ws_over_l2=6.000,7,0.099593
02-measurement-discipline,wallclock,cold,buf_kib=122880;ws_over_l2=6.000,8,0.099758
02-measurement-discipline,wallclock,cold,buf_kib=122880;ws_over_l2=6.000,9,0.099559
02-measurement-discipline,wallclock,cold,buf_kib=122880;ws_over_l2=6.000,10,0.099279
02-measurement-discipline,wallclock,cold,buf_kib=122880;ws_over_l2=6.000,11,0.100202
02-measurement-discipline,wallclock,cold,buf_kib=122880;ws_over_l2=6.000,12,0.099599
02-measurement-discipline,wallclock,cold,buf_kib=122880;ws_over_l2=6.000,13,0.098864
02-measurement-discipline,wallclock,cold,buf_kib=122880;ws_over_l2=6.000,14,0.101769
02-measurement-discipline,wallclock,cold,buf_kib=122880;ws_over_l2=6.000,15,0.098343
02-measurement-discipline,wallclock,cold,buf_kib=122880;ws_over_l2=6.000,16,0.098652
02-measurement-discipline,wallclock,cold,buf_kib=122880;ws_over_l2=6.000,17,0.098470
02-measurement-discipline,wallclock,cold,buf_kib=122880;ws_over_l2=6.000,18,0.099196
02-measurement-discipline,wallclock,cold,buf_kib=122880;ws_over_l2=6.000,19,0.100199
02-measurement-discipline,wallclock,cold,buf_kib=122880;ws_over_l2=6.000,20,0.099700
02-measurement-discipline,wallclock,cold,buf_kib=122880;ws_over_l2=6.000,21,0.099153
02-measurement-discipline,wallclock,cold,buf_kib=122880;ws_over_l2=6.000,22,0.100148
02-measurement-discipline,wallclock,cold,buf_kib=122880;ws_over_l2=6.000,23,0.099190
02-measurement-discipline,wallclock,cold,buf_kib=122880;ws_over_l2=6.000,24,0.099005
02-measurement-discipline,wallclock,cold,buf_kib=122880;ws_over_l2=6.000,25,0.098592
02-measurement-discipline,wallclock,cold,buf_kib=122880;ws_over_l2=6.000,26,0.100801
02-measurement-discipline,wallclock,cold,buf_kib=122880;ws_over_l2=6.000,27,0.098760
02-measurement-discipline,wallclock,cold,buf_kib=122880;ws_over_l2=6.000,28,0.100040
02-measurement-discipline,wallclock,cold,buf_kib=122880;ws_over_l2=6.000,29,0.099249
02-measurement-discipline,wallclock,cold,buf_kib=122880;ws_over_l2=6.000,30,0.100137
02-measurement-discipline,wallclock,cold,buf_kib=122880;ws_over_l2=6.000,31,0.099092
02-measurement-discipline,wallclock,cold,buf_kib=122880;ws_over_l2=6.000,32,0.099590
02-measurement-discipline,wallclock,cold,buf_kib=122880;ws_over_l2=6.000,33,0.099078
02-measurement-discipline,wallclock,cold,buf_kib=122880;ws_over_l2=6.000,34,0.099791
02-measurement-discipline,wallclock,cold,buf_kib=122880;ws_over_l2=6.000,35,0.099442
02-measurement-discipline,wallclock,cold,buf_kib=122880;ws_over_l2=6.000,36,0.100260
02-measurement-discipline,wallclock,cold,buf_kib=122880;ws_over_l2=6.000,37,0.099539
02-measurement-discipline,wallclock,cold,buf_kib=122880;ws_over_l2=6.000,38,0.099138
02-measurement-discipline,wallclock,cold,buf_kib=122880;ws_over_l2=6.000,39,0.098986
02-measurement-discipline,wallclock,cold,buf_kib=122880;ws_over_l2=6.000,40,0.100172
02-measurement-discipline,wallclock,cold,buf_kib=122880;ws_over_l2=6.000,41,0.098206
02-measurement-discipline,wallclock,cold,buf_kib=122880;ws_over_l2=6.000,42,0.100061
02-measurement-discipline,wallclock,cold,buf_kib=122880;ws_over_l2=6.000,43,0.099910
02-measurement-discipline,wallclock,cold,buf_kib=122880;ws_over_l2=6.000,44,0.100719
02-measurement-discipline,wallclock,cold,buf_kib=122880;ws_over_l2=6.000,45,0.098772
02-measurement-discipline,wallclock,cold,buf_kib=122880;ws_over_l2=6.000,46,0.100295
02-measurement-discipline,wallclock,cold,buf_kib=122880;ws_over_l2=6.000,47,0.099197
02-measurement-discipline,wallclock,cold,buf_kib=122880;ws_over_l2=6.000,48,0.099695
02-measurement-discipline,wallclock,cold,buf_kib=122880;ws_over_l2=6.000,49,0.098959
02-measurement-discipline,no-flush,cold,buf_kib=122880;ws_over_l2=6.000,0,0.096448
02-measurement-discipline,no-flush,cold,buf_kib=122880;ws_over_l2=6.000,1,0.095584
02-measurement-discipline,no-flush,cold,buf_kib=122880;ws_over_l2=6.000,2,0.095200
02-measurement-discipline,no-flush,cold,buf_kib=122880;ws_over_l2=6.000,3,0.096128
02-measurement-discipline,no-flush,cold,buf_kib=122880;ws_over_l2=6.000,4,0.095584
02-measurement-discipline,no-flush,cold,buf_kib=122880;ws_over_l2=6.000,5,0.096928
02-measurement-discipline,no-flush,cold,buf_kib=122880;ws_over_l2=6.000,6,0.095424
02-measurement-discipline,no-flush,cold,buf_kib=122880;ws_over_l2=6.000,7,0.096256
02-measurement-discipline,no-flush,cold,buf_kib=122880;ws_over_l2=6.000,8,0.094880
02-measurement-discipline,no-flush,cold,buf_kib=122880;ws_over_l2=6.000,9,0.095392
02-measurement-discipline,no-flush,cold,buf_kib=122880;ws_over_l2=6.000,10,0.096544
02-measurement-discipline,no-flush,cold,buf_kib=122880;ws_over_l2=6.000,11,0.095584
02-measurement-discipline,no-flush,cold,buf_kib=122880;ws_over_l2=6.000,12,0.095200
02-measurement-discipline,no-flush,cold,buf_kib=122880;ws_over_l2=6.000,13,0.095584
02-measurement-discipline,no-flush,cold,buf_kib=122880;ws_over_l2=6.000,14,0.096224
02-measurement-discipline,no-flush,cold,buf_kib=122880;ws_over_l2=6.000,15,0.095808
02-measurement-discipline,no-flush,cold,buf_kib=122880;ws_over_l2=6.000,16,0.096672
02-measurement-discipline,no-flush,cold,buf_kib=122880;ws_over_l2=6.000,17,0.095552
02-measurement-discipline,no-flush,cold,buf_kib=122880;ws_over_l2=6.000,18,0.095872
02-measurement-discipline,no-flush,cold,buf_kib=122880;ws_over_l2=6.000,19,0.095904
02-measurement-discipline,no-flush,cold,buf_kib=122880;ws_over_l2=6.000,20,0.096352
02-measurement-discipline,no-flush,cold,buf_kib=122880;ws_over_l2=6.000,21,0.095872
02-measurement-discipline,no-flush,cold,buf_kib=122880;ws_over_l2=6.000,22,0.095904
02-measurement-discipline,no-flush,cold,buf_kib=122880;ws_over_l2=6.000,23,0.096160
02-measurement-discipline,no-flush,cold,buf_kib=122880;ws_over_l2=6.000,24,0.095360
02-measurement-discipline,no-flush,cold,buf_kib=122880;ws_over_l2=6.000,25,0.095328
02-measurement-discipline,no-flush,cold,buf_kib=122880;ws_over_l2=6.000,26,0.096320
02-measurement-discipline,no-flush,cold,buf_kib=122880;ws_over_l2=6.000,27,0.097024
02-measurement-discipline,no-flush,cold,buf_kib=122880;ws_over_l2=6.000,28,0.096896
02-measurement-discipline,no-flush,cold,buf_kib=122880;ws_over_l2=6.000,29,0.094400
02-measurement-discipline,no-flush,cold,buf_kib=122880;ws_over_l2=6.000,30,0.095392
02-measurement-discipline,no-flush,cold,buf_kib=122880;ws_over_l2=6.000,31,0.095840
02-measurement-discipline,no-flush,cold,buf_kib=122880;ws_over_l2=6.000,32,0.096576
02-measurement-discipline,no-flush,cold,buf_kib=122880;ws_over_l2=6.000,33,0.095456
02-measurement-discipline,no-flush,cold,buf_kib=122880;ws_over_l2=6.000,34,0.096704
02-measurement-discipline,no-flush,cold,buf_kib=122880;ws_over_l2=6.000,35,0.095168
02-measurement-discipline,no-flush,cold,buf_kib=122880;ws_over_l2=6.000,36,0.096832
02-measurement-discipline,no-flush,cold,buf_kib=122880;ws_over_l2=6.000,37,0.095648
02-measurement-discipline,no-flush,cold,buf_kib=122880;ws_over_l2=6.000,38,0.095488
02-measurement-discipline,no-flush,cold,buf_kib=122880;ws_over_l2=6.000,39,0.096672
02-measurement-discipline,no-flush,cold,buf_kib=122880;ws_over_l2=6.000,40,0.096192
02-measurement-discipline,no-flush,cold,buf_kib=122880;ws_over_l2=6.000,41,0.095968
02-measurement-discipline,no-flush,cold,buf_kib=122880;ws_over_l2=6.000,42,0.096448
02-measurement-discipline,no-flush,cold,buf_kib=122880;ws_over_l2=6.000,43,0.095840
02-measurement-discipline,no-flush,cold,buf_kib=122880;ws_over_l2=6.000,44,0.096672
02-measurement-discipline,no-flush,cold,buf_kib=122880;ws_over_l2=6.000,45,0.096032
02-measurement-discipline,no-flush,cold,buf_kib=122880;ws_over_l2=6.000,46,0.094720
02-measurement-discipline,no-flush,cold,buf_kib=122880;ws_over_l2=6.000,47,0.094688
02-measurement-discipline,no-flush,cold,buf_kib=122880;ws_over_l2=6.000,48,0.094624
02-measurement-discipline,no-flush,cold,buf_kib=122880;ws_over_l2=6.000,49,0.094240
02-measurement-discipline,batched,cold,buf_kib=122880;ws_over_l2=6.000,0,0.093133
02-measurement-discipline,batched,cold,buf_kib=122880;ws_over_l2=6.000,1,0.093291
02-measurement-discipline,batched,cold,buf_kib=122880;ws_over_l2=6.000,2,0.093125
02-measurement-discipline,batched,cold,buf_kib=122880;ws_over_l2=6.000,3,0.093066
02-measurement-discipline,batched,cold,buf_kib=122880;ws_over_l2=6.000,4,0.093190
02-measurement-discipline,batched,cold,buf_kib=122880;ws_over_l2=6.000,5,0.092882
02-measurement-discipline,batched,cold,buf_kib=122880;ws_over_l2=6.000,6,0.092928
02-measurement-discipline,batched,cold,buf_kib=122880;ws_over_l2=6.000,7,0.093365
02-measurement-discipline,batched,cold,buf_kib=122880;ws_over_l2=6.000,8,0.093093
02-measurement-discipline,batched,cold,buf_kib=122880;ws_over_l2=6.000,9,0.093082
02-measurement-discipline,batched,cold,buf_kib=122880;ws_over_l2=6.000,10,0.093136
02-measurement-discipline,batched,cold,buf_kib=122880;ws_over_l2=6.000,11,0.093349
02-measurement-discipline,batched,cold,buf_kib=122880;ws_over_l2=6.000,12,0.093106
02-measurement-discipline,batched,cold,buf_kib=122880;ws_over_l2=6.000,13,0.093085
02-measurement-discipline,batched,cold,buf_kib=122880;ws_over_l2=6.000,14,0.093406
02-measurement-discipline,batched,cold,buf_kib=122880;ws_over_l2=6.000,15,0.093326
02-measurement-discipline,batched,cold,buf_kib=122880;ws_over_l2=6.000,16,0.093189
02-measurement-discipline,batched,cold,buf_kib=122880;ws_over_l2=6.000,17,0.093413
02-measurement-discipline,batched,cold,buf_kib=122880;ws_over_l2=6.000,18,0.093190
02-measurement-discipline,batched,cold,buf_kib=122880;ws_over_l2=6.000,19,0.093050
02-measurement-discipline,batched,cold,buf_kib=122880;ws_over_l2=6.000,20,0.093038
02-measurement-discipline,batched,cold,buf_kib=122880;ws_over_l2=6.000,21,0.093294
02-measurement-discipline,batched,cold,buf_kib=122880;ws_over_l2=6.000,22,0.093003
02-measurement-discipline,batched,cold,buf_kib=122880;ws_over_l2=6.000,23,0.093098
02-measurement-discipline,batched,cold,buf_kib=122880;ws_over_l2=6.000,24,0.093296
02-measurement-discipline,batched,cold,buf_kib=122880;ws_over_l2=6.000,25,0.093515
02-measurement-discipline,batched,cold,buf_kib=122880;ws_over_l2=6.000,26,0.093211
02-measurement-discipline,batched,cold,buf_kib=122880;ws_over_l2=6.000,27,0.093144
02-measurement-discipline,batched,cold,buf_kib=122880;ws_over_l2=6.000,28,0.093341
02-measurement-discipline,batched,cold,buf_kib=122880;ws_over_l2=6.000,29,0.093106
02-measurement-discipline,batched,cold,buf_kib=122880;ws_over_l2=6.000,30,0.093195
02-measurement-discipline,batched,cold,buf_kib=122880;ws_over_l2=6.000,31,0.093059
02-measurement-discipline,batched,cold,buf_kib=122880;ws_over_l2=6.000,32,0.093278
02-measurement-discipline,batched,cold,buf_kib=122880;ws_over_l2=6.000,33,0.093029
02-measurement-discipline,batched,cold,buf_kib=122880;ws_over_l2=6.000,34,0.093283
02-measurement-discipline,batched,cold,buf_kib=122880;ws_over_l2=6.000,35,0.093179
02-measurement-discipline,batched,cold,buf_kib=122880;ws_over_l2=6.000,36,0.093440
02-measurement-discipline,batched,cold,buf_kib=122880;ws_over_l2=6.000,37,0.093211
02-measurement-discipline,batched,cold,buf_kib=122880;ws_over_l2=6.000,38,0.093200
02-measurement-discipline,batched,cold,buf_kib=122880;ws_over_l2=6.000,39,0.092986
02-measurement-discipline,batched,cold,buf_kib=122880;ws_over_l2=6.000,40,0.093110
02-measurement-discipline,batched,cold,buf_kib=122880;ws_over_l2=6.000,41,0.093194
02-measurement-discipline,batched,cold,buf_kib=122880;ws_over_l2=6.000,42,0.093226
02-measurement-discipline,batched,cold,buf_kib=122880;ws_over_l2=6.000,43,0.092834
02-measurement-discipline,batched,cold,buf_kib=122880;ws_over_l2=6.000,44,0.093430
02-measurement-discipline,batched,cold,buf_kib=122880;ws_over_l2=6.000,45,0.093304
02-measurement-discipline,batched,cold,buf_kib=122880;ws_over_l2=6.000,46,0.093237
02-measurement-discipline,batched,cold,buf_kib=122880;ws_over_l2=6.000,47,0.093176
02-measurement-discipline,batched,cold,buf_kib=122880;ws_over_l2=6.000,48,0.093331
02-measurement-discipline,batched,cold,buf_kib=122880;ws_over_l2=6.000,49,0.093170
02-measurement-discipline,disciplined,cold,buf_kib=122880;ws_over_l2=6.000,0,0.099040
02-measurement-discipline,disciplined,cold,buf_kib=122880;ws_over_l2=6.000,1,0.098848
02-measurement-discipline,disciplined,cold,buf_kib=122880;ws_over_l2=6.000,2,0.099552
02-measurement-discipline,disciplined,cold,buf_kib=122880;ws_over_l2=6.000,3,0.099200
02-measurement-discipline,disciplined,cold,buf_kib=122880;ws_over_l2=6.000,4,0.098784
02-measurement-discipline,disciplined,cold,buf_kib=122880;ws_over_l2=6.000,5,0.099360
02-measurement-discipline,disciplined,cold,buf_kib=122880;ws_over_l2=6.000,6,0.098624
02-measurement-discipline,disciplined,cold,buf_kib=122880;ws_over_l2=6.000,7,0.099232
02-measurement-discipline,disciplined,cold,buf_kib=122880;ws_over_l2=6.000,8,0.099072
02-measurement-discipline,disciplined,cold,buf_kib=122880;ws_over_l2=6.000,9,0.098592
02-measurement-discipline,disciplined,cold,buf_kib=122880;ws_over_l2=6.000,10,0.098944
02-measurement-discipline,disciplined,cold,buf_kib=122880;ws_over_l2=6.000,11,0.098912
02-measurement-discipline,disciplined,cold,buf_kib=122880;ws_over_l2=6.000,12,0.098784
02-measurement-discipline,disciplined,cold,buf_kib=122880;ws_over_l2=6.000,13,0.098784
02-measurement-discipline,disciplined,cold,buf_kib=122880;ws_over_l2=6.000,14,0.097760
02-measurement-discipline,disciplined,cold,buf_kib=122880;ws_over_l2=6.000,15,0.099584
02-measurement-discipline,disciplined,cold,buf_kib=122880;ws_over_l2=6.000,16,0.099584
02-measurement-discipline,disciplined,cold,buf_kib=122880;ws_over_l2=6.000,17,0.098880
02-measurement-discipline,disciplined,cold,buf_kib=122880;ws_over_l2=6.000,18,0.098912
02-measurement-discipline,disciplined,cold,buf_kib=122880;ws_over_l2=6.000,19,0.099392
02-measurement-discipline,disciplined,cold,buf_kib=122880;ws_over_l2=6.000,20,0.099008
02-measurement-discipline,disciplined,cold,buf_kib=122880;ws_over_l2=6.000,21,0.096864
02-measurement-discipline,disciplined,cold,buf_kib=122880;ws_over_l2=6.000,22,0.098464
02-measurement-discipline,disciplined,cold,buf_kib=122880;ws_over_l2=6.000,23,0.099072
02-measurement-discipline,disciplined,cold,buf_kib=122880;ws_over_l2=6.000,24,0.099328
02-measurement-discipline,disciplined,cold,buf_kib=122880;ws_over_l2=6.000,25,0.098720
02-measurement-discipline,disciplined,cold,buf_kib=122880;ws_over_l2=6.000,26,0.098464
02-measurement-discipline,disciplined,cold,buf_kib=122880;ws_over_l2=6.000,27,0.098592
02-measurement-discipline,disciplined,cold,buf_kib=122880;ws_over_l2=6.000,28,0.098656
02-measurement-discipline,disciplined,cold,buf_kib=122880;ws_over_l2=6.000,29,0.098720
02-measurement-discipline,disciplined,cold,buf_kib=122880;ws_over_l2=6.000,30,0.098720
02-measurement-discipline,disciplined,cold,buf_kib=122880;ws_over_l2=6.000,31,0.098528
02-measurement-discipline,disciplined,cold,buf_kib=122880;ws_over_l2=6.000,32,0.098656
02-measurement-discipline,disciplined,cold,buf_kib=122880;ws_over_l2=6.000,33,0.098848
02-measurement-discipline,disciplined,cold,buf_kib=122880;ws_over_l2=6.000,34,0.099232
02-measurement-discipline,disciplined,cold,buf_kib=122880;ws_over_l2=6.000,35,0.098272
02-measurement-discipline,disciplined,cold,buf_kib=122880;ws_over_l2=6.000,36,0.098848
02-measurement-discipline,disciplined,cold,buf_kib=122880;ws_over_l2=6.000,37,0.099264
02-measurement-discipline,disciplined,cold,buf_kib=122880;ws_over_l2=6.000,38,0.098400
02-measurement-discipline,disciplined,cold,buf_kib=122880;ws_over_l2=6.000,39,0.099264
02-measurement-discipline,disciplined,cold,buf_kib=122880;ws_over_l2=6.000,40,0.098336
02-measurement-discipline,disciplined,cold,buf_kib=122880;ws_over_l2=6.000,41,0.098560
02-measurement-discipline,disciplined,cold,buf_kib=122880;ws_over_l2=6.000,42,0.097856
02-measurement-discipline,disciplined,cold,buf_kib=122880;ws_over_l2=6.000,43,0.099200
02-measurement-discipline,disciplined,cold,buf_kib=122880;ws_over_l2=6.000,44,0.098912
02-measurement-discipline,disciplined,cold,buf_kib=122880;ws_over_l2=6.000,45,0.098816
02-measurement-discipline,disciplined,cold,buf_kib=122880;ws_over_l2=6.000,46,0.098560
02-measurement-discipline,disciplined,cold,buf_kib=122880;ws_over_l2=6.000,47,0.100064
02-measurement-discipline,disciplined,cold,buf_kib=122880;ws_over_l2=6.000,48,0.098720
02-measurement-discipline,disciplined,cold,buf_kib=122880;ws_over_l2=6.000,49,0.096992
02-measurement-discipline,disciplined,hot,buf_kib=122880;ws_over_l2=6.000,0,0.091795
02-measurement-discipline,disciplined,hot,buf_kib=122880;ws_over_l2=6.000,1,0.091648
02-measurement-discipline,disciplined,hot,buf_kib=122880;ws_over_l2=6.000,2,0.091646
02-measurement-discipline,disciplined,hot,buf_kib=122880;ws_over_l2=6.000,3,0.091734
02-measurement-discipline,disciplined,hot,buf_kib=122880;ws_over_l2=6.000,4,0.091733
02-measurement-discipline,disciplined,hot,buf_kib=122880;ws_over_l2=6.000,5,0.091866
02-measurement-discipline,disciplined,hot,buf_kib=122880;ws_over_l2=6.000,6,0.091709
02-measurement-discipline,disciplined,hot,buf_kib=122880;ws_over_l2=6.000,7,0.091894
02-measurement-discipline,disciplined,hot,buf_kib=122880;ws_over_l2=6.000,8,0.091816
02-measurement-discipline,disciplined,hot,buf_kib=122880;ws_over_l2=6.000,9,0.091784
02-measurement-discipline,disciplined,hot,buf_kib=122880;ws_over_l2=6.000,10,0.091853
02-measurement-discipline,disciplined,hot,buf_kib=122880;ws_over_l2=6.000,11,0.091861
02-measurement-discipline,disciplined,hot,buf_kib=122880;ws_over_l2=6.000,12,0.091818
02-measurement-discipline,disciplined,hot,buf_kib=122880;ws_over_l2=6.000,13,0.091626
02-measurement-discipline,disciplined,hot,buf_kib=122880;ws_over_l2=6.000,14,0.091712
02-measurement-discipline,disciplined,hot,buf_kib=122880;ws_over_l2=6.000,15,0.091834
02-measurement-discipline,disciplined,hot,buf_kib=122880;ws_over_l2=6.000,16,0.091981
02-measurement-discipline,disciplined,hot,buf_kib=122880;ws_over_l2=6.000,17,0.091597
02-measurement-discipline,disciplined,hot,buf_kib=122880;ws_over_l2=6.000,18,0.091901
02-measurement-discipline,disciplined,hot,buf_kib=122880;ws_over_l2=6.000,19,0.091746
02-measurement-discipline,disciplined,hot,buf_kib=122880;ws_over_l2=6.000,20,0.091634
02-measurement-discipline,disciplined,hot,buf_kib=122880;ws_over_l2=6.000,21,0.091768
02-measurement-discipline,disciplined,hot,buf_kib=122880;ws_over_l2=6.000,22,0.091621
02-measurement-discipline,disciplined,hot,buf_kib=122880;ws_over_l2=6.000,23,0.091998
02-measurement-discipline,disciplined,hot,buf_kib=122880;ws_over_l2=6.000,24,0.091584
02-measurement-discipline,disciplined,hot,buf_kib=122880;ws_over_l2=6.000,25,0.091835
02-measurement-discipline,disciplined,hot,buf_kib=122880;ws_over_l2=6.000,26,0.091602
02-measurement-discipline,disciplined,hot,buf_kib=122880;ws_over_l2=6.000,27,0.091710
02-measurement-discipline,disciplined,hot,buf_kib=122880;ws_over_l2=6.000,28,0.092011
02-measurement-discipline,disciplined,hot,buf_kib=122880;ws_over_l2=6.000,29,0.091658
02-measurement-discipline,disciplined,hot,buf_kib=122880;ws_over_l2=6.000,30,0.091650
02-measurement-discipline,disciplined,hot,buf_kib=122880;ws_over_l2=6.000,31,0.091629
02-measurement-discipline,disciplined,hot,buf_kib=122880;ws_over_l2=6.000,32,0.091893
02-measurement-discipline,disciplined,hot,buf_kib=122880;ws_over_l2=6.000,33,0.091717
02-measurement-discipline,disciplined,hot,buf_kib=122880;ws_over_l2=6.000,34,0.091843
02-measurement-discipline,disciplined,hot,buf_kib=122880;ws_over_l2=6.000,35,0.091691
02-measurement-discipline,disciplined,hot,buf_kib=122880;ws_over_l2=6.000,36,0.091566
02-measurement-discipline,disciplined,hot,buf_kib=122880;ws_over_l2=6.000,37,0.091982
02-measurement-discipline,disciplined,hot,buf_kib=122880;ws_over_l2=6.000,38,0.091592
02-measurement-discipline,disciplined,hot,buf_kib=122880;ws_over_l2=6.000,39,0.091918
02-measurement-discipline,disciplined,hot,buf_kib=122880;ws_over_l2=6.000,40,0.091829
02-measurement-discipline,disciplined,hot,buf_kib=122880;ws_over_l2=6.000,41,0.091565
02-measurement-discipline,disciplined,hot,buf_kib=122880;ws_over_l2=6.000,42,0.091826
02-measurement-discipline,disciplined,hot,buf_kib=122880;ws_over_l2=6.000,43,0.091734
02-measurement-discipline,disciplined,hot,buf_kib=122880;ws_over_l2=6.000,44,0.091542
02-measurement-discipline,disciplined,hot,buf_kib=122880;ws_over_l2=6.000,45,0.091674
02-measurement-discipline,disciplined,hot,buf_kib=122880;ws_over_l2=6.000,46,0.091614
02-measurement-discipline,disciplined,hot,buf_kib=122880;ws_over_l2=6.000,47,0.091605
02-measurement-discipline,disciplined,hot,buf_kib=122880;ws_over_l2=6.000,48,0.091594
02-measurement-discipline,disciplined,hot,buf_kib=122880;ws_over_l2=6.000,49,0.091723
02-measurement-discipline,wallclock,cold,buf_kib=262144;ws_over_l2=12.800,0,0.218270
02-measurement-discipline,wallclock,cold,buf_kib=262144;ws_over_l2=12.800,1,0.203414
02-measurement-discipline,wallclock,cold,buf_kib=262144;ws_over_l2=12.800,2,0.203030
02-measurement-discipline,wallclock,cold,buf_kib=262144;ws_over_l2=12.800,3,0.202710
02-measurement-discipline,wallclock,cold,buf_kib=262144;ws_over_l2=12.800,4,0.201435
02-measurement-discipline,wallclock,cold,buf_kib=262144;ws_over_l2=12.800,5,0.202038
02-measurement-discipline,wallclock,cold,buf_kib=262144;ws_over_l2=12.800,6,0.204793
02-measurement-discipline,wallclock,cold,buf_kib=262144;ws_over_l2=12.800,7,0.200955
02-measurement-discipline,wallclock,cold,buf_kib=262144;ws_over_l2=12.800,8,0.204112
02-measurement-discipline,wallclock,cold,buf_kib=262144;ws_over_l2=12.800,9,0.206191
02-measurement-discipline,wallclock,cold,buf_kib=262144;ws_over_l2=12.800,10,0.201801
02-measurement-discipline,wallclock,cold,buf_kib=262144;ws_over_l2=12.800,11,0.203702
02-measurement-discipline,wallclock,cold,buf_kib=262144;ws_over_l2=12.800,12,0.204781
02-measurement-discipline,wallclock,cold,buf_kib=262144;ws_over_l2=12.800,13,0.202121
02-measurement-discipline,wallclock,cold,buf_kib=262144;ws_over_l2=12.800,14,0.205622
02-measurement-discipline,wallclock,cold,buf_kib=262144;ws_over_l2=12.800,15,0.201333
02-measurement-discipline,wallclock,cold,buf_kib=262144;ws_over_l2=12.800,16,0.205322
02-measurement-discipline,wallclock,cold,buf_kib=262144;ws_over_l2=12.800,17,0.201959
02-measurement-discipline,wallclock,cold,buf_kib=262144;ws_over_l2=12.800,18,0.204744
02-measurement-discipline,wallclock,cold,buf_kib=262144;ws_over_l2=12.800,19,0.201714
02-measurement-discipline,wallclock,cold,buf_kib=262144;ws_over_l2=12.800,20,0.203970
02-measurement-discipline,wallclock,cold,buf_kib=262144;ws_over_l2=12.800,21,0.202077
02-measurement-discipline,wallclock,cold,buf_kib=262144;ws_over_l2=12.800,22,0.204958
02-measurement-discipline,wallclock,cold,buf_kib=262144;ws_over_l2=12.800,23,0.202795
02-measurement-discipline,wallclock,cold,buf_kib=262144;ws_over_l2=12.800,24,0.206597
02-measurement-discipline,wallclock,cold,buf_kib=262144;ws_over_l2=12.800,25,0.202117
02-measurement-discipline,wallclock,cold,buf_kib=262144;ws_over_l2=12.800,26,0.205355
02-measurement-discipline,wallclock,cold,buf_kib=262144;ws_over_l2=12.800,27,0.201400
02-measurement-discipline,wallclock,cold,buf_kib=262144;ws_over_l2=12.800,28,0.204083
02-measurement-discipline,wallclock,cold,buf_kib=262144;ws_over_l2=12.800,29,0.201429
02-measurement-discipline,wallclock,cold,buf_kib=262144;ws_over_l2=12.800,30,0.203843
02-measurement-discipline,wallclock,cold,buf_kib=262144;ws_over_l2=12.800,31,0.201715
02-measurement-discipline,wallclock,cold,buf_kib=262144;ws_over_l2=12.800,32,0.206990
02-measurement-discipline,wallclock,cold,buf_kib=262144;ws_over_l2=12.800,33,0.201633
02-measurement-discipline,wallclock,cold,buf_kib=262144;ws_over_l2=12.800,34,0.203114
02-measurement-discipline,wallclock,cold,buf_kib=262144;ws_over_l2=12.800,35,0.201841
02-measurement-discipline,wallclock,cold,buf_kib=262144;ws_over_l2=12.800,36,0.203007
02-measurement-discipline,wallclock,cold,buf_kib=262144;ws_over_l2=12.800,37,0.201266
02-measurement-discipline,wallclock,cold,buf_kib=262144;ws_over_l2=12.800,38,0.202204
02-measurement-discipline,wallclock,cold,buf_kib=262144;ws_over_l2=12.800,39,0.204522
02-measurement-discipline,wallclock,cold,buf_kib=262144;ws_over_l2=12.800,40,0.204293
02-measurement-discipline,wallclock,cold,buf_kib=262144;ws_over_l2=12.800,41,0.203445
02-measurement-discipline,wallclock,cold,buf_kib=262144;ws_over_l2=12.800,42,0.202162
02-measurement-discipline,wallclock,cold,buf_kib=262144;ws_over_l2=12.800,43,0.204839
02-measurement-discipline,wallclock,cold,buf_kib=262144;ws_over_l2=12.800,44,0.200314
02-measurement-discipline,wallclock,cold,buf_kib=262144;ws_over_l2=12.800,45,0.204766
02-measurement-discipline,wallclock,cold,buf_kib=262144;ws_over_l2=12.800,46,0.201803
02-measurement-discipline,wallclock,cold,buf_kib=262144;ws_over_l2=12.800,47,0.203435
02-measurement-discipline,wallclock,cold,buf_kib=262144;ws_over_l2=12.800,48,0.203295
02-measurement-discipline,wallclock,cold,buf_kib=262144;ws_over_l2=12.800,49,0.204191
02-measurement-discipline,no-flush,cold,buf_kib=262144;ws_over_l2=12.800,0,0.203136
02-measurement-discipline,no-flush,cold,buf_kib=262144;ws_over_l2=12.800,1,0.199488
02-measurement-discipline,no-flush,cold,buf_kib=262144;ws_over_l2=12.800,2,0.203488
02-measurement-discipline,no-flush,cold,buf_kib=262144;ws_over_l2=12.800,3,0.198144
02-measurement-discipline,no-flush,cold,buf_kib=262144;ws_over_l2=12.800,4,0.202496
02-measurement-discipline,no-flush,cold,buf_kib=262144;ws_over_l2=12.800,5,0.198304
02-measurement-discipline,no-flush,cold,buf_kib=262144;ws_over_l2=12.800,6,0.203232
02-measurement-discipline,no-flush,cold,buf_kib=262144;ws_over_l2=12.800,7,0.198688
02-measurement-discipline,no-flush,cold,buf_kib=262144;ws_over_l2=12.800,8,0.201856
02-measurement-discipline,no-flush,cold,buf_kib=262144;ws_over_l2=12.800,9,0.198368
02-measurement-discipline,no-flush,cold,buf_kib=262144;ws_over_l2=12.800,10,0.202432
02-measurement-discipline,no-flush,cold,buf_kib=262144;ws_over_l2=12.800,11,0.198464
02-measurement-discipline,no-flush,cold,buf_kib=262144;ws_over_l2=12.800,12,0.202560
02-measurement-discipline,no-flush,cold,buf_kib=262144;ws_over_l2=12.800,13,0.198624
02-measurement-discipline,no-flush,cold,buf_kib=262144;ws_over_l2=12.800,14,0.202400
02-measurement-discipline,no-flush,cold,buf_kib=262144;ws_over_l2=12.800,15,0.198752
02-measurement-discipline,no-flush,cold,buf_kib=262144;ws_over_l2=12.800,16,0.201664
02-measurement-discipline,no-flush,cold,buf_kib=262144;ws_over_l2=12.800,17,0.198848
02-measurement-discipline,no-flush,cold,buf_kib=262144;ws_over_l2=12.800,18,0.203488
02-measurement-discipline,no-flush,cold,buf_kib=262144;ws_over_l2=12.800,19,0.201952
02-measurement-discipline,no-flush,cold,buf_kib=262144;ws_over_l2=12.800,20,0.202976
02-measurement-discipline,no-flush,cold,buf_kib=262144;ws_over_l2=12.800,21,0.198496
02-measurement-discipline,no-flush,cold,buf_kib=262144;ws_over_l2=12.800,22,0.199072
02-measurement-discipline,no-flush,cold,buf_kib=262144;ws_over_l2=12.800,23,0.200672
02-measurement-discipline,no-flush,cold,buf_kib=262144;ws_over_l2=12.800,24,0.200896
02-measurement-discipline,no-flush,cold,buf_kib=262144;ws_over_l2=12.800,25,0.201632
02-measurement-discipline,no-flush,cold,buf_kib=262144;ws_over_l2=12.800,26,0.197600
02-measurement-discipline,no-flush,cold,buf_kib=262144;ws_over_l2=12.800,27,0.203232
02-measurement-discipline,no-flush,cold,buf_kib=262144;ws_over_l2=12.800,28,0.201824
02-measurement-discipline,no-flush,cold,buf_kib=262144;ws_over_l2=12.800,29,0.198304
02-measurement-discipline,no-flush,cold,buf_kib=262144;ws_over_l2=12.800,30,0.204960
02-measurement-discipline,no-flush,cold,buf_kib=262144;ws_over_l2=12.800,31,0.197952
02-measurement-discipline,no-flush,cold,buf_kib=262144;ws_over_l2=12.800,32,0.200800
02-measurement-discipline,no-flush,cold,buf_kib=262144;ws_over_l2=12.800,33,0.198176
02-measurement-discipline,no-flush,cold,buf_kib=262144;ws_over_l2=12.800,34,0.203296
02-measurement-discipline,no-flush,cold,buf_kib=262144;ws_over_l2=12.800,35,0.198080
02-measurement-discipline,no-flush,cold,buf_kib=262144;ws_over_l2=12.800,36,0.201760
02-measurement-discipline,no-flush,cold,buf_kib=262144;ws_over_l2=12.800,37,0.200512
02-measurement-discipline,no-flush,cold,buf_kib=262144;ws_over_l2=12.800,38,0.200384
02-measurement-discipline,no-flush,cold,buf_kib=262144;ws_over_l2=12.800,39,0.201312
02-measurement-discipline,no-flush,cold,buf_kib=262144;ws_over_l2=12.800,40,0.199968
02-measurement-discipline,no-flush,cold,buf_kib=262144;ws_over_l2=12.800,41,0.202016
02-measurement-discipline,no-flush,cold,buf_kib=262144;ws_over_l2=12.800,42,0.200992
02-measurement-discipline,no-flush,cold,buf_kib=262144;ws_over_l2=12.800,43,0.202144
02-measurement-discipline,no-flush,cold,buf_kib=262144;ws_over_l2=12.800,44,0.197504
02-measurement-discipline,no-flush,cold,buf_kib=262144;ws_over_l2=12.800,45,0.200864
02-measurement-discipline,no-flush,cold,buf_kib=262144;ws_over_l2=12.800,46,0.198400
02-measurement-discipline,no-flush,cold,buf_kib=262144;ws_over_l2=12.800,47,0.199872
02-measurement-discipline,no-flush,cold,buf_kib=262144;ws_over_l2=12.800,48,0.197696
02-measurement-discipline,no-flush,cold,buf_kib=262144;ws_over_l2=12.800,49,0.201280
02-measurement-discipline,batched,cold,buf_kib=262144;ws_over_l2=12.800,0,0.198016
02-measurement-discipline,batched,cold,buf_kib=262144;ws_over_l2=12.800,1,0.197320
02-measurement-discipline,batched,cold,buf_kib=262144;ws_over_l2=12.800,2,0.197328
02-measurement-discipline,batched,cold,buf_kib=262144;ws_over_l2=12.800,3,0.197363
02-measurement-discipline,batched,cold,buf_kib=262144;ws_over_l2=12.800,4,0.197443
02-measurement-discipline,batched,cold,buf_kib=262144;ws_over_l2=12.800,5,0.197891
02-measurement-discipline,batched,cold,buf_kib=262144;ws_over_l2=12.800,6,0.197486
02-measurement-discipline,batched,cold,buf_kib=262144;ws_over_l2=12.800,7,0.197416
02-measurement-discipline,batched,cold,buf_kib=262144;ws_over_l2=12.800,8,0.197392
02-measurement-discipline,batched,cold,buf_kib=262144;ws_over_l2=12.800,9,0.197614
02-measurement-discipline,batched,cold,buf_kib=262144;ws_over_l2=12.800,10,0.197182
02-measurement-discipline,batched,cold,buf_kib=262144;ws_over_l2=12.800,11,0.197413
02-measurement-discipline,batched,cold,buf_kib=262144;ws_over_l2=12.800,12,0.197262
02-measurement-discipline,batched,cold,buf_kib=262144;ws_over_l2=12.800,13,0.197251
02-measurement-discipline,batched,cold,buf_kib=262144;ws_over_l2=12.800,14,0.196698
02-measurement-discipline,batched,cold,buf_kib=262144;ws_over_l2=12.800,15,0.197259
02-measurement-discipline,batched,cold,buf_kib=262144;ws_over_l2=12.800,16,0.197618
02-measurement-discipline,batched,cold,buf_kib=262144;ws_over_l2=12.800,17,0.198074
02-measurement-discipline,batched,cold,buf_kib=262144;ws_over_l2=12.800,18,0.196880
02-measurement-discipline,batched,cold,buf_kib=262144;ws_over_l2=12.800,19,0.197610
02-measurement-discipline,batched,cold,buf_kib=262144;ws_over_l2=12.800,20,0.197283
02-measurement-discipline,batched,cold,buf_kib=262144;ws_over_l2=12.800,21,0.197422
02-measurement-discipline,batched,cold,buf_kib=262144;ws_over_l2=12.800,22,0.197597
02-measurement-discipline,batched,cold,buf_kib=262144;ws_over_l2=12.800,23,0.197488
02-measurement-discipline,batched,cold,buf_kib=262144;ws_over_l2=12.800,24,0.197555
02-measurement-discipline,batched,cold,buf_kib=262144;ws_over_l2=12.800,25,0.197557
02-measurement-discipline,batched,cold,buf_kib=262144;ws_over_l2=12.800,26,0.197424
02-measurement-discipline,batched,cold,buf_kib=262144;ws_over_l2=12.800,27,0.197504
02-measurement-discipline,batched,cold,buf_kib=262144;ws_over_l2=12.800,28,0.197659
02-measurement-discipline,batched,cold,buf_kib=262144;ws_over_l2=12.800,29,0.197168
02-measurement-discipline,batched,cold,buf_kib=262144;ws_over_l2=12.800,30,0.197659
02-measurement-discipline,batched,cold,buf_kib=262144;ws_over_l2=12.800,31,0.196858
02-measurement-discipline,batched,cold,buf_kib=262144;ws_over_l2=12.800,32,0.196960
02-measurement-discipline,batched,cold,buf_kib=262144;ws_over_l2=12.800,33,0.197472
02-measurement-discipline,batched,cold,buf_kib=262144;ws_over_l2=12.800,34,0.197509
02-measurement-discipline,batched,cold,buf_kib=262144;ws_over_l2=12.800,35,0.197254
02-measurement-discipline,batched,cold,buf_kib=262144;ws_over_l2=12.800,36,0.196976
02-measurement-discipline,batched,cold,buf_kib=262144;ws_over_l2=12.800,37,0.197312
02-measurement-discipline,batched,cold,buf_kib=262144;ws_over_l2=12.800,38,0.197480
02-measurement-discipline,batched,cold,buf_kib=262144;ws_over_l2=12.800,39,0.197302
02-measurement-discipline,batched,cold,buf_kib=262144;ws_over_l2=12.800,40,0.197277
02-measurement-discipline,batched,cold,buf_kib=262144;ws_over_l2=12.800,41,0.196856
02-measurement-discipline,batched,cold,buf_kib=262144;ws_over_l2=12.800,42,0.197624
02-measurement-discipline,batched,cold,buf_kib=262144;ws_over_l2=12.800,43,0.197338
02-measurement-discipline,batched,cold,buf_kib=262144;ws_over_l2=12.800,44,0.197326
02-measurement-discipline,batched,cold,buf_kib=262144;ws_over_l2=12.800,45,0.196918
02-measurement-discipline,batched,cold,buf_kib=262144;ws_over_l2=12.800,46,0.197565
02-measurement-discipline,batched,cold,buf_kib=262144;ws_over_l2=12.800,47,0.197669
02-measurement-discipline,batched,cold,buf_kib=262144;ws_over_l2=12.800,48,0.197277
02-measurement-discipline,batched,cold,buf_kib=262144;ws_over_l2=12.800,49,0.197670
02-measurement-discipline,disciplined,cold,buf_kib=262144;ws_over_l2=12.800,0,0.204544
02-measurement-discipline,disciplined,cold,buf_kib=262144;ws_over_l2=12.800,1,0.202976
02-measurement-discipline,disciplined,cold,buf_kib=262144;ws_over_l2=12.800,2,0.201088
02-measurement-discipline,disciplined,cold,buf_kib=262144;ws_over_l2=12.800,3,0.201920
02-measurement-discipline,disciplined,cold,buf_kib=262144;ws_over_l2=12.800,4,0.202624
02-measurement-discipline,disciplined,cold,buf_kib=262144;ws_over_l2=12.800,5,0.201120
02-measurement-discipline,disciplined,cold,buf_kib=262144;ws_over_l2=12.800,6,0.201344
02-measurement-discipline,disciplined,cold,buf_kib=262144;ws_over_l2=12.800,7,0.202624
02-measurement-discipline,disciplined,cold,buf_kib=262144;ws_over_l2=12.800,8,0.202528
02-measurement-discipline,disciplined,cold,buf_kib=262144;ws_over_l2=12.800,9,0.203712
02-measurement-discipline,disciplined,cold,buf_kib=262144;ws_over_l2=12.800,10,0.202208
02-measurement-discipline,disciplined,cold,buf_kib=262144;ws_over_l2=12.800,11,0.201760
02-measurement-discipline,disciplined,cold,buf_kib=262144;ws_over_l2=12.800,12,0.202560
02-measurement-discipline,disciplined,cold,buf_kib=262144;ws_over_l2=12.800,13,0.201664
02-measurement-discipline,disciplined,cold,buf_kib=262144;ws_over_l2=12.800,14,0.201952
02-measurement-discipline,disciplined,cold,buf_kib=262144;ws_over_l2=12.800,15,0.202976
02-measurement-discipline,disciplined,cold,buf_kib=262144;ws_over_l2=12.800,16,0.203872
02-measurement-discipline,disciplined,cold,buf_kib=262144;ws_over_l2=12.800,17,0.201408
02-measurement-discipline,disciplined,cold,buf_kib=262144;ws_over_l2=12.800,18,0.202304
02-measurement-discipline,disciplined,cold,buf_kib=262144;ws_over_l2=12.800,19,0.202272
02-measurement-discipline,disciplined,cold,buf_kib=262144;ws_over_l2=12.800,20,0.200832
02-measurement-discipline,disciplined,cold,buf_kib=262144;ws_over_l2=12.800,21,0.201344
02-measurement-discipline,disciplined,cold,buf_kib=262144;ws_over_l2=12.800,22,0.202752
02-measurement-discipline,disciplined,cold,buf_kib=262144;ws_over_l2=12.800,23,0.201504
02-measurement-discipline,disciplined,cold,buf_kib=262144;ws_over_l2=12.800,24,0.202080
02-measurement-discipline,disciplined,cold,buf_kib=262144;ws_over_l2=12.800,25,0.203040
02-measurement-discipline,disciplined,cold,buf_kib=262144;ws_over_l2=12.800,26,0.202592
02-measurement-discipline,disciplined,cold,buf_kib=262144;ws_over_l2=12.800,27,0.203968
02-measurement-discipline,disciplined,cold,buf_kib=262144;ws_over_l2=12.800,28,0.202560
02-measurement-discipline,disciplined,cold,buf_kib=262144;ws_over_l2=12.800,29,0.202016
02-measurement-discipline,disciplined,cold,buf_kib=262144;ws_over_l2=12.800,30,0.202816
02-measurement-discipline,disciplined,cold,buf_kib=262144;ws_over_l2=12.800,31,0.201312
02-measurement-discipline,disciplined,cold,buf_kib=262144;ws_over_l2=12.800,32,0.202912
02-measurement-discipline,disciplined,cold,buf_kib=262144;ws_over_l2=12.800,33,0.201216
02-measurement-discipline,disciplined,cold,buf_kib=262144;ws_over_l2=12.800,34,0.202528
02-measurement-discipline,disciplined,cold,buf_kib=262144;ws_over_l2=12.800,35,0.202048
02-measurement-discipline,disciplined,cold,buf_kib=262144;ws_over_l2=12.800,36,0.200832
02-measurement-discipline,disciplined,cold,buf_kib=262144;ws_over_l2=12.800,37,0.202944
02-measurement-discipline,disciplined,cold,buf_kib=262144;ws_over_l2=12.800,38,0.201472
02-measurement-discipline,disciplined,cold,buf_kib=262144;ws_over_l2=12.800,39,0.202240
02-measurement-discipline,disciplined,cold,buf_kib=262144;ws_over_l2=12.800,40,0.201248
02-measurement-discipline,disciplined,cold,buf_kib=262144;ws_over_l2=12.800,41,0.201408
02-measurement-discipline,disciplined,cold,buf_kib=262144;ws_over_l2=12.800,42,0.201792
02-measurement-discipline,disciplined,cold,buf_kib=262144;ws_over_l2=12.800,43,0.204832
02-measurement-discipline,disciplined,cold,buf_kib=262144;ws_over_l2=12.800,44,0.203104
02-measurement-discipline,disciplined,cold,buf_kib=262144;ws_over_l2=12.800,45,0.201184
02-measurement-discipline,disciplined,cold,buf_kib=262144;ws_over_l2=12.800,46,0.200768
02-measurement-discipline,disciplined,cold,buf_kib=262144;ws_over_l2=12.800,47,0.202496
02-measurement-discipline,disciplined,cold,buf_kib=262144;ws_over_l2=12.800,48,0.201024
02-measurement-discipline,disciplined,cold,buf_kib=262144;ws_over_l2=12.800,49,0.200832
02-measurement-discipline,disciplined,hot,buf_kib=262144;ws_over_l2=12.800,0,0.195974
02-measurement-discipline,disciplined,hot,buf_kib=262144;ws_over_l2=12.800,1,0.195539
02-measurement-discipline,disciplined,hot,buf_kib=262144;ws_over_l2=12.800,2,0.195659
02-measurement-discipline,disciplined,hot,buf_kib=262144;ws_over_l2=12.800,3,0.196021
02-measurement-discipline,disciplined,hot,buf_kib=262144;ws_over_l2=12.800,4,0.195765
02-measurement-discipline,disciplined,hot,buf_kib=262144;ws_over_l2=12.800,5,0.195834
02-measurement-discipline,disciplined,hot,buf_kib=262144;ws_over_l2=12.800,6,0.196285
02-measurement-discipline,disciplined,hot,buf_kib=262144;ws_over_l2=12.800,7,0.195958
02-measurement-discipline,disciplined,hot,buf_kib=262144;ws_over_l2=12.800,8,0.195982
02-measurement-discipline,disciplined,hot,buf_kib=262144;ws_over_l2=12.800,9,0.196115
02-measurement-discipline,disciplined,hot,buf_kib=262144;ws_over_l2=12.800,10,0.196069
02-measurement-discipline,disciplined,hot,buf_kib=262144;ws_over_l2=12.800,11,0.195653
02-measurement-discipline,disciplined,hot,buf_kib=262144;ws_over_l2=12.800,12,0.195691
02-measurement-discipline,disciplined,hot,buf_kib=262144;ws_over_l2=12.800,13,0.195792
02-measurement-discipline,disciplined,hot,buf_kib=262144;ws_over_l2=12.800,14,0.196445
02-measurement-discipline,disciplined,hot,buf_kib=262144;ws_over_l2=12.800,15,0.195634
02-measurement-discipline,disciplined,hot,buf_kib=262144;ws_over_l2=12.800,16,0.195666
02-measurement-discipline,disciplined,hot,buf_kib=262144;ws_over_l2=12.800,17,0.195485
02-measurement-discipline,disciplined,hot,buf_kib=262144;ws_over_l2=12.800,18,0.195810
02-measurement-discipline,disciplined,hot,buf_kib=262144;ws_over_l2=12.800,19,0.196202
02-measurement-discipline,disciplined,hot,buf_kib=262144;ws_over_l2=12.800,20,0.195710
02-measurement-discipline,disciplined,hot,buf_kib=262144;ws_over_l2=12.800,21,0.195693
02-measurement-discipline,disciplined,hot,buf_kib=262144;ws_over_l2=12.800,22,0.196040
02-measurement-discipline,disciplined,hot,buf_kib=262144;ws_over_l2=12.800,23,0.195712
02-measurement-discipline,disciplined,hot,buf_kib=262144;ws_over_l2=12.800,24,0.195499
02-measurement-discipline,disciplined,hot,buf_kib=262144;ws_over_l2=12.800,25,0.196042
02-measurement-discipline,disciplined,hot,buf_kib=262144;ws_over_l2=12.800,26,0.195877
02-measurement-discipline,disciplined,hot,buf_kib=262144;ws_over_l2=12.800,27,0.195730
02-measurement-discipline,disciplined,hot,buf_kib=262144;ws_over_l2=12.800,28,0.196557
02-measurement-discipline,disciplined,hot,buf_kib=262144;ws_over_l2=12.800,29,0.195418
02-measurement-discipline,disciplined,hot,buf_kib=262144;ws_over_l2=12.800,30,0.196018
02-measurement-discipline,disciplined,hot,buf_kib=262144;ws_over_l2=12.800,31,0.196195
02-measurement-discipline,disciplined,hot,buf_kib=262144;ws_over_l2=12.800,32,0.195680
02-measurement-discipline,disciplined,hot,buf_kib=262144;ws_over_l2=12.800,33,0.195392
02-measurement-discipline,disciplined,hot,buf_kib=262144;ws_over_l2=12.800,34,0.195923
02-measurement-discipline,disciplined,hot,buf_kib=262144;ws_over_l2=12.800,35,0.195870
02-measurement-discipline,disciplined,hot,buf_kib=262144;ws_over_l2=12.800,36,0.195850
02-measurement-discipline,disciplined,hot,buf_kib=262144;ws_over_l2=12.800,37,0.195334
02-measurement-discipline,disciplined,hot,buf_kib=262144;ws_over_l2=12.800,38,0.195544
02-measurement-discipline,disciplined,hot,buf_kib=262144;ws_over_l2=12.800,39,0.195811
02-measurement-discipline,disciplined,hot,buf_kib=262144;ws_over_l2=12.800,40,0.195915
02-measurement-discipline,disciplined,hot,buf_kib=262144;ws_over_l2=12.800,41,0.196387
02-measurement-discipline,disciplined,hot,buf_kib=262144;ws_over_l2=12.800,42,0.195931
02-measurement-discipline,disciplined,hot,buf_kib=262144;ws_over_l2=12.800,43,0.196120
02-measurement-discipline,disciplined,hot,buf_kib=262144;ws_over_l2=12.800,44,0.195802
02-measurement-discipline,disciplined,hot,buf_kib=262144;ws_over_l2=12.800,45,0.195762
02-measurement-discipline,disciplined,hot,buf_kib=262144;ws_over_l2=12.800,46,0.195803
02-measurement-discipline,disciplined,hot,buf_kib=262144;ws_over_l2=12.800,47,0.196078
02-measurement-discipline,disciplined,hot,buf_kib=262144;ws_over_l2=12.800,48,0.196035
02-measurement-discipline,disciplined,hot,buf_kib=262144;ws_over_l2=12.800,49,0.195797
