kernel,variant,mode,shape,sample,ms
02-measurement-discipline,wallclock,cold,buf_kib=3840;ws_over_l2=0.188,0,0.024510
02-measurement-discipline,wallclock,cold,buf_kib=3840;ws_over_l2=0.188,1,0.012259
02-measurement-discipline,wallclock,cold,buf_kib=3840;ws_over_l2=0.188,2,0.014090
02-measurement-discipline,wallclock,cold,buf_kib=3840;ws_over_l2=0.188,3,0.011831
02-measurement-discipline,wallclock,cold,buf_kib=3840;ws_over_l2=0.188,4,0.011322
02-measurement-discipline,wallclock,cold,buf_kib=3840;ws_over_l2=0.188,5,0.011529
02-measurement-discipline,wallclock,cold,buf_kib=3840;ws_over_l2=0.188,6,0.011770
02-measurement-discipline,wallclock,cold,buf_kib=3840;ws_over_l2=0.188,7,0.011405
02-measurement-discipline,wallclock,cold,buf_kib=3840;ws_over_l2=0.188,8,0.010846
02-measurement-discipline,wallclock,cold,buf_kib=3840;ws_over_l2=0.188,9,0.011575
02-measurement-discipline,wallclock,cold,buf_kib=3840;ws_over_l2=0.188,10,0.010845
02-measurement-discipline,wallclock,cold,buf_kib=3840;ws_over_l2=0.188,11,0.010925
02-measurement-discipline,wallclock,cold,buf_kib=3840;ws_over_l2=0.188,12,0.010970
02-measurement-discipline,wallclock,cold,buf_kib=3840;ws_over_l2=0.188,13,0.011325
02-measurement-discipline,wallclock,cold,buf_kib=3840;ws_over_l2=0.188,14,0.011063
02-measurement-discipline,wallclock,cold,buf_kib=3840;ws_over_l2=0.188,15,0.010929
02-measurement-discipline,wallclock,cold,buf_kib=3840;ws_over_l2=0.188,16,0.011389
02-measurement-discipline,wallclock,cold,buf_kib=3840;ws_over_l2=0.188,17,0.010925
02-measurement-discipline,wallclock,cold,buf_kib=3840;ws_over_l2=0.188,18,0.010894
02-measurement-discipline,wallclock,cold,buf_kib=3840;ws_over_l2=0.188,19,0.010801
02-measurement-discipline,wallclock,cold,buf_kib=3840;ws_over_l2=0.188,20,0.011472
02-measurement-discipline,wallclock,cold,buf_kib=3840;ws_over_l2=0.188,21,0.011065
02-measurement-discipline,wallclock,cold,buf_kib=3840;ws_over_l2=0.188,22,0.010726
02-measurement-discipline,wallclock,cold,buf_kib=3840;ws_over_l2=0.188,23,0.011493
02-measurement-discipline,wallclock,cold,buf_kib=3840;ws_over_l2=0.188,24,0.011143
02-measurement-discipline,wallclock,cold,buf_kib=3840;ws_over_l2=0.188,25,0.010790
02-measurement-discipline,wallclock,cold,buf_kib=3840;ws_over_l2=0.188,26,0.010770
02-measurement-discipline,wallclock,cold,buf_kib=3840;ws_over_l2=0.188,27,0.011580
02-measurement-discipline,wallclock,cold,buf_kib=3840;ws_over_l2=0.188,28,0.010836
02-measurement-discipline,wallclock,cold,buf_kib=3840;ws_over_l2=0.188,29,0.010928
02-measurement-discipline,wallclock,cold,buf_kib=3840;ws_over_l2=0.188,30,0.011492
02-measurement-discipline,wallclock,cold,buf_kib=3840;ws_over_l2=0.188,31,0.011204
02-measurement-discipline,wallclock,cold,buf_kib=3840;ws_over_l2=0.188,32,0.010706
02-measurement-discipline,wallclock,cold,buf_kib=3840;ws_over_l2=0.188,33,0.011081
02-measurement-discipline,wallclock,cold,buf_kib=3840;ws_over_l2=0.188,34,0.011375
02-measurement-discipline,wallclock,cold,buf_kib=3840;ws_over_l2=0.188,35,0.011187
02-measurement-discipline,wallclock,cold,buf_kib=3840;ws_over_l2=0.188,36,0.010807
02-measurement-discipline,wallclock,cold,buf_kib=3840;ws_over_l2=0.188,37,0.011367
02-measurement-discipline,wallclock,cold,buf_kib=3840;ws_over_l2=0.188,38,0.010727
02-measurement-discipline,wallclock,cold,buf_kib=3840;ws_over_l2=0.188,39,0.012482
02-measurement-discipline,wallclock,cold,buf_kib=3840;ws_over_l2=0.188,40,0.010768
02-measurement-discipline,wallclock,cold,buf_kib=3840;ws_over_l2=0.188,41,0.011329
02-measurement-discipline,wallclock,cold,buf_kib=3840;ws_over_l2=0.188,42,0.010848
02-measurement-discipline,wallclock,cold,buf_kib=3840;ws_over_l2=0.188,43,0.010846
02-measurement-discipline,wallclock,cold,buf_kib=3840;ws_over_l2=0.188,44,0.010966
02-measurement-discipline,wallclock,cold,buf_kib=3840;ws_over_l2=0.188,45,0.011731
02-measurement-discipline,wallclock,cold,buf_kib=3840;ws_over_l2=0.188,46,0.010852
02-measurement-discipline,wallclock,cold,buf_kib=3840;ws_over_l2=0.188,47,0.010768
02-measurement-discipline,wallclock,cold,buf_kib=3840;ws_over_l2=0.188,48,0.011602
02-measurement-discipline,wallclock,cold,buf_kib=3840;ws_over_l2=0.188,49,0.011046
02-measurement-discipline,no-flush,cold,buf_kib=3840;ws_over_l2=0.188,0,0.008672
02-measurement-discipline,no-flush,cold,buf_kib=3840;ws_over_l2=0.188,1,0.007872
02-measurement-discipline,no-flush,cold,buf_kib=3840;ws_over_l2=0.188,2,0.007776
02-measurement-discipline,no-flush,cold,buf_kib=3840;ws_over_l2=0.188,3,0.008448
02-measurement-discipline,no-flush,cold,buf_kib=3840;ws_over_l2=0.188,4,0.007904
02-measurement-discipline,no-flush,cold,buf_kib=3840;ws_over_l2=0.188,5,0.007776
02-measurement-discipline,no-flush,cold,buf_kib=3840;ws_over_l2=0.188,6,0.007872
02-measurement-discipline,no-flush,cold,buf_kib=3840;ws_over_l2=0.188,7,0.008256
02-measurement-discipline,no-flush,cold,buf_kib=3840;ws_over_l2=0.188,8,0.007904
02-measurement-discipline,no-flush,cold,buf_kib=3840;ws_over_l2=0.188,9,0.007808
02-measurement-discipline,no-flush,cold,buf_kib=3840;ws_over_l2=0.188,10,0.008192
02-measurement-discipline,no-flush,cold,buf_kib=3840;ws_over_l2=0.188,11,0.007968
02-measurement-discipline,no-flush,cold,buf_kib=3840;ws_over_l2=0.188,12,0.007872
02-measurement-discipline,no-flush,cold,buf_kib=3840;ws_over_l2=0.188,13,0.008128
02-measurement-discipline,no-flush,cold,buf_kib=3840;ws_over_l2=0.188,14,0.007904
02-measurement-discipline,no-flush,cold,buf_kib=3840;ws_over_l2=0.188,15,0.007808
02-measurement-discipline,no-flush,cold,buf_kib=3840;ws_over_l2=0.188,16,0.008192
02-measurement-discipline,no-flush,cold,buf_kib=3840;ws_over_l2=0.188,17,0.007680
02-measurement-discipline,no-flush,cold,buf_kib=3840;ws_over_l2=0.188,18,0.007776
02-measurement-discipline,no-flush,cold,buf_kib=3840;ws_over_l2=0.188,19,0.007872
02-measurement-discipline,no-flush,cold,buf_kib=3840;ws_over_l2=0.188,20,0.008480
02-measurement-discipline,no-flush,cold,buf_kib=3840;ws_over_l2=0.188,21,0.007904
02-measurement-discipline,no-flush,cold,buf_kib=3840;ws_over_l2=0.188,22,0.008000
02-measurement-discipline,no-flush,cold,buf_kib=3840;ws_over_l2=0.188,23,0.008160
02-measurement-discipline,no-flush,cold,buf_kib=3840;ws_over_l2=0.188,24,0.007968
02-measurement-discipline,no-flush,cold,buf_kib=3840;ws_over_l2=0.188,25,0.008064
02-measurement-discipline,no-flush,cold,buf_kib=3840;ws_over_l2=0.188,26,0.008128
02-measurement-discipline,no-flush,cold,buf_kib=3840;ws_over_l2=0.188,27,0.007936
02-measurement-discipline,no-flush,cold,buf_kib=3840;ws_over_l2=0.188,28,0.007904
02-measurement-discipline,no-flush,cold,buf_kib=3840;ws_over_l2=0.188,29,0.007840
02-measurement-discipline,no-flush,cold,buf_kib=3840;ws_over_l2=0.188,30,0.007648
02-measurement-discipline,no-flush,cold,buf_kib=3840;ws_over_l2=0.188,31,0.007968
02-measurement-discipline,no-flush,cold,buf_kib=3840;ws_over_l2=0.188,32,0.007840
02-measurement-discipline,no-flush,cold,buf_kib=3840;ws_over_l2=0.188,33,0.008320
02-measurement-discipline,no-flush,cold,buf_kib=3840;ws_over_l2=0.188,34,0.007904
02-measurement-discipline,no-flush,cold,buf_kib=3840;ws_over_l2=0.188,35,0.007968
02-measurement-discipline,no-flush,cold,buf_kib=3840;ws_over_l2=0.188,36,0.007968
02-measurement-discipline,no-flush,cold,buf_kib=3840;ws_over_l2=0.188,37,0.007872
02-measurement-discipline,no-flush,cold,buf_kib=3840;ws_over_l2=0.188,38,0.007808
02-measurement-discipline,no-flush,cold,buf_kib=3840;ws_over_l2=0.188,39,0.007936
02-measurement-discipline,no-flush,cold,buf_kib=3840;ws_over_l2=0.188,40,0.007616
02-measurement-discipline,no-flush,cold,buf_kib=3840;ws_over_l2=0.188,41,0.008000
02-measurement-discipline,no-flush,cold,buf_kib=3840;ws_over_l2=0.188,42,0.007776
02-measurement-discipline,no-flush,cold,buf_kib=3840;ws_over_l2=0.188,43,0.008928
02-measurement-discipline,no-flush,cold,buf_kib=3840;ws_over_l2=0.188,44,0.007712
02-measurement-discipline,no-flush,cold,buf_kib=3840;ws_over_l2=0.188,45,0.007872
02-measurement-discipline,no-flush,cold,buf_kib=3840;ws_over_l2=0.188,46,0.008192
02-measurement-discipline,no-flush,cold,buf_kib=3840;ws_over_l2=0.188,47,0.008000
02-measurement-discipline,no-flush,cold,buf_kib=3840;ws_over_l2=0.188,48,0.007840
02-measurement-discipline,no-flush,cold,buf_kib=3840;ws_over_l2=0.188,49,0.008576
02-measurement-discipline,batched,cold,buf_kib=3840;ws_over_l2=0.188,0,0.004314
02-measurement-discipline,batched,cold,buf_kib=3840;ws_over_l2=0.188,1,0.004339
02-measurement-discipline,batched,cold,buf_kib=3840;ws_over_l2=0.188,2,0.004363
02-measurement-discipline,batched,cold,buf_kib=3840;ws_over_l2=0.188,3,0.004336
02-measurement-discipline,batched,cold,buf_kib=3840;ws_over_l2=0.188,4,0.004309
02-measurement-discipline,batched,cold,buf_kib=3840;ws_over_l2=0.188,5,0.004310
02-measurement-discipline,batched,cold,buf_kib=3840;ws_over_l2=0.188,6,0.004346
02-measurement-discipline,batched,cold,buf_kib=3840;ws_over_l2=0.188,7,0.004344
02-measurement-discipline,batched,cold,buf_kib=3840;ws_over_l2=0.188,8,0.004338
02-measurement-discipline,batched,cold,buf_kib=3840;ws_over_l2=0.188,9,0.004338
02-measurement-discipline,batched,cold,buf_kib=3840;ws_over_l2=0.188,10,0.004323
02-measurement-discipline,batched,cold,buf_kib=3840;ws_over_l2=0.188,11,0.004325
02-measurement-discipline,batched,cold,buf_kib=3840;ws_over_l2=0.188,12,0.004309
02-measurement-discipline,batched,cold,buf_kib=3840;ws_over_l2=0.188,13,0.004333
02-measurement-discipline,batched,cold,buf_kib=3840;ws_over_l2=0.188,14,0.004347
02-measurement-discipline,batched,cold,buf_kib=3840;ws_over_l2=0.188,15,0.004330
02-measurement-discipline,batched,cold,buf_kib=3840;ws_over_l2=0.188,16,0.004338
02-measurement-discipline,batched,cold,buf_kib=3840;ws_over_l2=0.188,17,0.004334
02-measurement-discipline,batched,cold,buf_kib=3840;ws_over_l2=0.188,18,0.004320
02-measurement-discipline,batched,cold,buf_kib=3840;ws_over_l2=0.188,19,0.004360
02-measurement-discipline,batched,cold,buf_kib=3840;ws_over_l2=0.188,20,0.004310
02-measurement-discipline,batched,cold,buf_kib=3840;ws_over_l2=0.188,21,0.004354
02-measurement-discipline,batched,cold,buf_kib=3840;ws_over_l2=0.188,22,0.004346
02-measurement-discipline,batched,cold,buf_kib=3840;ws_over_l2=0.188,23,0.004318
02-measurement-discipline,batched,cold,buf_kib=3840;ws_over_l2=0.188,24,0.004365
02-measurement-discipline,batched,cold,buf_kib=3840;ws_over_l2=0.188,25,0.004322
02-measurement-discipline,batched,cold,buf_kib=3840;ws_over_l2=0.188,26,0.004331
02-measurement-discipline,batched,cold,buf_kib=3840;ws_over_l2=0.188,27,0.004334
02-measurement-discipline,batched,cold,buf_kib=3840;ws_over_l2=0.188,28,0.004310
02-measurement-discipline,batched,cold,buf_kib=3840;ws_over_l2=0.188,29,0.004341
02-measurement-discipline,batched,cold,buf_kib=3840;ws_over_l2=0.188,30,0.004317
02-measurement-discipline,batched,cold,buf_kib=3840;ws_over_l2=0.188,31,0.004323
02-measurement-discipline,batched,cold,buf_kib=3840;ws_over_l2=0.188,32,0.004293
02-measurement-discipline,batched,cold,buf_kib=3840;ws_over_l2=0.188,33,0.004344
02-measurement-discipline,batched,cold,buf_kib=3840;ws_over_l2=0.188,34,0.004304
02-measurement-discipline,batched,cold,buf_kib=3840;ws_over_l2=0.188,35,0.004334
02-measurement-discipline,batched,cold,buf_kib=3840;ws_over_l2=0.188,36,0.004318
02-measurement-discipline,batched,cold,buf_kib=3840;ws_over_l2=0.188,37,0.004326
02-measurement-discipline,batched,cold,buf_kib=3840;ws_over_l2=0.188,38,0.004349
02-measurement-discipline,batched,cold,buf_kib=3840;ws_over_l2=0.188,39,0.004362
02-measurement-discipline,batched,cold,buf_kib=3840;ws_over_l2=0.188,40,0.004299
02-measurement-discipline,batched,cold,buf_kib=3840;ws_over_l2=0.188,41,0.004341
02-measurement-discipline,batched,cold,buf_kib=3840;ws_over_l2=0.188,42,0.004312
02-measurement-discipline,batched,cold,buf_kib=3840;ws_over_l2=0.188,43,0.004288
02-measurement-discipline,batched,cold,buf_kib=3840;ws_over_l2=0.188,44,0.004326
02-measurement-discipline,batched,cold,buf_kib=3840;ws_over_l2=0.188,45,0.004328
02-measurement-discipline,batched,cold,buf_kib=3840;ws_over_l2=0.188,46,0.004302
02-measurement-discipline,batched,cold,buf_kib=3840;ws_over_l2=0.188,47,0.004342
02-measurement-discipline,batched,cold,buf_kib=3840;ws_over_l2=0.188,48,0.004330
02-measurement-discipline,batched,cold,buf_kib=3840;ws_over_l2=0.188,49,0.004328
02-measurement-discipline,disciplined,cold,buf_kib=3840;ws_over_l2=0.188,0,0.010656
02-measurement-discipline,disciplined,cold,buf_kib=3840;ws_over_l2=0.188,1,0.009440
02-measurement-discipline,disciplined,cold,buf_kib=3840;ws_over_l2=0.188,2,0.009600
02-measurement-discipline,disciplined,cold,buf_kib=3840;ws_over_l2=0.188,3,0.009472
02-measurement-discipline,disciplined,cold,buf_kib=3840;ws_over_l2=0.188,4,0.009440
02-measurement-discipline,disciplined,cold,buf_kib=3840;ws_over_l2=0.188,5,0.009504
02-measurement-discipline,disciplined,cold,buf_kib=3840;ws_over_l2=0.188,6,0.009440
02-measurement-discipline,disciplined,cold,buf_kib=3840;ws_over_l2=0.188,7,0.009856
02-measurement-discipline,disciplined,cold,buf_kib=3840;ws_over_l2=0.188,8,0.009504
02-measurement-discipline,disciplined,cold,buf_kib=3840;ws_over_l2=0.188,9,0.009472
02-measurement-discipline,disciplined,cold,buf_kib=3840;ws_over_l2=0.188,10,0.009536
02-measurement-discipline,disciplined,cold,buf_kib=3840;ws_over_l2=0.188,11,0.009568
02-measurement-discipline,disciplined,cold,buf_kib=3840;ws_over_l2=0.188,12,0.009504
02-measurement-discipline,disciplined,cold,buf_kib=3840;ws_over_l2=0.188,13,0.009536
02-measurement-discipline,disciplined,cold,buf_kib=3840;ws_over_l2=0.188,14,0.009760
02-measurement-discipline,disciplined,cold,buf_kib=3840;ws_over_l2=0.188,15,0.009440
02-measurement-discipline,disciplined,cold,buf_kib=3840;ws_over_l2=0.188,16,0.009536
02-measurement-discipline,disciplined,cold,buf_kib=3840;ws_over_l2=0.188,17,0.009440
02-measurement-discipline,disciplined,cold,buf_kib=3840;ws_over_l2=0.188,18,0.009376
02-measurement-discipline,disciplined,cold,buf_kib=3840;ws_over_l2=0.188,19,0.009408
02-measurement-discipline,disciplined,cold,buf_kib=3840;ws_over_l2=0.188,20,0.009376
02-measurement-discipline,disciplined,cold,buf_kib=3840;ws_over_l2=0.188,21,0.009952
02-measurement-discipline,disciplined,cold,buf_kib=3840;ws_over_l2=0.188,22,0.009696
02-measurement-discipline,disciplined,cold,buf_kib=3840;ws_over_l2=0.188,23,0.009504
02-measurement-discipline,disciplined,cold,buf_kib=3840;ws_over_l2=0.188,24,0.009504
02-measurement-discipline,disciplined,cold,buf_kib=3840;ws_over_l2=0.188,25,0.009408
02-measurement-discipline,disciplined,cold,buf_kib=3840;ws_over_l2=0.188,26,0.009440
02-measurement-discipline,disciplined,cold,buf_kib=3840;ws_over_l2=0.188,27,0.009440
02-measurement-discipline,disciplined,cold,buf_kib=3840;ws_over_l2=0.188,28,0.009792
02-measurement-discipline,disciplined,cold,buf_kib=3840;ws_over_l2=0.188,29,0.009536
02-measurement-discipline,disciplined,cold,buf_kib=3840;ws_over_l2=0.188,30,0.009376
02-measurement-discipline,disciplined,cold,buf_kib=3840;ws_over_l2=0.188,31,0.009376
02-measurement-discipline,disciplined,cold,buf_kib=3840;ws_over_l2=0.188,32,0.009408
02-measurement-discipline,disciplined,cold,buf_kib=3840;ws_over_l2=0.188,33,0.009440
02-measurement-discipline,disciplined,cold,buf_kib=3840;ws_over_l2=0.188,34,0.009344
02-measurement-discipline,disciplined,cold,buf_kib=3840;ws_over_l2=0.188,35,0.010656
02-measurement-discipline,disciplined,cold,buf_kib=3840;ws_over_l2=0.188,36,0.009504
02-measurement-discipline,disciplined,cold,buf_kib=3840;ws_over_l2=0.188,37,0.009728
02-measurement-discipline,disciplined,cold,buf_kib=3840;ws_over_l2=0.188,38,0.009472
02-measurement-discipline,disciplined,cold,buf_kib=3840;ws_over_l2=0.188,39,0.009440
02-measurement-discipline,disciplined,cold,buf_kib=3840;ws_over_l2=0.188,40,0.009440
02-measurement-discipline,disciplined,cold,buf_kib=3840;ws_over_l2=0.188,41,0.009344
02-measurement-discipline,disciplined,cold,buf_kib=3840;ws_over_l2=0.188,42,0.009856
02-measurement-discipline,disciplined,cold,buf_kib=3840;ws_over_l2=0.188,43,0.009472
02-measurement-discipline,disciplined,cold,buf_kib=3840;ws_over_l2=0.188,44,0.009632
02-measurement-discipline,disciplined,cold,buf_kib=3840;ws_over_l2=0.188,45,0.009408
02-measurement-discipline,disciplined,cold,buf_kib=3840;ws_over_l2=0.188,46,0.009568
02-measurement-discipline,disciplined,cold,buf_kib=3840;ws_over_l2=0.188,47,0.009760
02-measurement-discipline,disciplined,cold,buf_kib=3840;ws_over_l2=0.188,48,0.009568
02-measurement-discipline,disciplined,cold,buf_kib=3840;ws_over_l2=0.188,49,0.009888
02-measurement-discipline,disciplined,hot,buf_kib=3840;ws_over_l2=0.188,0,0.003298
02-measurement-discipline,disciplined,hot,buf_kib=3840;ws_over_l2=0.188,1,0.003285
02-measurement-discipline,disciplined,hot,buf_kib=3840;ws_over_l2=0.188,2,0.003267
02-measurement-discipline,disciplined,hot,buf_kib=3840;ws_over_l2=0.188,3,0.003270
02-measurement-discipline,disciplined,hot,buf_kib=3840;ws_over_l2=0.188,4,0.003278
02-measurement-discipline,disciplined,hot,buf_kib=3840;ws_over_l2=0.188,5,0.003272
02-measurement-discipline,disciplined,hot,buf_kib=3840;ws_over_l2=0.188,6,0.003270
02-measurement-discipline,disciplined,hot,buf_kib=3840;ws_over_l2=0.188,7,0.003269
02-measurement-discipline,disciplined,hot,buf_kib=3840;ws_over_l2=0.188,8,0.003270
02-measurement-discipline,disciplined,hot,buf_kib=3840;ws_over_l2=0.188,9,0.003299
02-measurement-discipline,disciplined,hot,buf_kib=3840;ws_over_l2=0.188,10,0.003270
02-measurement-discipline,disciplined,hot,buf_kib=3840;ws_over_l2=0.188,11,0.003278
02-measurement-discipline,disciplined,hot,buf_kib=3840;ws_over_l2=0.188,12,0.003270
02-measurement-discipline,disciplined,hot,buf_kib=3840;ws_over_l2=0.188,13,0.003272
02-measurement-discipline,disciplined,hot,buf_kib=3840;ws_over_l2=0.188,14,0.003262
02-measurement-discipline,disciplined,hot,buf_kib=3840;ws_over_l2=0.188,15,0.003269
02-measurement-discipline,disciplined,hot,buf_kib=3840;ws_over_l2=0.188,16,0.003270
02-measurement-discipline,disciplined,hot,buf_kib=3840;ws_over_l2=0.188,17,0.003270
02-measurement-discipline,disciplined,hot,buf_kib=3840;ws_over_l2=0.188,18,0.003272
02-measurement-discipline,disciplined,hot,buf_kib=3840;ws_over_l2=0.188,19,0.003274
02-measurement-discipline,disciplined,hot,buf_kib=3840;ws_over_l2=0.188,20,0.003282
02-measurement-discipline,disciplined,hot,buf_kib=3840;ws_over_l2=0.188,21,0.003274
02-measurement-discipline,disciplined,hot,buf_kib=3840;ws_over_l2=0.188,22,0.003280
02-measurement-discipline,disciplined,hot,buf_kib=3840;ws_over_l2=0.188,23,0.003272
02-measurement-discipline,disciplined,hot,buf_kib=3840;ws_over_l2=0.188,24,0.003269
02-measurement-discipline,disciplined,hot,buf_kib=3840;ws_over_l2=0.188,25,0.003267
02-measurement-discipline,disciplined,hot,buf_kib=3840;ws_over_l2=0.188,26,0.003275
02-measurement-discipline,disciplined,hot,buf_kib=3840;ws_over_l2=0.188,27,0.003269
02-measurement-discipline,disciplined,hot,buf_kib=3840;ws_over_l2=0.188,28,0.003275
02-measurement-discipline,disciplined,hot,buf_kib=3840;ws_over_l2=0.188,29,0.003267
02-measurement-discipline,disciplined,hot,buf_kib=3840;ws_over_l2=0.188,30,0.003278
02-measurement-discipline,disciplined,hot,buf_kib=3840;ws_over_l2=0.188,31,0.003270
02-measurement-discipline,disciplined,hot,buf_kib=3840;ws_over_l2=0.188,32,0.003272
02-measurement-discipline,disciplined,hot,buf_kib=3840;ws_over_l2=0.188,33,0.003278
02-measurement-discipline,disciplined,hot,buf_kib=3840;ws_over_l2=0.188,34,0.003264
02-measurement-discipline,disciplined,hot,buf_kib=3840;ws_over_l2=0.188,35,0.003266
02-measurement-discipline,disciplined,hot,buf_kib=3840;ws_over_l2=0.188,36,0.003269
02-measurement-discipline,disciplined,hot,buf_kib=3840;ws_over_l2=0.188,37,0.003272
02-measurement-discipline,disciplined,hot,buf_kib=3840;ws_over_l2=0.188,38,0.003261
02-measurement-discipline,disciplined,hot,buf_kib=3840;ws_over_l2=0.188,39,0.003267
02-measurement-discipline,disciplined,hot,buf_kib=3840;ws_over_l2=0.188,40,0.003267
02-measurement-discipline,disciplined,hot,buf_kib=3840;ws_over_l2=0.188,41,0.003266
02-measurement-discipline,disciplined,hot,buf_kib=3840;ws_over_l2=0.188,42,0.003282
02-measurement-discipline,disciplined,hot,buf_kib=3840;ws_over_l2=0.188,43,0.003267
02-measurement-discipline,disciplined,hot,buf_kib=3840;ws_over_l2=0.188,44,0.003266
02-measurement-discipline,disciplined,hot,buf_kib=3840;ws_over_l2=0.188,45,0.003272
02-measurement-discipline,disciplined,hot,buf_kib=3840;ws_over_l2=0.188,46,0.003272
02-measurement-discipline,disciplined,hot,buf_kib=3840;ws_over_l2=0.188,47,0.003274
02-measurement-discipline,disciplined,hot,buf_kib=3840;ws_over_l2=0.188,48,0.003288
02-measurement-discipline,disciplined,hot,buf_kib=3840;ws_over_l2=0.188,49,0.003272
02-measurement-discipline,wallclock,cold,buf_kib=7680;ws_over_l2=0.375,0,0.021994
02-measurement-discipline,wallclock,cold,buf_kib=7680;ws_over_l2=0.375,1,0.012210
02-measurement-discipline,wallclock,cold,buf_kib=7680;ws_over_l2=0.375,2,0.013213
02-measurement-discipline,wallclock,cold,buf_kib=7680;ws_over_l2=0.375,3,0.012003
02-measurement-discipline,wallclock,cold,buf_kib=7680;ws_over_l2=0.375,4,0.011889
02-measurement-discipline,wallclock,cold,buf_kib=7680;ws_over_l2=0.375,5,0.012205
02-measurement-discipline,wallclock,cold,buf_kib=7680;ws_over_l2=0.375,6,0.011933
02-measurement-discipline,wallclock,cold,buf_kib=7680;ws_over_l2=0.375,7,0.011847
02-measurement-discipline,wallclock,cold,buf_kib=7680;ws_over_l2=0.375,8,0.011730
02-measurement-discipline,wallclock,cold,buf_kib=7680;ws_over_l2=0.375,9,0.012288
02-measurement-discipline,wallclock,cold,buf_kib=7680;ws_over_l2=0.375,10,0.011563
02-measurement-discipline,wallclock,cold,buf_kib=7680;ws_over_l2=0.375,11,0.011765
02-measurement-discipline,wallclock,cold,buf_kib=7680;ws_over_l2=0.375,12,0.012903
02-measurement-discipline,wallclock,cold,buf_kib=7680;ws_over_l2=0.375,13,0.011677
02-measurement-discipline,wallclock,cold,buf_kib=7680;ws_over_l2=0.375,14,0.011683
02-measurement-discipline,wallclock,cold,buf_kib=7680;ws_over_l2=0.375,15,0.011929
02-measurement-discipline,wallclock,cold,buf_kib=7680;ws_over_l2=0.375,16,0.012345
02-measurement-discipline,wallclock,cold,buf_kib=7680;ws_over_l2=0.375,17,0.011549
02-measurement-discipline,wallclock,cold,buf_kib=7680;ws_over_l2=0.375,18,0.011523
02-measurement-discipline,wallclock,cold,buf_kib=7680;ws_over_l2=0.375,19,0.012133
02-measurement-discipline,wallclock,cold,buf_kib=7680;ws_over_l2=0.375,20,0.011679
02-measurement-discipline,wallclock,cold,buf_kib=7680;ws_over_l2=0.375,21,0.011652
02-measurement-discipline,wallclock,cold,buf_kib=7680;ws_over_l2=0.375,22,0.011924
02-measurement-discipline,wallclock,cold,buf_kib=7680;ws_over_l2=0.375,23,0.012163
02-measurement-discipline,wallclock,cold,buf_kib=7680;ws_over_l2=0.375,24,0.011561
02-measurement-discipline,wallclock,cold,buf_kib=7680;ws_over_l2=0.375,25,0.011601
02-measurement-discipline,wallclock,cold,buf_kib=7680;ws_over_l2=0.375,26,0.011883
02-measurement-discipline,wallclock,cold,buf_kib=7680;ws_over_l2=0.375,27,0.012100
02-measurement-discipline,wallclock,cold,buf_kib=7680;ws_over_l2=0.375,28,0.011997
02-measurement-discipline,wallclock,cold,buf_kib=7680;ws_over_l2=0.375,29,0.011767
02-measurement-discipline,wallclock,cold,buf_kib=7680;ws_over_l2=0.375,30,0.012163
02-measurement-discipline,wallclock,cold,buf_kib=7680;ws_over_l2=0.375,31,0.011528
02-measurement-discipline,wallclock,cold,buf_kib=7680;ws_over_l2=0.375,32,0.011530
02-measurement-discipline,wallclock,cold,buf_kib=7680;ws_over_l2=0.375,33,0.011810
02-measurement-discipline,wallclock,cold,buf_kib=7680;ws_over_l2=0.375,34,0.012167
02-measurement-discipline,wallclock,cold,buf_kib=7680;ws_over_l2=0.375,35,0.011703
02-measurement-discipline,wallclock,cold,buf_kib=7680;ws_over_l2=0.375,36,0.011632
02-measurement-discipline,wallclock,cold,buf_kib=7680;ws_over_l2=0.375,37,0.012521
02-measurement-discipline,wallclock,cold,buf_kib=7680;ws_over_l2=0.375,38,0.011970
02-measurement-discipline,wallclock,cold,buf_kib=7680;ws_over_l2=0.375,39,0.011562
02-measurement-discipline,wallclock,cold,buf_kib=7680;ws_over_l2=0.375,40,0.011609
02-measurement-discipline,wallclock,cold,buf_kib=7680;ws_over_l2=0.375,41,0.012284
02-measurement-discipline,wallclock,cold,buf_kib=7680;ws_over_l2=0.375,42,0.011606
02-measurement-discipline,wallclock,cold,buf_kib=7680;ws_over_l2=0.375,43,0.011707
02-measurement-discipline,wallclock,cold,buf_kib=7680;ws_over_l2=0.375,44,0.012269
02-measurement-discipline,wallclock,cold,buf_kib=7680;ws_over_l2=0.375,45,0.011728
02-measurement-discipline,wallclock,cold,buf_kib=7680;ws_over_l2=0.375,46,0.011532
02-measurement-discipline,wallclock,cold,buf_kib=7680;ws_over_l2=0.375,47,0.011768
02-measurement-discipline,wallclock,cold,buf_kib=7680;ws_over_l2=0.375,48,0.012206
02-measurement-discipline,wallclock,cold,buf_kib=7680;ws_over_l2=0.375,49,0.011648
02-measurement-discipline,no-flush,cold,buf_kib=7680;ws_over_l2=0.375,0,0.009152
02-measurement-discipline,no-flush,cold,buf_kib=7680;ws_over_l2=0.375,1,0.008640
02-measurement-discipline,no-flush,cold,buf_kib=7680;ws_over_l2=0.375,2,0.008576
02-measurement-discipline,no-flush,cold,buf_kib=7680;ws_over_l2=0.375,3,0.009184
02-measurement-discipline,no-flush,cold,buf_kib=7680;ws_over_l2=0.375,4,0.008672
02-measurement-discipline,no-flush,cold,buf_kib=7680;ws_over_l2=0.375,5,0.008416
02-measurement-discipline,no-flush,cold,buf_kib=7680;ws_over_l2=0.375,6,0.009472
02-measurement-discipline,no-flush,cold,buf_kib=7680;ws_over_l2=0.375,7,0.008672
02-measurement-discipline,no-flush,cold,buf_kib=7680;ws_over_l2=0.375,8,0.008672
02-measurement-discipline,no-flush,cold,buf_kib=7680;ws_over_l2=0.375,9,0.008512
02-measurement-discipline,no-flush,cold,buf_kib=7680;ws_over_l2=0.375,10,0.009472
02-measurement-discipline,no-flush,cold,buf_kib=7680;ws_over_l2=0.375,11,0.008544
02-measurement-discipline,no-flush,cold,buf_kib=7680;ws_over_l2=0.375,12,0.008640
02-measurement-discipline,no-flush,cold,buf_kib=7680;ws_over_l2=0.375,13,0.008512
02-measurement-discipline,no-flush,cold,buf_kib=7680;ws_over_l2=0.375,14,0.008736
02-measurement-discipline,no-flush,cold,buf_kib=7680;ws_over_l2=0.375,15,0.008480
02-measurement-discipline,no-flush,cold,buf_kib=7680;ws_over_l2=0.375,16,0.009152
02-measurement-discipline,no-flush,cold,buf_kib=7680;ws_over_l2=0.375,17,0.008640
02-measurement-discipline,no-flush,cold,buf_kib=7680;ws_over_l2=0.375,18,0.008576
02-measurement-discipline,no-flush,cold,buf_kib=7680;ws_over_l2=0.375,19,0.008544
02-measurement-discipline,no-flush,cold,buf_kib=7680;ws_over_l2=0.375,20,0.008384
02-measurement-discipline,no-flush,cold,buf_kib=7680;ws_over_l2=0.375,21,0.008608
02-measurement-discipline,no-flush,cold,buf_kib=7680;ws_over_l2=0.375,22,0.008736
02-measurement-discipline,no-flush,cold,buf_kib=7680;ws_over_l2=0.375,23,0.008960
02-measurement-discipline,no-flush,cold,buf_kib=7680;ws_over_l2=0.375,24,0.008416
02-measurement-discipline,no-flush,cold,buf_kib=7680;ws_over_l2=0.375,25,0.008480
02-measurement-discipline,no-flush,cold,buf_kib=7680;ws_over_l2=0.375,26,0.009088
02-measurement-discipline,no-flush,cold,buf_kib=7680;ws_over_l2=0.375,27,0.008736
02-measurement-discipline,no-flush,cold,buf_kib=7680;ws_over_l2=0.375,28,0.008896
02-measurement-discipline,no-flush,cold,buf_kib=7680;ws_over_l2=0.375,29,0.008992
02-measurement-discipline,no-flush,cold,buf_kib=7680;ws_over_l2=0.375,30,0.008480
02-measurement-discipline,no-flush,cold,buf_kib=7680;ws_over_l2=0.375,31,0.008416
02-measurement-discipline,no-flush,cold,buf_kib=7680;ws_over_l2=0.375,32,0.008864
02-measurement-discipline,no-flush,cold,buf_kib=7680;ws_over_l2=0.375,33,0.008640
02-measurement-discipline,no-flush,cold,buf_kib=7680;ws_over_l2=0.375,34,0.008896
02-measurement-discipline,no-flush,cold,buf_kib=7680;ws_over_l2=0.375,35,0.008544
02-measurement-discipline,no-flush,cold,buf_kib=7680;ws_over_l2=0.375,36,0.008704
02-measurement-discipline,no-flush,cold,buf_kib=7680;ws_over_l2=0.375,37,0.008512
02-measurement-discipline,no-flush,cold,buf_kib=7680;ws_over_l2=0.375,38,0.008640
02-measurement-discipline,no-flush,cold,buf_kib=7680;ws_over_l2=0.375,39,0.008672
02-measurement-discipline,no-flush,cold,buf_kib=7680;ws_over_l2=0.375,40,0.008704
02-measurement-discipline,no-flush,cold,buf_kib=7680;ws_over_l2=0.375,41,0.008768
02-measurement-discipline,no-flush,cold,buf_kib=7680;ws_over_l2=0.375,42,0.009024
02-measurement-discipline,no-flush,cold,buf_kib=7680;ws_over_l2=0.375,43,0.008512
02-measurement-discipline,no-flush,cold,buf_kib=7680;ws_over_l2=0.375,44,0.008640
02-measurement-discipline,no-flush,cold,buf_kib=7680;ws_over_l2=0.375,45,0.008928
02-measurement-discipline,no-flush,cold,buf_kib=7680;ws_over_l2=0.375,46,0.008928
02-measurement-discipline,no-flush,cold,buf_kib=7680;ws_over_l2=0.375,47,0.008672
02-measurement-discipline,no-flush,cold,buf_kib=7680;ws_over_l2=0.375,48,0.008640
02-measurement-discipline,no-flush,cold,buf_kib=7680;ws_over_l2=0.375,49,0.008736
02-measurement-discipline,batched,cold,buf_kib=7680;ws_over_l2=0.375,0,0.005093
02-measurement-discipline,batched,cold,buf_kib=7680;ws_over_l2=0.375,1,0.005117
02-measurement-discipline,batched,cold,buf_kib=7680;ws_over_l2=0.375,2,0.005077
02-measurement-discipline,batched,cold,buf_kib=7680;ws_over_l2=0.375,3,0.005080
02-measurement-discipline,batched,cold,buf_kib=7680;ws_over_l2=0.375,4,0.005123
02-measurement-discipline,batched,cold,buf_kib=7680;ws_over_l2=0.375,5,0.005086
02-measurement-discipline,batched,cold,buf_kib=7680;ws_over_l2=0.375,6,0.005099
02-measurement-discipline,batched,cold,buf_kib=7680;ws_over_l2=0.375,7,0.005098
02-measurement-discipline,batched,cold,buf_kib=7680;ws_over_l2=0.375,8,0.005086
02-measurement-discipline,batched,cold,buf_kib=7680;ws_over_l2=0.375,9,0.005102
02-measurement-discipline,batched,cold,buf_kib=7680;ws_over_l2=0.375,10,0.005088
02-measurement-discipline,batched,cold,buf_kib=7680;ws_over_l2=0.375,11,0.005096
02-measurement-discipline,batched,cold,buf_kib=7680;ws_over_l2=0.375,12,0.005123
02-measurement-discipline,batched,cold,buf_kib=7680;ws_over_l2=0.375,13,0.005126
02-measurement-discipline,batched,cold,buf_kib=7680;ws_over_l2=0.375,14,0.005098
02-measurement-discipline,batched,cold,buf_kib=7680;ws_over_l2=0.375,15,0.005131
02-measurement-discipline,batched,cold,buf_kib=7680;ws_over_l2=0.375,16,0.005085
02-measurement-discipline,batched,cold,buf_kib=7680;ws_over_l2=0.375,17,0.005096
02-measurement-discipline,batched,cold,buf_kib=7680;ws_over_l2=0.375,18,0.005080
02-measurement-discipline,batched,cold,buf_kib=7680;ws_over_l2=0.375,19,0.005085
02-measurement-discipline,batched,cold,buf_kib=7680;ws_over_l2=0.375,20,0.005086
02-measurement-discipline,batched,cold,buf_kib=7680;ws_over_l2=0.375,21,0.005123
02-measurement-discipline,batched,cold,buf_kib=7680;ws_over_l2=0.375,22,0.005085
02-measurement-discipline,batched,cold,buf_kib=7680;ws_over_l2=0.375,23,0.005102
02-measurement-discipline,batched,cold,buf_kib=7680;ws_over_l2=0.375,24,0.005096
02-measurement-discipline,batched,cold,buf_kib=7680;ws_over_l2=0.375,25,0.005091
02-measurement-discipline,batched,cold,buf_kib=7680;ws_over_l2=0.375,26,0.005099
02-measurement-discipline,batched,cold,buf_kib=7680;ws_over_l2=0.375,27,0.005099
02-measurement-discipline,batched,cold,buf_kib=7680;ws_over_l2=0.375,28,0.005117
02-measurement-discipline,batched,cold,buf_kib=7680;ws_over_l2=0.375,29,0.005093
02-measurement-discipline,batched,cold,buf_kib=7680;ws_over_l2=0.375,30,0.005102
02-measurement-discipline,batched,cold,buf_kib=7680;ws_over_l2=0.375,31,0.005150
02-measurement-discipline,batched,cold,buf_kib=7680;ws_over_l2=0.375,32,0.005098
02-measurement-discipline,batched,cold,buf_kib=7680;ws_over_l2=0.375,33,0.005080
02-measurement-discipline,batched,cold,buf_kib=7680;ws_over_l2=0.375,34,0.005083
02-measurement-discipline,batched,cold,buf_kib=7680;ws_over_l2=0.375,35,0.005123
02-measurement-discipline,batched,cold,buf_kib=7680;ws_over_l2=0.375,36,0.005168
02-measurement-discipline,batched,cold,buf_kib=7680;ws_over_l2=0.375,37,0.005098
02-measurement-discipline,batched,cold,buf_kib=7680;ws_over_l2=0.375,38,0.005115
02-measurement-discipline,batched,cold,buf_kib=7680;ws_over_l2=0.375,39,0.005110
02-measurement-discipline,batched,cold,buf_kib=7680;ws_over_l2=0.375,40,0.005096
02-measurement-discipline,batched,cold,buf_kib=7680;ws_over_l2=0.375,41,0.005120
02-measurement-discipline,batched,cold,buf_kib=7680;ws_over_l2=0.375,42,0.005118
02-measurement-discipline,batched,cold,buf_kib=7680;ws_over_l2=0.375,43,0.005104
02-measurement-discipline,batched,cold,buf_kib=7680;ws_over_l2=0.375,44,0.005107
02-measurement-discipline,batched,cold,buf_kib=7680;ws_over_l2=0.375,45,0.005099
02-measurement-discipline,batched,cold,buf_kib=7680;ws_over_l2=0.375,46,0.005096
02-measurement-discipline,batched,cold,buf_kib=7680;ws_over_l2=0.375,47,0.005141
02-measurement-discipline,batched,cold,buf_kib=7680;ws_over_l2=0.375,48,0.005091
02-measurement-discipline,batched,cold,buf_kib=7680;ws_over_l2=0.375,49,0.005091
02-measurement-discipline,disciplined,cold,buf_kib=7680;ws_over_l2=0.375,0,0.012640
02-measurement-discipline,disciplined,cold,buf_kib=7680;ws_over_l2=0.375,1,0.012512
02-measurement-discipline,disciplined,cold,buf_kib=7680;ws_over_l2=0.375,2,0.012576
02-measurement-discipline,disciplined,cold,buf_kib=7680;ws_over_l2=0.375,3,0.012544
02-measurement-discipline,disciplined,cold,buf_kib=7680;ws_over_l2=0.375,4,0.012864
02-measurement-discipline,disciplined,cold,buf_kib=7680;ws_over_l2=0.375,5,0.012832
02-measurement-discipline,disciplined,cold,buf_kib=7680;ws_over_l2=0.375,6,0.012704
02-measurement-discipline,disciplined,cold,buf_kib=7680;ws_over_l2=0.375,7,0.012288
02-measurement-discipline,disciplined,cold,buf_kib=7680;ws_over_l2=0.375,8,0.012576
02-measurement-discipline,disciplined,cold,buf_kib=7680;ws_over_l2=0.375,9,0.012672
02-measurement-discipline,disciplined,cold,buf_kib=7680;ws_over_l2=0.375,10,0.012416
02-measurement-discipline,disciplined,cold,buf_kib=7680;ws_over_l2=0.375,11,0.012448
02-measurement-discipline,disciplined,cold,buf_kib=7680;ws_over_l2=0.375,12,0.012448
02-measurement-discipline,disciplined,cold,buf_kib=7680;ws_over_l2=0.375,13,0.012704
02-measurement-discipline,disciplined,cold,buf_kib=7680;ws_over_l2=0.375,14,0.012640
02-measurement-discipline,disciplined,cold,buf_kib=7680;ws_over_l2=0.375,15,0.012704
02-measurement-discipline,disciplined,cold,buf_kib=7680;ws_over_l2=0.375,16,0.012704
02-measurement-discipline,disciplined,cold,buf_kib=7680;ws_over_l2=0.375,17,0.012608
02-measurement-discipline,disciplined,cold,buf_kib=7680;ws_over_l2=0.375,18,0.012800
02-measurement-discipline,disciplined,cold,buf_kib=7680;ws_over_l2=0.375,19,0.012672
02-measurement-discipline,disciplined,cold,buf_kib=7680;ws_over_l2=0.375,20,0.012640
02-measurement-discipline,disciplined,cold,buf_kib=7680;ws_over_l2=0.375,21,0.012512
02-measurement-discipline,disciplined,cold,buf_kib=7680;ws_over_l2=0.375,22,0.012512
02-measurement-discipline,disciplined,cold,buf_kib=7680;ws_over_l2=0.375,23,0.012512
02-measurement-discipline,disciplined,cold,buf_kib=7680;ws_over_l2=0.375,24,0.012480
02-measurement-discipline,disciplined,cold,buf_kib=7680;ws_over_l2=0.375,25,0.012864
02-measurement-discipline,disciplined,cold,buf_kib=7680;ws_over_l2=0.375,26,0.012512
02-measurement-discipline,disciplined,cold,buf_kib=7680;ws_over_l2=0.375,27,0.012640
02-measurement-discipline,disciplined,cold,buf_kib=7680;ws_over_l2=0.375,28,0.012608
02-measurement-discipline,disciplined,cold,buf_kib=7680;ws_over_l2=0.375,29,0.012640
02-measurement-discipline,disciplined,cold,buf_kib=7680;ws_over_l2=0.375,30,0.012640
02-measurement-discipline,disciplined,cold,buf_kib=7680;ws_over_l2=0.375,31,0.012736
02-measurement-discipline,disciplined,cold,buf_kib=7680;ws_over_l2=0.375,32,0.012416
02-measurement-discipline,disciplined,cold,buf_kib=7680;ws_over_l2=0.375,33,0.012672
02-measurement-discipline,disciplined,cold,buf_kib=7680;ws_over_l2=0.375,34,0.012704
02-measurement-discipline,disciplined,cold,buf_kib=7680;ws_over_l2=0.375,35,0.012480
02-measurement-discipline,disciplined,cold,buf_kib=7680;ws_over_l2=0.375,36,0.012672
02-measurement-discipline,disciplined,cold,buf_kib=7680;ws_over_l2=0.375,37,0.012544
02-measurement-discipline,disciplined,cold,buf_kib=7680;ws_over_l2=0.375,38,0.012640
02-measurement-discipline,disciplined,cold,buf_kib=7680;ws_over_l2=0.375,39,0.012416
02-measurement-discipline,disciplined,cold,buf_kib=7680;ws_over_l2=0.375,40,0.012736
02-measurement-discipline,disciplined,cold,buf_kib=7680;ws_over_l2=0.375,41,0.012576
02-measurement-discipline,disciplined,cold,buf_kib=7680;ws_over_l2=0.375,42,0.012608
02-measurement-discipline,disciplined,cold,buf_kib=7680;ws_over_l2=0.375,43,0.012736
02-measurement-discipline,disciplined,cold,buf_kib=7680;ws_over_l2=0.375,44,0.012480
02-measurement-discipline,disciplined,cold,buf_kib=7680;ws_over_l2=0.375,45,0.012640
02-measurement-discipline,disciplined,cold,buf_kib=7680;ws_over_l2=0.375,46,0.012640
02-measurement-discipline,disciplined,cold,buf_kib=7680;ws_over_l2=0.375,47,0.012576
02-measurement-discipline,disciplined,cold,buf_kib=7680;ws_over_l2=0.375,48,0.012512
02-measurement-discipline,disciplined,cold,buf_kib=7680;ws_over_l2=0.375,49,0.012800
02-measurement-discipline,disciplined,hot,buf_kib=7680;ws_over_l2=0.375,0,0.004194
02-measurement-discipline,disciplined,hot,buf_kib=7680;ws_over_l2=0.375,1,0.004149
02-measurement-discipline,disciplined,hot,buf_kib=7680;ws_over_l2=0.375,2,0.004155
02-measurement-discipline,disciplined,hot,buf_kib=7680;ws_over_l2=0.375,3,0.004158
02-measurement-discipline,disciplined,hot,buf_kib=7680;ws_over_l2=0.375,4,0.004171
02-measurement-discipline,disciplined,hot,buf_kib=7680;ws_over_l2=0.375,5,0.004154
02-measurement-discipline,disciplined,hot,buf_kib=7680;ws_over_l2=0.375,6,0.004165
02-measurement-discipline,disciplined,hot,buf_kib=7680;ws_over_l2=0.375,7,0.004155
02-measurement-discipline,disciplined,hot,buf_kib=7680;ws_over_l2=0.375,8,0.004165
02-measurement-discipline,disciplined,hot,buf_kib=7680;ws_over_l2=0.375,9,0.004173
02-measurement-discipline,disciplined,hot,buf_kib=7680;ws_over_l2=0.375,10,0.004141
02-measurement-discipline,disciplined,hot,buf_kib=7680;ws_over_l2=0.375,11,0.004182
02-measurement-discipline,disciplined,hot,buf_kib=7680;ws_over_l2=0.375,12,0.004158
02-measurement-discipline,disciplined,hot,buf_kib=7680;ws_over_l2=0.375,13,0.004166
02-measurement-discipline,disciplined,hot,buf_kib=7680;ws_over_l2=0.375,14,0.004157
02-measurement-discipline,disciplined,hot,buf_kib=7680;ws_over_l2=0.375,15,0.004154
02-measurement-discipline,disciplined,hot,buf_kib=7680;ws_over_l2=0.375,16,0.004158
02-measurement-discipline,disciplined,hot,buf_kib=7680;ws_over_l2=0.375,17,0.004152
02-measurement-discipline,disciplined,hot,buf_kib=7680;ws_over_l2=0.375,18,0.004166
02-measurement-discipline,disciplined,hot,buf_kib=7680;ws_over_l2=0.375,19,0.004173
02-measurement-discipline,disciplined,hot,buf_kib=7680;ws_over_l2=0.375,20,0.004158
02-measurement-discipline,disciplined,hot,buf_kib=7680;ws_over_l2=0.375,21,0.004162
02-measurement-discipline,disciplined,hot,buf_kib=7680;ws_over_l2=0.375,22,0.004160
02-measurement-discipline,disciplined,hot,buf_kib=7680;ws_over_l2=0.375,23,0.004163
02-measurement-discipline,disciplined,hot,buf_kib=7680;ws_over_l2=0.375,24,0.004154
02-measurement-discipline,disciplined,hot,buf_kib=7680;ws_over_l2=0.375,25,0.004158
02-measurement-discipline,disciplined,hot,buf_kib=7680;ws_over_l2=0.375,26,0.004162
02-measurement-discipline,disciplined,hot,buf_kib=7680;ws_over_l2=0.375,27,0.004162
02-measurement-discipline,disciplined,hot,buf_kib=7680;ws_over_l2=0.375,28,0.004178
02-measurement-discipline,disciplined,hot,buf_kib=7680;ws_over_l2=0.375,29,0.004162
02-measurement-discipline,disciplined,hot,buf_kib=7680;ws_over_l2=0.375,30,0.004170
02-measurement-discipline,disciplined,hot,buf_kib=7680;ws_over_l2=0.375,31,0.004158
02-measurement-discipline,disciplined,hot,buf_kib=7680;ws_over_l2=0.375,32,0.004152
02-measurement-discipline,disciplined,hot,buf_kib=7680;ws_over_l2=0.375,33,0.004158
02-measurement-discipline,disciplined,hot,buf_kib=7680;ws_over_l2=0.375,34,0.004176
02-measurement-discipline,disciplined,hot,buf_kib=7680;ws_over_l2=0.375,35,0.004162
02-measurement-discipline,disciplined,hot,buf_kib=7680;ws_over_l2=0.375,36,0.004158
02-measurement-discipline,disciplined,hot,buf_kib=7680;ws_over_l2=0.375,37,0.004168
02-measurement-discipline,disciplined,hot,buf_kib=7680;ws_over_l2=0.375,38,0.004157
02-measurement-discipline,disciplined,hot,buf_kib=7680;ws_over_l2=0.375,39,0.004162
02-measurement-discipline,disciplined,hot,buf_kib=7680;ws_over_l2=0.375,40,0.004158
02-measurement-discipline,disciplined,hot,buf_kib=7680;ws_over_l2=0.375,41,0.004158
02-measurement-discipline,disciplined,hot,buf_kib=7680;ws_over_l2=0.375,42,0.004165
02-measurement-discipline,disciplined,hot,buf_kib=7680;ws_over_l2=0.375,43,0.004158
02-measurement-discipline,disciplined,hot,buf_kib=7680;ws_over_l2=0.375,44,0.004160
02-measurement-discipline,disciplined,hot,buf_kib=7680;ws_over_l2=0.375,45,0.004155
02-measurement-discipline,disciplined,hot,buf_kib=7680;ws_over_l2=0.375,46,0.004147
02-measurement-discipline,disciplined,hot,buf_kib=7680;ws_over_l2=0.375,47,0.004170
02-measurement-discipline,disciplined,hot,buf_kib=7680;ws_over_l2=0.375,48,0.004154
02-measurement-discipline,disciplined,hot,buf_kib=7680;ws_over_l2=0.375,49,0.004162
02-measurement-discipline,wallclock,cold,buf_kib=15360;ws_over_l2=0.750,0,0.029186
02-measurement-discipline,wallclock,cold,buf_kib=15360;ws_over_l2=0.750,1,0.018819
02-measurement-discipline,wallclock,cold,buf_kib=15360;ws_over_l2=0.750,2,0.018408
02-measurement-discipline,wallclock,cold,buf_kib=15360;ws_over_l2=0.750,3,0.018927
02-measurement-discipline,wallclock,cold,buf_kib=15360;ws_over_l2=0.750,4,0.018238
02-measurement-discipline,wallclock,cold,buf_kib=15360;ws_over_l2=0.750,5,0.018372
02-measurement-discipline,wallclock,cold,buf_kib=15360;ws_over_l2=0.750,6,0.018240
02-measurement-discipline,wallclock,cold,buf_kib=15360;ws_over_l2=0.750,7,0.018760
02-measurement-discipline,wallclock,cold,buf_kib=15360;ws_over_l2=0.750,8,0.018210
02-measurement-discipline,wallclock,cold,buf_kib=15360;ws_over_l2=0.750,9,0.018035
02-measurement-discipline,wallclock,cold,buf_kib=15360;ws_over_l2=0.750,10,0.018014
02-measurement-discipline,wallclock,cold,buf_kib=15360;ws_over_l2=0.750,11,0.018663
02-measurement-discipline,wallclock,cold,buf_kib=15360;ws_over_l2=0.750,12,0.017882
02-measurement-discipline,wallclock,cold,buf_kib=15360;ws_over_l2=0.750,13,0.020737
02-measurement-discipline,wallclock,cold,buf_kib=15360;ws_over_l2=0.750,14,0.019373
02-measurement-discipline,wallclock,cold,buf_kib=15360;ws_over_l2=0.750,15,0.018391
02-measurement-discipline,wallclock,cold,buf_kib=15360;ws_over_l2=0.750,16,0.018158
02-measurement-discipline,wallclock,cold,buf_kib=15360;ws_over_l2=0.750,17,0.018164
02-measurement-discipline,wallclock,cold,buf_kib=15360;ws_over_l2=0.750,18,0.017736
02-measurement-discipline,wallclock,cold,buf_kib=15360;ws_over_l2=0.750,19,0.018637
02-measurement-discipline,wallclock,cold,buf_kib=15360;ws_over_l2=0.750,20,0.017976
02-measurement-discipline,wallclock,cold,buf_kib=15360;ws_over_l2=0.750,21,0.018404
02-measurement-discipline,wallclock,cold,buf_kib=15360;ws_over_l2=0.750,22,0.017856
02-measurement-discipline,wallclock,cold,buf_kib=15360;ws_over_l2=0.750,23,0.018041
02-measurement-discipline,wallclock,cold,buf_kib=15360;ws_over_l2=0.750,24,0.018573
02-measurement-discipline,wallclock,cold,buf_kib=15360;ws_over_l2=0.750,25,0.018795
02-measurement-discipline,wallclock,cold,buf_kib=15360;ws_over_l2=0.750,26,0.017954
02-measurement-discipline,wallclock,cold,buf_kib=15360;ws_over_l2=0.750,27,0.018146
02-measurement-discipline,wallclock,cold,buf_kib=15360;ws_over_l2=0.750,28,0.017850
02-measurement-discipline,wallclock,cold,buf_kib=15360;ws_over_l2=0.750,29,0.018326
02-measurement-discipline,wallclock,cold,buf_kib=15360;ws_over_l2=0.750,30,0.019361
02-measurement-discipline,wallclock,cold,buf_kib=15360;ws_over_l2=0.750,31,0.018243
02-measurement-discipline,wallclock,cold,buf_kib=15360;ws_over_l2=0.750,32,0.018283
02-measurement-discipline,wallclock,cold,buf_kib=15360;ws_over_l2=0.750,33,0.018085
02-measurement-discipline,wallclock,cold,buf_kib=15360;ws_over_l2=0.750,34,0.018010
02-measurement-discipline,wallclock,cold,buf_kib=15360;ws_over_l2=0.750,35,0.017968
02-measurement-discipline,wallclock,cold,buf_kib=15360;ws_over_l2=0.750,36,0.018007
02-measurement-discipline,wallclock,cold,buf_kib=15360;ws_over_l2=0.750,37,0.018646
02-measurement-discipline,wallclock,cold,buf_kib=15360;ws_over_l2=0.750,38,0.018083
02-measurement-discipline,wallclock,cold,buf_kib=15360;ws_over_l2=0.750,39,0.018728
02-measurement-discipline,wallclock,cold,buf_kib=15360;ws_over_l2=0.750,40,0.018329
02-measurement-discipline,wallclock,cold,buf_kib=15360;ws_over_l2=0.750,41,0.019162
02-measurement-discipline,wallclock,cold,buf_kib=15360;ws_over_l2=0.750,42,0.018491
02-measurement-discipline,wallclock,cold,buf_kib=15360;ws_over_l2=0.750,43,0.018045
02-measurement-discipline,wallclock,cold,buf_kib=15360;ws_over_l2=0.750,44,0.017891
02-measurement-discipline,wallclock,cold,buf_kib=15360;ws_over_l2=0.750,45,0.017887
02-measurement-discipline,wallclock,cold,buf_kib=15360;ws_over_l2=0.750,46,0.017833
02-measurement-discipline,wallclock,cold,buf_kib=15360;ws_over_l2=0.750,47,0.018873
02-measurement-discipline,wallclock,cold,buf_kib=15360;ws_over_l2=0.750,48,0.018712
02-measurement-discipline,wallclock,cold,buf_kib=15360;ws_over_l2=0.750,49,0.018562
02-measurement-discipline,no-flush,cold,buf_kib=15360;ws_over_l2=0.750,0,0.014944
02-measurement-discipline,no-flush,cold,buf_kib=15360;ws_over_l2=0.750,1,0.016096
02-measurement-discipline,no-flush,cold,buf_kib=15360;ws_over_l2=0.750,2,0.015008
02-measurement-discipline,no-flush,cold,buf_kib=15360;ws_over_l2=0.750,3,0.014784
02-measurement-discipline,no-flush,cold,buf_kib=15360;ws_over_l2=0.750,4,0.014688
02-measurement-discipline,no-flush,cold,buf_kib=15360;ws_over_l2=0.750,5,0.015040
02-measurement-discipline,no-flush,cold,buf_kib=15360;ws_over_l2=0.750,6,0.015104
02-measurement-discipline,no-flush,cold,buf_kib=15360;ws_over_l2=0.750,7,0.014752
02-measurement-discipline,no-flush,cold,buf_kib=15360;ws_over_l2=0.750,8,0.015392
02-measurement-discipline,no-flush,cold,buf_kib=15360;ws_over_l2=0.750,9,0.014880
02-measurement-discipline,no-flush,cold,buf_kib=15360;ws_over_l2=0.750,10,0.014528
02-measurement-discipline,no-flush,cold,buf_kib=15360;ws_over_l2=0.750,11,0.014784
02-measurement-discipline,no-flush,cold,buf_kib=15360;ws_over_l2=0.750,12,0.014944
02-measurement-discipline,no-flush,cold,buf_kib=15360;ws_over_l2=0.750,13,0.014848
02-measurement-discipline,no-flush,cold,buf_kib=15360;ws_over_l2=0.750,14,0.014944
02-measurement-discipline,no-flush,cold,buf_kib=15360;ws_over_l2=0.750,15,0.014560
02-measurement-discipline,no-flush,cold,buf_kib=15360;ws_over_l2=0.750,16,0.015232
02-measurement-discipline,no-flush,cold,buf_kib=15360;ws_over_l2=0.750,17,0.014688
02-measurement-discipline,no-flush,cold,buf_kib=15360;ws_over_l2=0.750,18,0.014720
02-measurement-discipline,no-flush,cold,buf_kib=15360;ws_over_l2=0.750,19,0.014368
02-measurement-discipline,no-flush,cold,buf_kib=15360;ws_over_l2=0.750,20,0.014272
02-measurement-discipline,no-flush,cold,buf_kib=15360;ws_over_l2=0.750,21,0.014784
02-measurement-discipline,no-flush,cold,buf_kib=15360;ws_over_l2=0.750,22,0.015616
02-measurement-discipline,no-flush,cold,buf_kib=15360;ws_over_l2=0.750,23,0.014944
02-measurement-discipline,no-flush,cold,buf_kib=15360;ws_over_l2=0.750,24,0.014912
02-measurement-discipline,no-flush,cold,buf_kib=15360;ws_over_l2=0.750,25,0.015296
02-measurement-discipline,no-flush,cold,buf_kib=15360;ws_over_l2=0.750,26,0.015648
02-measurement-discipline,no-flush,cold,buf_kib=15360;ws_over_l2=0.750,27,0.015040
02-measurement-discipline,no-flush,cold,buf_kib=15360;ws_over_l2=0.750,28,0.015136
02-measurement-discipline,no-flush,cold,buf_kib=15360;ws_over_l2=0.750,29,0.014784
02-measurement-discipline,no-flush,cold,buf_kib=15360;ws_over_l2=0.750,30,0.015872
02-measurement-discipline,no-flush,cold,buf_kib=15360;ws_over_l2=0.750,31,0.014528
02-measurement-discipline,no-flush,cold,buf_kib=15360;ws_over_l2=0.750,32,0.015328
02-measurement-discipline,no-flush,cold,buf_kib=15360;ws_over_l2=0.750,33,0.015328
02-measurement-discipline,no-flush,cold,buf_kib=15360;ws_over_l2=0.750,34,0.015072
02-measurement-discipline,no-flush,cold,buf_kib=15360;ws_over_l2=0.750,35,0.015232
02-measurement-discipline,no-flush,cold,buf_kib=15360;ws_over_l2=0.750,36,0.014592
02-measurement-discipline,no-flush,cold,buf_kib=15360;ws_over_l2=0.750,37,0.015328
02-measurement-discipline,no-flush,cold,buf_kib=15360;ws_over_l2=0.750,38,0.015232
02-measurement-discipline,no-flush,cold,buf_kib=15360;ws_over_l2=0.750,39,0.014656
02-measurement-discipline,no-flush,cold,buf_kib=15360;ws_over_l2=0.750,40,0.014944
02-measurement-discipline,no-flush,cold,buf_kib=15360;ws_over_l2=0.750,41,0.014816
02-measurement-discipline,no-flush,cold,buf_kib=15360;ws_over_l2=0.750,42,0.014848
02-measurement-discipline,no-flush,cold,buf_kib=15360;ws_over_l2=0.750,43,0.014528
02-measurement-discipline,no-flush,cold,buf_kib=15360;ws_over_l2=0.750,44,0.015040
02-measurement-discipline,no-flush,cold,buf_kib=15360;ws_over_l2=0.750,45,0.014720
02-measurement-discipline,no-flush,cold,buf_kib=15360;ws_over_l2=0.750,46,0.014912
02-measurement-discipline,no-flush,cold,buf_kib=15360;ws_over_l2=0.750,47,0.014656
02-measurement-discipline,no-flush,cold,buf_kib=15360;ws_over_l2=0.750,48,0.014944
02-measurement-discipline,no-flush,cold,buf_kib=15360;ws_over_l2=0.750,49,0.014592
02-measurement-discipline,batched,cold,buf_kib=15360;ws_over_l2=0.750,0,0.011989
02-measurement-discipline,batched,cold,buf_kib=15360;ws_over_l2=0.750,1,0.012170
02-measurement-discipline,batched,cold,buf_kib=15360;ws_over_l2=0.750,2,0.012245
02-measurement-discipline,batched,cold,buf_kib=15360;ws_over_l2=0.750,3,0.012067
02-measurement-discipline,batched,cold,buf_kib=15360;ws_over_l2=0.750,4,0.012126
02-measurement-discipline,batched,cold,buf_kib=15360;ws_over_l2=0.750,5,0.012133
02-measurement-discipline,batched,cold,buf_kib=15360;ws_over_l2=0.750,6,0.012130
02-measurement-discipline,batched,cold,buf_kib=15360;ws_over_l2=0.750,7,0.012211
02-measurement-discipline,batched,cold,buf_kib=15360;ws_over_l2=0.750,8,0.012094
02-measurement-discipline,batched,cold,buf_kib=15360;ws_over_l2=0.750,9,0.012200
02-measurement-discipline,batched,cold,buf_kib=15360;ws_over_l2=0.750,10,0.012277
02-measurement-discipline,batched,cold,buf_kib=15360;ws_over_l2=0.750,11,0.012106
02-measurement-discipline,batched,cold,buf_kib=15360;ws_over_l2=0.750,12,0.012248
02-measurement-discipline,batched,cold,buf_kib=15360;ws_over_l2=0.750,13,0.012115
02-measurement-discipline,batched,cold,buf_kib=15360;ws_over_l2=0.750,14,0.012211
02-measurement-discipline,batched,cold,buf_kib=15360;ws_over_l2=0.750,15,0.012082
02-measurement-discipline,batched,cold,buf_kib=15360;ws_over_l2=0.750,16,0.012277
02-measurement-discipline,batched,cold,buf_kib=15360;ws_over_l2=0.750,17,0.012075
02-measurement-discipline,batched,cold,buf_kib=15360;ws_over_l2=0.750,18,0.012219
02-measurement-discipline,batched,cold,buf_kib=15360;ws_over_l2=0.750,19,0.012053
02-measurement-discipline,batched,cold,buf_kib=15360;ws_over_l2=0.750,20,0.012046
02-measurement-discipline,batched,cold,buf_kib=15360;ws_over_l2=0.750,21,0.012104
02-measurement-discipline,batched,cold,buf_kib=15360;ws_over_l2=0.750,22,0.012099
02-measurement-discipline,batched,cold,buf_kib=15360;ws_over_l2=0.750,23,0.012259
02-measurement-discipline,batched,cold,buf_kib=15360;ws_over_l2=0.750,24,0.012138
02-measurement-discipline,batched,cold,buf_kib=15360;ws_over_l2=0.750,25,0.012032
02-measurement-discipline,batched,cold,buf_kib=15360;ws_over_l2=0.750,26,0.012186
02-measurement-discipline,batched,cold,buf_kib=15360;ws_over_l2=0.750,27,0.012240
02-measurement-discipline,batched,cold,buf_kib=15360;ws_over_l2=0.750,28,0.012178
02-measurement-discipline,batched,cold,buf_kib=15360;ws_over_l2=0.750,29,0.012122
02-measurement-discipline,batched,cold,buf_kib=15360;ws_over_l2=0.750,30,0.012074
02-measurement-discipline,batched,cold,buf_kib=15360;ws_over_l2=0.750,31,0.012294
02-measurement-discipline,batched,cold,buf_kib=15360;ws_over_l2=0.750,32,0.012266
02-measurement-discipline,batched,cold,buf_kib=15360;ws_over_l2=0.750,33,0.012152
02-measurement-discipline,batched,cold,buf_kib=15360;ws_over_l2=0.750,34,0.012133
02-measurement-discipline,batched,cold,buf_kib=15360;ws_over_l2=0.750,35,0.012189
02-measurement-discipline,batched,cold,buf_kib=15360;ws_over_l2=0.750,36,0.012016
02-measurement-discipline,batched,cold,buf_kib=15360;ws_over_l2=0.750,37,0.012162
02-measurement-discipline,batched,cold,buf_kib=15360;ws_over_l2=0.750,38,0.012126
02-measurement-discipline,batched,cold,buf_kib=15360;ws_over_l2=0.750,39,0.012144
02-measurement-discipline,batched,cold,buf_kib=15360;ws_over_l2=0.750,40,0.012122
02-measurement-discipline,batched,cold,buf_kib=15360;ws_over_l2=0.750,41,0.012200
02-measurement-discipline,batched,cold,buf_kib=15360;ws_over_l2=0.750,42,0.012083
02-measurement-discipline,batched,cold,buf_kib=15360;ws_over_l2=0.750,43,0.012261
02-measurement-discipline,batched,cold,buf_kib=15360;ws_over_l2=0.750,44,0.012197
02-measurement-discipline,batched,cold,buf_kib=15360;ws_over_l2=0.750,45,0.012198
02-measurement-discipline,batched,cold,buf_kib=15360;ws_over_l2=0.750,46,0.012173
02-measurement-discipline,batched,cold,buf_kib=15360;ws_over_l2=0.750,47,0.012115
02-measurement-discipline,batched,cold,buf_kib=15360;ws_over_l2=0.750,48,0.012067
02-measurement-discipline,batched,cold,buf_kib=15360;ws_over_l2=0.750,49,0.012106
02-measurement-discipline,disciplined,cold,buf_kib=15360;ws_over_l2=0.750,0,0.020000
02-measurement-discipline,disciplined,cold,buf_kib=15360;ws_over_l2=0.750,1,0.018560
02-measurement-discipline,disciplined,cold,buf_kib=15360;ws_over_l2=0.750,2,0.018976
02-measurement-discipline,disciplined,cold,buf_kib=15360;ws_over_l2=0.750,3,0.020000
02-measurement-discipline,disciplined,cold,buf_kib=15360;ws_over_l2=0.750,4,0.018752
02-measurement-discipline,disciplined,cold,buf_kib=15360;ws_over_l2=0.750,5,0.018656
02-measurement-discipline,disciplined,cold,buf_kib=15360;ws_over_l2=0.750,6,0.020064
02-measurement-discipline,disciplined,cold,buf_kib=15360;ws_over_l2=0.750,7,0.018592
02-measurement-discipline,disciplined,cold,buf_kib=15360;ws_over_l2=0.750,8,0.018720
02-measurement-discipline,disciplined,cold,buf_kib=15360;ws_over_l2=0.750,9,0.019808
02-measurement-discipline,disciplined,cold,buf_kib=15360;ws_over_l2=0.750,10,0.018624
02-measurement-discipline,disciplined,cold,buf_kib=15360;ws_over_l2=0.750,11,0.018688
02-measurement-discipline,disciplined,cold,buf_kib=15360;ws_over_l2=0.750,12,0.018688
02-measurement-discipline,disciplined,cold,buf_kib=15360;ws_over_l2=0.750,13,0.018688
02-measurement-discipline,disciplined,cold,buf_kib=15360;ws_over_l2=0.750,14,0.018592
02-measurement-discipline,disciplined,cold,buf_kib=15360;ws_over_l2=0.750,15,0.018592
02-measurement-discipline,disciplined,cold,buf_kib=15360;ws_over_l2=0.750,16,0.018496
02-measurement-discipline,disciplined,cold,buf_kib=15360;ws_over_l2=0.750,17,0.018912
02-measurement-discipline,disciplined,cold,buf_kib=15360;ws_over_l2=0.750,18,0.018784
02-measurement-discipline,disciplined,cold,buf_kib=15360;ws_over_l2=0.750,19,0.018752
02-measurement-discipline,disciplined,cold,buf_kib=15360;ws_over_l2=0.750,20,0.018752
02-measurement-discipline,disciplined,cold,buf_kib=15360;ws_over_l2=0.750,21,0.018560
02-measurement-discipline,disciplined,cold,buf_kib=15360;ws_over_l2=0.750,22,0.018784
02-measurement-discipline,disciplined,cold,buf_kib=15360;ws_over_l2=0.750,23,0.018880
02-measurement-discipline,disciplined,cold,buf_kib=15360;ws_over_l2=0.750,24,0.018560
02-measurement-discipline,disciplined,cold,buf_kib=15360;ws_over_l2=0.750,25,0.018464
02-measurement-discipline,disciplined,cold,buf_kib=15360;ws_over_l2=0.750,26,0.018816
02-measurement-discipline,disciplined,cold,buf_kib=15360;ws_over_l2=0.750,27,0.018720
02-measurement-discipline,disciplined,cold,buf_kib=15360;ws_over_l2=0.750,28,0.018912
02-measurement-discipline,disciplined,cold,buf_kib=15360;ws_over_l2=0.750,29,0.018752
02-measurement-discipline,disciplined,cold,buf_kib=15360;ws_over_l2=0.750,30,0.018752
02-measurement-discipline,disciplined,cold,buf_kib=15360;ws_over_l2=0.750,31,0.018688
02-measurement-discipline,disciplined,cold,buf_kib=15360;ws_over_l2=0.750,32,0.018560
02-measurement-discipline,disciplined,cold,buf_kib=15360;ws_over_l2=0.750,33,0.018720
02-measurement-discipline,disciplined,cold,buf_kib=15360;ws_over_l2=0.750,34,0.018784
02-measurement-discipline,disciplined,cold,buf_kib=15360;ws_over_l2=0.750,35,0.018720
02-measurement-discipline,disciplined,cold,buf_kib=15360;ws_over_l2=0.750,36,0.018976
02-measurement-discipline,disciplined,cold,buf_kib=15360;ws_over_l2=0.750,37,0.018560
02-measurement-discipline,disciplined,cold,buf_kib=15360;ws_over_l2=0.750,38,0.018816
02-measurement-discipline,disciplined,cold,buf_kib=15360;ws_over_l2=0.750,39,0.018656
02-measurement-discipline,disciplined,cold,buf_kib=15360;ws_over_l2=0.750,40,0.018688
02-measurement-discipline,disciplined,cold,buf_kib=15360;ws_over_l2=0.750,41,0.018880
02-measurement-discipline,disciplined,cold,buf_kib=15360;ws_over_l2=0.750,42,0.018624
02-measurement-discipline,disciplined,cold,buf_kib=15360;ws_over_l2=0.750,43,0.018816
02-measurement-discipline,disciplined,cold,buf_kib=15360;ws_over_l2=0.750,44,0.018720
02-measurement-discipline,disciplined,cold,buf_kib=15360;ws_over_l2=0.750,45,0.018784
02-measurement-discipline,disciplined,cold,buf_kib=15360;ws_over_l2=0.750,46,0.018784
02-measurement-discipline,disciplined,cold,buf_kib=15360;ws_over_l2=0.750,47,0.018848
02-measurement-discipline,disciplined,cold,buf_kib=15360;ws_over_l2=0.750,48,0.018816
02-measurement-discipline,disciplined,cold,buf_kib=15360;ws_over_l2=0.750,49,0.018784
02-measurement-discipline,disciplined,hot,buf_kib=15360;ws_over_l2=0.750,0,0.010741
02-measurement-discipline,disciplined,hot,buf_kib=15360;ws_over_l2=0.750,1,0.010605
02-measurement-discipline,disciplined,hot,buf_kib=15360;ws_over_l2=0.750,2,0.010533
02-measurement-discipline,disciplined,hot,buf_kib=15360;ws_over_l2=0.750,3,0.010662
02-measurement-discipline,disciplined,hot,buf_kib=15360;ws_over_l2=0.750,4,0.010558
02-measurement-discipline,disciplined,hot,buf_kib=15360;ws_over_l2=0.750,5,0.010547
02-measurement-discipline,disciplined,hot,buf_kib=15360;ws_over_l2=0.750,6,0.010554
02-measurement-discipline,disciplined,hot,buf_kib=15360;ws_over_l2=0.750,7,0.010602
02-measurement-discipline,disciplined,hot,buf_kib=15360;ws_over_l2=0.750,8,0.010477
02-measurement-discipline,disciplined,hot,buf_kib=15360;ws_over_l2=0.750,9,0.010610
02-measurement-discipline,disciplined,hot,buf_kib=15360;ws_over_l2=0.750,10,0.010650
02-measurement-discipline,disciplined,hot,buf_kib=15360;ws_over_l2=0.750,11,0.010621
02-measurement-discipline,disciplined,hot,buf_kib=15360;ws_over_l2=0.750,12,0.010626
02-measurement-discipline,disciplined,hot,buf_kib=15360;ws_over_l2=0.750,13,0.010651
02-measurement-discipline,disciplined,hot,buf_kib=15360;ws_over_l2=0.750,14,0.010616
02-measurement-discipline,disciplined,hot,buf_kib=15360;ws_over_l2=0.750,15,0.010608
02-measurement-discipline,disciplined,hot,buf_kib=15360;ws_over_l2=0.750,16,0.010523
02-measurement-discipline,disciplined,hot,buf_kib=15360;ws_over_l2=0.750,17,0.010659
02-measurement-discipline,disciplined,hot,buf_kib=15360;ws_over_l2=0.750,18,0.010552
02-measurement-discipline,disciplined,hot,buf_kib=15360;ws_over_l2=0.750,19,0.010614
02-measurement-discipline,disciplined,hot,buf_kib=15360;ws_over_l2=0.750,20,0.010666
02-measurement-discipline,disciplined,hot,buf_kib=15360;ws_over_l2=0.750,21,0.010488
02-measurement-discipline,disciplined,hot,buf_kib=15360;ws_over_l2=0.750,22,0.010610
02-measurement-discipline,disciplined,hot,buf_kib=15360;ws_over_l2=0.750,23,0.010661
02-measurement-discipline,disciplined,hot,buf_kib=15360;ws_over_l2=0.750,24,0.010624
02-measurement-discipline,disciplined,hot,buf_kib=15360;ws_over_l2=0.750,25,0.010600
02-measurement-discipline,disciplined,hot,buf_kib=15360;ws_over_l2=0.750,26,0.010536
02-measurement-discipline,disciplined,hot,buf_kib=15360;ws_over_l2=0.750,27,0.010694
02-measurement-discipline,disciplined,hot,buf_kib=15360;ws_over_l2=0.750,28,0.010699
02-measurement-discipline,disciplined,hot,buf_kib=15360;ws_over_l2=0.750,29,0.010614
02-measurement-discipline,disciplined,hot,buf_kib=15360;ws_over_l2=0.750,30,0.010549
02-measurement-discipline,disciplined,hot,buf_kib=15360;ws_over_l2=0.750,31,0.010614
02-measurement-discipline,disciplined,hot,buf_kib=15360;ws_over_l2=0.750,32,0.010570
02-measurement-discipline,disciplined,hot,buf_kib=15360;ws_over_l2=0.750,33,0.010565
02-measurement-discipline,disciplined,hot,buf_kib=15360;ws_over_l2=0.750,34,0.010677
02-measurement-discipline,disciplined,hot,buf_kib=15360;ws_over_l2=0.750,35,0.010602
02-measurement-discipline,disciplined,hot,buf_kib=15360;ws_over_l2=0.750,36,0.010574
02-measurement-discipline,disciplined,hot,buf_kib=15360;ws_over_l2=0.750,37,0.010597
02-measurement-discipline,disciplined,hot,buf_kib=15360;ws_over_l2=0.750,38,0.010558
02-measurement-discipline,disciplined,hot,buf_kib=15360;ws_over_l2=0.750,39,0.010610
02-measurement-discipline,disciplined,hot,buf_kib=15360;ws_over_l2=0.750,40,0.010629
02-measurement-discipline,disciplined,hot,buf_kib=15360;ws_over_l2=0.750,41,0.010586
02-measurement-discipline,disciplined,hot,buf_kib=15360;ws_over_l2=0.750,42,0.010587
02-measurement-discipline,disciplined,hot,buf_kib=15360;ws_over_l2=0.750,43,0.010622
02-measurement-discipline,disciplined,hot,buf_kib=15360;ws_over_l2=0.750,44,0.010534
02-measurement-discipline,disciplined,hot,buf_kib=15360;ws_over_l2=0.750,45,0.010586
02-measurement-discipline,disciplined,hot,buf_kib=15360;ws_over_l2=0.750,46,0.010672
02-measurement-discipline,disciplined,hot,buf_kib=15360;ws_over_l2=0.750,47,0.010667
02-measurement-discipline,disciplined,hot,buf_kib=15360;ws_over_l2=0.750,48,0.010608
02-measurement-discipline,disciplined,hot,buf_kib=15360;ws_over_l2=0.750,49,0.010523
02-measurement-discipline,wallclock,cold,buf_kib=30720;ws_over_l2=1.500,0,0.040625
02-measurement-discipline,wallclock,cold,buf_kib=30720;ws_over_l2=1.500,1,0.031609
02-measurement-discipline,wallclock,cold,buf_kib=30720;ws_over_l2=1.500,2,0.033005
02-measurement-discipline,wallclock,cold,buf_kib=30720;ws_over_l2=1.500,3,0.031657
02-measurement-discipline,wallclock,cold,buf_kib=30720;ws_over_l2=1.500,4,0.031673
02-measurement-discipline,wallclock,cold,buf_kib=30720;ws_over_l2=1.500,5,0.032768
02-measurement-discipline,wallclock,cold,buf_kib=30720;ws_over_l2=1.500,6,0.032444
02-measurement-discipline,wallclock,cold,buf_kib=30720;ws_over_l2=1.500,7,0.031400
02-measurement-discipline,wallclock,cold,buf_kib=30720;ws_over_l2=1.500,8,0.032728
02-measurement-discipline,wallclock,cold,buf_kib=30720;ws_over_l2=1.500,9,0.031167
02-measurement-discipline,wallclock,cold,buf_kib=30720;ws_over_l2=1.500,10,0.031694
02-measurement-discipline,wallclock,cold,buf_kib=30720;ws_over_l2=1.500,11,0.032873
02-measurement-discipline,wallclock,cold,buf_kib=30720;ws_over_l2=1.500,12,0.031451
02-measurement-discipline,wallclock,cold,buf_kib=30720;ws_over_l2=1.500,13,0.031079
02-measurement-discipline,wallclock,cold,buf_kib=30720;ws_over_l2=1.500,14,0.031055
02-measurement-discipline,wallclock,cold,buf_kib=30720;ws_over_l2=1.500,15,0.031609
02-measurement-discipline,wallclock,cold,buf_kib=30720;ws_over_l2=1.500,16,0.031533
02-measurement-discipline,wallclock,cold,buf_kib=30720;ws_over_l2=1.500,17,0.031034
02-measurement-discipline,wallclock,cold,buf_kib=30720;ws_over_l2=1.500,18,0.032494
02-measurement-discipline,wallclock,cold,buf_kib=30720;ws_over_l2=1.500,19,0.031560
02-measurement-discipline,wallclock,cold,buf_kib=30720;ws_over_l2=1.500,20,0.031368
02-measurement-discipline,wallclock,cold,buf_kib=30720;ws_over_l2=1.500,21,0.032669
02-measurement-discipline,wallclock,cold,buf_kib=30720;ws_over_l2=1.500,22,0.031825
02-measurement-discipline,wallclock,cold,buf_kib=30720;ws_over_l2=1.500,23,0.032207
02-measurement-discipline,wallclock,cold,buf_kib=30720;ws_over_l2=1.500,24,0.032380
02-measurement-discipline,wallclock,cold,buf_kib=30720;ws_over_l2=1.500,25,0.031309
02-measurement-discipline,wallclock,cold,buf_kib=30720;ws_over_l2=1.500,26,0.031762
02-measurement-discipline,wallclock,cold,buf_kib=30720;ws_over_l2=1.500,27,0.032811
02-measurement-discipline,wallclock,cold,buf_kib=30720;ws_over_l2=1.500,28,0.031527
02-measurement-discipline,wallclock,cold,buf_kib=30720;ws_over_l2=1.500,29,0.031527
02-measurement-discipline,wallclock,cold,buf_kib=30720;ws_over_l2=1.500,30,0.032747
02-measurement-discipline,wallclock,cold,buf_kib=30720;ws_over_l2=1.500,31,0.031285
02-measurement-discipline,wallclock,cold,buf_kib=30720;ws_over_l2=1.500,32,0.031245
02-measurement-discipline,wallclock,cold,buf_kib=30720;ws_over_l2=1.500,33,0.031135
02-measurement-discipline,wallclock,cold,buf_kib=30720;ws_over_l2=1.500,34,0.031699
02-measurement-discipline,wallclock,cold,buf_kib=30720;ws_over_l2=1.500,35,0.031330
02-measurement-discipline,wallclock,cold,buf_kib=30720;ws_over_l2=1.500,36,0.031244
02-measurement-discipline,wallclock,cold,buf_kib=30720;ws_over_l2=1.500,37,0.031123
02-measurement-discipline,wallclock,cold,buf_kib=30720;ws_over_l2=1.500,38,0.031498
02-measurement-discipline,wallclock,cold,buf_kib=30720;ws_over_l2=1.500,39,0.031317
02-measurement-discipline,wallclock,cold,buf_kib=30720;ws_over_l2=1.500,40,0.032626
02-measurement-discipline,wallclock,cold,buf_kib=30720;ws_over_l2=1.500,41,0.031425
02-measurement-discipline,wallclock,cold,buf_kib=30720;ws_over_l2=1.500,42,0.031254
02-measurement-discipline,wallclock,cold,buf_kib=30720;ws_over_l2=1.500,43,0.032623
02-measurement-discipline,wallclock,cold,buf_kib=30720;ws_over_l2=1.500,44,0.031318
02-measurement-discipline,wallclock,cold,buf_kib=30720;ws_over_l2=1.500,45,0.031281
02-measurement-discipline,wallclock,cold,buf_kib=30720;ws_over_l2=1.500,46,0.032587
02-measurement-discipline,wallclock,cold,buf_kib=30720;ws_over_l2=1.500,47,0.031233
02-measurement-discipline,wallclock,cold,buf_kib=30720;ws_over_l2=1.500,48,0.031489
02-measurement-discipline,wallclock,cold,buf_kib=30720;ws_over_l2=1.500,49,0.032497
02-measurement-discipline,no-flush,cold,buf_kib=30720;ws_over_l2=1.500,0,0.029152
02-measurement-discipline,no-flush,cold,buf_kib=30720;ws_over_l2=1.500,1,0.029280
02-measurement-discipline,no-flush,cold,buf_kib=30720;ws_over_l2=1.500,2,0.028128
02-measurement-discipline,no-flush,cold,buf_kib=30720;ws_over_l2=1.500,3,0.027872
02-measurement-discipline,no-flush,cold,buf_kib=30720;ws_over_l2=1.500,4,0.028288
02-measurement-discipline,no-flush,cold,buf_kib=30720;ws_over_l2=1.500,5,0.029216
02-measurement-discipline,no-flush,cold,buf_kib=30720;ws_over_l2=1.500,6,0.027936
02-measurement-discipline,no-flush,cold,buf_kib=30720;ws_over_l2=1.500,7,0.027968
02-measurement-discipline,no-flush,cold,buf_kib=30720;ws_over_l2=1.500,8,0.027680
02-measurement-discipline,no-flush,cold,buf_kib=30720;ws_over_l2=1.500,9,0.027808
02-measurement-discipline,no-flush,cold,buf_kib=30720;ws_over_l2=1.500,10,0.028096
02-measurement-discipline,no-flush,cold,buf_kib=30720;ws_over_l2=1.500,11,0.027776
02-measurement-discipline,no-flush,cold,buf_kib=30720;ws_over_l2=1.500,12,0.027936
02-measurement-discipline,no-flush,cold,buf_kib=30720;ws_over_l2=1.500,13,0.029152
02-measurement-discipline,no-flush,cold,buf_kib=30720;ws_over_l2=1.500,14,0.028128
02-measurement-discipline,no-flush,cold,buf_kib=30720;ws_over_l2=1.500,15,0.027904
02-measurement-discipline,no-flush,cold,buf_kib=30720;ws_over_l2=1.500,16,0.028192
02-measurement-discipline,no-flush,cold,buf_kib=30720;ws_over_l2=1.500,17,0.027584
02-measurement-discipline,no-flush,cold,buf_kib=30720;ws_over_l2=1.500,18,0.027968
02-measurement-discipline,no-flush,cold,buf_kib=30720;ws_over_l2=1.500,19,0.027744
02-measurement-discipline,no-flush,cold,buf_kib=30720;ws_over_l2=1.500,20,0.027904
02-measurement-discipline,no-flush,cold,buf_kib=30720;ws_over_l2=1.500,21,0.029312
02-measurement-discipline,no-flush,cold,buf_kib=30720;ws_over_l2=1.500,22,0.027936
02-measurement-discipline,no-flush,cold,buf_kib=30720;ws_over_l2=1.500,23,0.027968
02-measurement-discipline,no-flush,cold,buf_kib=30720;ws_over_l2=1.500,24,0.027968
02-measurement-discipline,no-flush,cold,buf_kib=30720;ws_over_l2=1.500,25,0.029952
02-measurement-discipline,no-flush,cold,buf_kib=30720;ws_over_l2=1.500,26,0.029184
02-measurement-discipline,no-flush,cold,buf_kib=30720;ws_over_l2=1.500,27,0.027776
02-measurement-discipline,no-flush,cold,buf_kib=30720;ws_over_l2=1.500,28,0.027840
02-measurement-discipline,no-flush,cold,buf_kib=30720;ws_over_l2=1.500,29,0.029344
02-measurement-discipline,no-flush,cold,buf_kib=30720;ws_over_l2=1.500,30,0.028352
02-measurement-discipline,no-flush,cold,buf_kib=30720;ws_over_l2=1.500,31,0.027968
02-measurement-discipline,no-flush,cold,buf_kib=30720;ws_over_l2=1.500,32,0.027904
02-measurement-discipline,no-flush,cold,buf_kib=30720;ws_over_l2=1.500,33,0.029984
02-measurement-discipline,no-flush,cold,buf_kib=30720;ws_over_l2=1.500,34,0.029152
02-measurement-discipline,no-flush,cold,buf_kib=30720;ws_over_l2=1.500,35,0.027936
02-measurement-discipline,no-flush,cold,buf_kib=30720;ws_over_l2=1.500,36,0.028416
02-measurement-discipline,no-flush,cold,buf_kib=30720;ws_over_l2=1.500,37,0.029856
02-measurement-discipline,no-flush,cold,buf_kib=30720;ws_over_l2=1.500,38,0.027872
02-measurement-discipline,no-flush,cold,buf_kib=30720;ws_over_l2=1.500,39,0.029344
02-measurement-discipline,no-flush,cold,buf_kib=30720;ws_over_l2=1.500,40,0.028352
02-measurement-discipline,no-flush,cold,buf_kib=30720;ws_over_l2=1.500,41,0.028128
02-measurement-discipline,no-flush,cold,buf_kib=30720;ws_over_l2=1.500,42,0.027776
02-measurement-discipline,no-flush,cold,buf_kib=30720;ws_over_l2=1.500,43,0.027776
02-measurement-discipline,no-flush,cold,buf_kib=30720;ws_over_l2=1.500,44,0.027744
02-measurement-discipline,no-flush,cold,buf_kib=30720;ws_over_l2=1.500,45,0.029376
02-measurement-discipline,no-flush,cold,buf_kib=30720;ws_over_l2=1.500,46,0.027808
02-measurement-discipline,no-flush,cold,buf_kib=30720;ws_over_l2=1.500,47,0.029312
02-measurement-discipline,no-flush,cold,buf_kib=30720;ws_over_l2=1.500,48,0.027776
02-measurement-discipline,no-flush,cold,buf_kib=30720;ws_over_l2=1.500,49,0.027904
02-measurement-discipline,batched,cold,buf_kib=30720;ws_over_l2=1.500,0,0.025346
02-measurement-discipline,batched,cold,buf_kib=30720;ws_over_l2=1.500,1,0.025158
02-measurement-discipline,batched,cold,buf_kib=30720;ws_over_l2=1.500,2,0.025446
02-measurement-discipline,batched,cold,buf_kib=30720;ws_over_l2=1.500,3,0.025366
02-measurement-discipline,batched,cold,buf_kib=30720;ws_over_l2=1.500,4,0.025354
02-measurement-discipline,batched,cold,buf_kib=30720;ws_over_l2=1.500,5,0.025398
02-measurement-discipline,batched,cold,buf_kib=30720;ws_over_l2=1.500,6,0.025408
02-measurement-discipline,batched,cold,buf_kib=30720;ws_over_l2=1.500,7,0.025262
02-measurement-discipline,batched,cold,buf_kib=30720;ws_over_l2=1.500,8,0.025288
02-measurement-discipline,batched,cold,buf_kib=30720;ws_over_l2=1.500,9,0.025264
02-measurement-discipline,batched,cold,buf_kib=30720;ws_over_l2=1.500,10,0.025309
02-measurement-discipline,batched,cold,buf_kib=30720;ws_over_l2=1.500,11,0.025341
02-measurement-discipline,batched,cold,buf_kib=30720;ws_over_l2=1.500,12,0.025330
02-measurement-discipline,batched,cold,buf_kib=30720;ws_over_l2=1.500,13,0.025355
02-measurement-discipline,batched,cold,buf_kib=30720;ws_over_l2=1.500,14,0.025323
02-measurement-discipline,batched,cold,buf_kib=30720;ws_over_l2=1.500,15,0.025317
02-measurement-discipline,batched,cold,buf_kib=30720;ws_over_l2=1.500,16,0.025434
02-measurement-discipline,batched,cold,buf_kib=30720;ws_over_l2=1.500,17,0.025278
02-measurement-discipline,batched,cold,buf_kib=30720;ws_over_l2=1.500,18,0.025365
02-measurement-discipline,batched,cold,buf_kib=30720;ws_over_l2=1.500,19,0.025387
02-measurement-discipline,batched,cold,buf_kib=30720;ws_over_l2=1.500,20,0.025358
02-measurement-discipline,batched,cold,buf_kib=30720;ws_over_l2=1.500,21,0.025403
02-measurement-discipline,batched,cold,buf_kib=30720;ws_over_l2=1.500,22,0.025398
02-measurement-discipline,batched,cold,buf_kib=30720;ws_over_l2=1.500,23,0.025398
02-measurement-discipline,batched,cold,buf_kib=30720;ws_over_l2=1.500,24,0.025350
02-measurement-discipline,batched,cold,buf_kib=30720;ws_over_l2=1.500,25,0.025338
02-measurement-discipline,batched,cold,buf_kib=30720;ws_over_l2=1.500,26,0.025442
02-measurement-discipline,batched,cold,buf_kib=30720;ws_over_l2=1.500,27,0.025403
02-measurement-discipline,batched,cold,buf_kib=30720;ws_over_l2=1.500,28,0.025387
02-measurement-discipline,batched,cold,buf_kib=30720;ws_over_l2=1.500,29,0.025317
02-measurement-discipline,batched,cold,buf_kib=30720;ws_over_l2=1.500,30,0.025365
02-measurement-discipline,batched,cold,buf_kib=30720;ws_over_l2=1.500,31,0.025389
02-measurement-discipline,batched,cold,buf_kib=30720;ws_over_l2=1.500,32,0.025312
02-measurement-discipline,batched,cold,buf_kib=30720;ws_over_l2=1.500,33,0.025349
02-measurement-discipline,batched,cold,buf_kib=30720;ws_over_l2=1.500,34,0.025214
02-measurement-discipline,batched,cold,buf_kib=30720;ws_over_l2=1.500,35,0.025376
02-measurement-discipline,batched,cold,buf_kib=30720;ws_over_l2=1.500,36,0.025370
02-measurement-discipline,batched,cold,buf_kib=30720;ws_over_l2=1.500,37,0.025381
02-measurement-discipline,batched,cold,buf_kib=30720;ws_over_l2=1.500,38,0.025350
02-measurement-discipline,batched,cold,buf_kib=30720;ws_over_l2=1.500,39,0.025378
02-measurement-discipline,batched,cold,buf_kib=30720;ws_over_l2=1.500,40,0.025341
02-measurement-discipline,batched,cold,buf_kib=30720;ws_over_l2=1.500,41,0.025339
02-measurement-discipline,batched,cold,buf_kib=30720;ws_over_l2=1.500,42,0.025344
02-measurement-discipline,batched,cold,buf_kib=30720;ws_over_l2=1.500,43,0.025403
02-measurement-discipline,batched,cold,buf_kib=30720;ws_over_l2=1.500,44,0.025354
02-measurement-discipline,batched,cold,buf_kib=30720;ws_over_l2=1.500,45,0.025363
02-measurement-discipline,batched,cold,buf_kib=30720;ws_over_l2=1.500,46,0.025352
02-measurement-discipline,batched,cold,buf_kib=30720;ws_over_l2=1.500,47,0.025251
02-measurement-discipline,batched,cold,buf_kib=30720;ws_over_l2=1.500,48,0.025365
02-measurement-discipline,batched,cold,buf_kib=30720;ws_over_l2=1.500,49,0.025366
02-measurement-discipline,disciplined,cold,buf_kib=30720;ws_over_l2=1.500,0,0.030912
02-measurement-discipline,disciplined,cold,buf_kib=30720;ws_over_l2=1.500,1,0.031616
02-measurement-discipline,disciplined,cold,buf_kib=30720;ws_over_l2=1.500,2,0.030528
02-measurement-discipline,disciplined,cold,buf_kib=30720;ws_over_l2=1.500,3,0.030688
02-measurement-discipline,disciplined,cold,buf_kib=30720;ws_over_l2=1.500,4,0.030272
02-measurement-discipline,disciplined,cold,buf_kib=30720;ws_over_l2=1.500,5,0.031232
02-measurement-discipline,disciplined,cold,buf_kib=30720;ws_over_l2=1.500,6,0.032128
02-measurement-discipline,disciplined,cold,buf_kib=30720;ws_over_l2=1.500,7,0.030272
02-measurement-discipline,disciplined,cold,buf_kib=30720;ws_over_l2=1.500,8,0.030368
02-measurement-discipline,disciplined,cold,buf_kib=30720;ws_over_l2=1.500,9,0.030304
02-measurement-discipline,disciplined,cold,buf_kib=30720;ws_over_l2=1.500,10,0.032288
02-measurement-discipline,disciplined,cold,buf_kib=30720;ws_over_l2=1.500,11,0.030528
02-measurement-discipline,disciplined,cold,buf_kib=30720;ws_over_l2=1.500,12,0.030368
02-measurement-discipline,disciplined,cold,buf_kib=30720;ws_over_l2=1.500,13,0.030528
02-measurement-discipline,disciplined,cold,buf_kib=30720;ws_over_l2=1.500,14,0.030496
02-measurement-discipline,disciplined,cold,buf_kib=30720;ws_over_l2=1.500,15,0.031808
02-measurement-discipline,disciplined,cold,buf_kib=30720;ws_over_l2=1.500,16,0.030560
02-measurement-discipline,disciplined,cold,buf_kib=30720;ws_over_l2=1.500,17,0.030560
02-measurement-discipline,disciplined,cold,buf_kib=30720;ws_over_l2=1.500,18,0.030624
02-measurement-discipline,disciplined,cold,buf_kib=30720;ws_over_l2=1.500,19,0.031776
02-measurement-discipline,disciplined,cold,buf_kib=30720;ws_over_l2=1.500,20,0.030496
02-measurement-discipline,disciplined,cold,buf_kib=30720;ws_over_l2=1.500,21,0.030368
02-measurement-discipline,disciplined,cold,buf_kib=30720;ws_over_l2=1.500,22,0.030336
02-measurement-discipline,disciplined,cold,buf_kib=30720;ws_over_l2=1.500,23,0.030528
02-measurement-discipline,disciplined,cold,buf_kib=30720;ws_over_l2=1.500,24,0.031872
02-measurement-discipline,disciplined,cold,buf_kib=30720;ws_over_l2=1.500,25,0.030496
02-measurement-discipline,disciplined,cold,buf_kib=30720;ws_over_l2=1.500,26,0.030368
02-measurement-discipline,disciplined,cold,buf_kib=30720;ws_over_l2=1.500,27,0.030528
02-measurement-discipline,disciplined,cold,buf_kib=30720;ws_over_l2=1.500,28,0.031712
02-measurement-discipline,disciplined,cold,buf_kib=30720;ws_over_l2=1.500,29,0.031648
02-measurement-discipline,disciplined,cold,buf_kib=30720;ws_over_l2=1.500,30,0.030240
02-measurement-discipline,disciplined,cold,buf_kib=30720;ws_over_l2=1.500,31,0.030400
02-measurement-discipline,disciplined,cold,buf_kib=30720;ws_over_l2=1.500,32,0.030240
02-measurement-discipline,disciplined,cold,buf_kib=30720;ws_over_l2=1.500,33,0.032032
02-measurement-discipline,disciplined,cold,buf_kib=30720;ws_over_l2=1.500,34,0.030464
02-measurement-discipline,disciplined,cold,buf_kib=30720;ws_over_l2=1.500,35,0.030240
02-measurement-discipline,disciplined,cold,buf_kib=30720;ws_over_l2=1.500,36,0.030304
02-measurement-discipline,disciplined,cold,buf_kib=30720;ws_over_l2=1.500,37,0.030368
02-measurement-discipline,disciplined,cold,buf_kib=30720;ws_over_l2=1.500,38,0.031808
02-measurement-discipline,disciplined,cold,buf_kib=30720;ws_over_l2=1.500,39,0.030688
02-measurement-discipline,disciplined,cold,buf_kib=30720;ws_over_l2=1.500,40,0.030400
02-measurement-discipline,disciplined,cold,buf_kib=30720;ws_over_l2=1.500,41,0.030528
02-measurement-discipline,disciplined,cold,buf_kib=30720;ws_over_l2=1.500,42,0.032160
02-measurement-discipline,disciplined,cold,buf_kib=30720;ws_over_l2=1.500,43,0.030336
02-measurement-discipline,disciplined,cold,buf_kib=30720;ws_over_l2=1.500,44,0.030176
02-measurement-discipline,disciplined,cold,buf_kib=30720;ws_over_l2=1.500,45,0.030144
02-measurement-discipline,disciplined,cold,buf_kib=30720;ws_over_l2=1.500,46,0.030752
02-measurement-discipline,disciplined,cold,buf_kib=30720;ws_over_l2=1.500,47,0.031936
02-measurement-discipline,disciplined,cold,buf_kib=30720;ws_over_l2=1.500,48,0.030336
02-measurement-discipline,disciplined,cold,buf_kib=30720;ws_over_l2=1.500,49,0.030688
02-measurement-discipline,disciplined,hot,buf_kib=30720;ws_over_l2=1.500,0,0.023867
02-measurement-discipline,disciplined,hot,buf_kib=30720;ws_over_l2=1.500,1,0.023813
02-measurement-discipline,disciplined,hot,buf_kib=30720;ws_over_l2=1.500,2,0.023936
02-measurement-discipline,disciplined,hot,buf_kib=30720;ws_over_l2=1.500,3,0.023814
02-measurement-discipline,disciplined,hot,buf_kib=30720;ws_over_l2=1.500,4,0.023843
02-measurement-discipline,disciplined,hot,buf_kib=30720;ws_over_l2=1.500,5,0.023854
02-measurement-discipline,disciplined,hot,buf_kib=30720;ws_over_l2=1.500,6,0.023920
02-measurement-discipline,disciplined,hot,buf_kib=30720;ws_over_l2=1.500,7,0.023982
02-measurement-discipline,disciplined,hot,buf_kib=30720;ws_over_l2=1.500,8,0.023965
02-measurement-discipline,disciplined,hot,buf_kib=30720;ws_over_l2=1.500,9,0.023904
02-measurement-discipline,disciplined,hot,buf_kib=30720;ws_over_l2=1.500,10,0.023933
02-measurement-discipline,disciplined,hot,buf_kib=30720;ws_over_l2=1.500,11,0.023854
02-measurement-discipline,disciplined,hot,buf_kib=30720;ws_over_l2=1.500,12,0.023824
02-measurement-discipline,disciplined,hot,buf_kib=30720;ws_over_l2=1.500,13,0.023922
02-measurement-discipline,disciplined,hot,buf_kib=30720;ws_over_l2=1.500,14,0.023891
02-measurement-discipline,disciplined,hot,buf_kib=30720;ws_over_l2=1.500,15,0.023906
02-measurement-discipline,disciplined,hot,buf_kib=30720;ws_over_l2=1.500,16,0.023960
02-measurement-discipline,disciplined,hot,buf_kib=30720;ws_over_l2=1.500,17,0.023923
02-measurement-discipline,disciplined,hot,buf_kib=30720;ws_over_l2=1.500,18,0.023866
02-measurement-discipline,disciplined,hot,buf_kib=30720;ws_over_l2=1.500,19,0.023803
02-measurement-discipline,disciplined,hot,buf_kib=30720;ws_over_l2=1.500,20,0.023874
02-measurement-discipline,disciplined,hot,buf_kib=30720;ws_over_l2=1.500,21,0.023901
02-measurement-discipline,disciplined,hot,buf_kib=30720;ws_over_l2=1.500,22,0.023858
02-measurement-discipline,disciplined,hot,buf_kib=30720;ws_over_l2=1.500,23,0.023923
02-measurement-discipline,disciplined,hot,buf_kib=30720;ws_over_l2=1.500,24,0.023843
02-measurement-discipline,disciplined,hot,buf_kib=30720;ws_over_l2=1.500,25,0.023934
02-measurement-discipline,disciplined,hot,buf_kib=30720;ws_over_l2=1.500,26,0.023830
02-measurement-discipline,disciplined,hot,buf_kib=30720;ws_over_l2=1.500,27,0.023840
02-measurement-discipline,disciplined,hot,buf_kib=30720;ws_over_l2=1.500,28,0.023899
02-measurement-discipline,disciplined,hot,buf_kib=30720;ws_over_l2=1.500,29,0.023942
02-measurement-discipline,disciplined,hot,buf_kib=30720;ws_over_l2=1.500,30,0.023968
02-measurement-discipline,disciplined,hot,buf_kib=30720;ws_over_l2=1.500,31,0.023891
02-measurement-discipline,disciplined,hot,buf_kib=30720;ws_over_l2=1.500,32,0.023862
02-measurement-discipline,disciplined,hot,buf_kib=30720;ws_over_l2=1.500,33,0.023845
02-measurement-discipline,disciplined,hot,buf_kib=30720;ws_over_l2=1.500,34,0.023790
02-measurement-discipline,disciplined,hot,buf_kib=30720;ws_over_l2=1.500,35,0.023918
02-measurement-discipline,disciplined,hot,buf_kib=30720;ws_over_l2=1.500,36,0.023926
02-measurement-discipline,disciplined,hot,buf_kib=30720;ws_over_l2=1.500,37,0.023915
02-measurement-discipline,disciplined,hot,buf_kib=30720;ws_over_l2=1.500,38,0.023936
02-measurement-discipline,disciplined,hot,buf_kib=30720;ws_over_l2=1.500,39,0.023862
02-measurement-discipline,disciplined,hot,buf_kib=30720;ws_over_l2=1.500,40,0.023914
02-measurement-discipline,disciplined,hot,buf_kib=30720;ws_over_l2=1.500,41,0.023853
02-measurement-discipline,disciplined,hot,buf_kib=30720;ws_over_l2=1.500,42,0.023810
02-measurement-discipline,disciplined,hot,buf_kib=30720;ws_over_l2=1.500,43,0.023920
02-measurement-discipline,disciplined,hot,buf_kib=30720;ws_over_l2=1.500,44,0.024003
02-measurement-discipline,disciplined,hot,buf_kib=30720;ws_over_l2=1.500,45,0.023890
02-measurement-discipline,disciplined,hot,buf_kib=30720;ws_over_l2=1.500,46,0.023888
02-measurement-discipline,disciplined,hot,buf_kib=30720;ws_over_l2=1.500,47,0.023912
02-measurement-discipline,disciplined,hot,buf_kib=30720;ws_over_l2=1.500,48,0.023864
02-measurement-discipline,disciplined,hot,buf_kib=30720;ws_over_l2=1.500,49,0.023830
02-measurement-discipline,wallclock,cold,buf_kib=61440;ws_over_l2=3.000,0,0.063696
02-measurement-discipline,wallclock,cold,buf_kib=61440;ws_over_l2=3.000,1,0.055421
02-measurement-discipline,wallclock,cold,buf_kib=61440;ws_over_l2=3.000,2,0.053551
02-measurement-discipline,wallclock,cold,buf_kib=61440;ws_over_l2=3.000,3,0.055006
02-measurement-discipline,wallclock,cold,buf_kib=61440;ws_over_l2=3.000,4,0.053366
02-measurement-discipline,wallclock,cold,buf_kib=61440;ws_over_l2=3.000,5,0.055009
02-measurement-discipline,wallclock,cold,buf_kib=61440;ws_over_l2=3.000,6,0.053205
02-measurement-discipline,wallclock,cold,buf_kib=61440;ws_over_l2=3.000,7,0.054566
02-measurement-discipline,wallclock,cold,buf_kib=61440;ws_over_l2=3.000,8,0.055084
02-measurement-discipline,wallclock,cold,buf_kib=61440;ws_over_l2=3.000,9,0.053373
02-measurement-discipline,wallclock,cold,buf_kib=61440;ws_over_l2=3.000,10,0.054685
02-measurement-discipline,wallclock,cold,buf_kib=61440;ws_over_l2=3.000,11,0.053128
02-measurement-discipline,wallclock,cold,buf_kib=61440;ws_over_l2=3.000,12,0.055052
02-measurement-discipline,wallclock,cold,buf_kib=61440;ws_over_l2=3.000,13,0.053289
02-measurement-discipline,wallclock,cold,buf_kib=61440;ws_over_l2=3.000,14,0.055228
02-measurement-discipline,wallclock,cold,buf_kib=61440;ws_over_l2=3.000,15,0.054030
02-measurement-discipline,wallclock,cold,buf_kib=61440;ws_over_l2=3.000,16,0.055129
02-measurement-discipline,wallclock,cold,buf_kib=61440;ws_over_l2=3.000,17,0.053329
02-measurement-discipline,wallclock,cold,buf_kib=61440;ws_over_l2=3.000,18,0.054803
02-measurement-discipline,wallclock,cold,buf_kib=61440;ws_over_l2=3.000,19,0.053332
02-measurement-discipline,wallclock,cold,buf_kib=61440;ws_over_l2=3.000,20,0.052726
02-measurement-discipline,wallclock,cold,buf_kib=61440;ws_over_l2=3.000,21,0.054766
02-measurement-discipline,wallclock,cold,buf_kib=61440;ws_over_l2=3.000,22,0.054012
02-measurement-discipline,wallclock,cold,buf_kib=61440;ws_over_l2=3.000,23,0.055124
02-measurement-discipline,wallclock,cold,buf_kib=61440;ws_over_l2=3.000,24,0.053486
02-measurement-discipline,wallclock,cold,buf_kib=61440;ws_over_l2=3.000,25,0.054691
02-measurement-discipline,wallclock,cold,buf_kib=61440;ws_over_l2=3.000,26,0.053803
02-measurement-discipline,wallclock,cold,buf_kib=61440;ws_over_l2=3.000,27,0.054369
02-measurement-discipline,wallclock,cold,buf_kib=61440;ws_over_l2=3.000,28,0.053482
02-measurement-discipline,wallclock,cold,buf_kib=61440;ws_over_l2=3.000,29,0.054772
02-measurement-discipline,wallclock,cold,buf_kib=61440;ws_over_l2=3.000,30,0.053328
02-measurement-discipline,wallclock,cold,buf_kib=61440;ws_over_l2=3.000,31,0.053317
02-measurement-discipline,wallclock,cold,buf_kib=61440;ws_over_l2=3.000,32,0.053808
02-measurement-discipline,wallclock,cold,buf_kib=61440;ws_over_l2=3.000,33,0.054173
02-measurement-discipline,wallclock,cold,buf_kib=61440;ws_over_l2=3.000,34,0.054878
02-measurement-discipline,wallclock,cold,buf_kib=61440;ws_over_l2=3.000,35,0.053367
02-measurement-discipline,wallclock,cold,buf_kib=61440;ws_over_l2=3.000,36,0.054565
02-measurement-discipline,wallclock,cold,buf_kib=61440;ws_over_l2=3.000,37,0.053771
02-measurement-discipline,wallclock,cold,buf_kib=61440;ws_over_l2=3.000,38,0.055004
02-measurement-discipline,wallclock,cold,buf_kib=61440;ws_over_l2=3.000,39,0.053292
02-measurement-discipline,wallclock,cold,buf_kib=61440;ws_over_l2=3.000,40,0.055410
02-measurement-discipline,wallclock,cold,buf_kib=61440;ws_over_l2=3.000,41,0.053522
02-measurement-discipline,wallclock,cold,buf_kib=61440;ws_over_l2=3.000,42,0.054569
02-measurement-discipline,wallclock,cold,buf_kib=61440;ws_over_l2=3.000,43,0.054133
02-measurement-discipline,wallclock,cold,buf_kib=61440;ws_over_l2=3.000,44,0.053728
02-measurement-discipline,wallclock,cold,buf_kib=61440;ws_over_l2=3.000,45,0.054565
02-measurement-discipline,wallclock,cold,buf_kib=61440;ws_over_l2=3.000,46,0.053884
02-measurement-discipline,wallclock,cold,buf_kib=61440;ws_over_l2=3.000,47,0.054813
02-measurement-discipline,wallclock,cold,buf_kib=61440;ws_over_l2=3.000,48,0.053366
02-measurement-discipline,wallclock,cold,buf_kib=61440;ws_over_l2=3.000,49,0.055250
02-measurement-discipline,no-flush,cold,buf_kib=61440;ws_over_l2=3.000,0,0.050528
02-measurement-discipline,no-flush,cold,buf_kib=61440;ws_over_l2=3.000,1,0.051200
02-measurement-discipline,no-flush,cold,buf_kib=61440;ws_over_l2=3.000,2,0.050048
02-measurement-discipline,no-flush,cold,buf_kib=61440;ws_over_l2=3.000,3,0.051136
02-measurement-discipline,no-flush,cold,buf_kib=61440;ws_over_l2=3.000,4,0.051520
02-measurement-discipline,no-flush,cold,buf_kib=61440;ws_over_l2=3.000,5,0.050144
02-measurement-discipline,no-flush,cold,buf_kib=61440;ws_over_l2=3.000,6,0.051520
02-measurement-discipline,no-flush,cold,buf_kib=61440;ws_over_l2=3.000,7,0.050016
02-measurement-discipline,no-flush,cold,buf_kib=61440;ws_over_l2=3.000,8,0.051200
02-measurement-discipline,no-flush,cold,buf_kib=61440;ws_over_l2=3.000,9,0.051552
02-measurement-discipline,no-flush,cold,buf_kib=61440;ws_over_l2=3.000,10,0.049792
02-measurement-discipline,no-flush,cold,buf_kib=61440;ws_over_l2=3.000,11,0.050784
02-measurement-discipline,no-flush,cold,buf_kib=61440;ws_over_l2=3.000,12,0.050144
02-measurement-discipline,no-flush,cold,buf_kib=61440;ws_over_l2=3.000,13,0.050336
02-measurement-discipline,no-flush,cold,buf_kib=61440;ws_over_l2=3.000,14,0.051776
02-measurement-discipline,no-flush,cold,buf_kib=61440;ws_over_l2=3.000,15,0.050240
02-measurement-discipline,no-flush,cold,buf_kib=61440;ws_over_l2=3.000,16,0.051392
02-measurement-discipline,no-flush,cold,buf_kib=61440;ws_over_l2=3.000,17,0.049632
02-measurement-discipline,no-flush,cold,buf_kib=61440;ws_over_l2=3.000,18,0.051328
02-measurement-discipline,no-flush,cold,buf_kib=61440;ws_over_l2=3.000,19,0.051424
02-measurement-discipline,no-flush,cold,buf_kib=61440;ws_over_l2=3.000,20,0.049760
02-measurement-discipline,no-flush,cold,buf_kib=61440;ws_over_l2=3.000,21,0.051488
02-measurement-discipline,no-flush,cold,buf_kib=61440;ws_over_l2=3.000,22,0.050368
02-measurement-discipline,no-flush,cold,buf_kib=61440;ws_over_l2=3.000,23,0.049952
02-measurement-discipline,no-flush,cold,buf_kib=61440;ws_over_l2=3.000,24,0.053024
02-measurement-discipline,no-flush,cold,buf_kib=61440;ws_over_l2=3.000,25,0.050432
02-measurement-discipline,no-flush,cold,buf_kib=61440;ws_over_l2=3.000,26,0.050848
02-measurement-discipline,no-flush,cold,buf_kib=61440;ws_over_l2=3.000,27,0.050080
02-measurement-discipline,no-flush,cold,buf_kib=61440;ws_over_l2=3.000,28,0.049600
02-measurement-discipline,no-flush,cold,buf_kib=61440;ws_over_l2=3.000,29,0.051264
02-measurement-discipline,no-flush,cold,buf_kib=61440;ws_over_l2=3.000,30,0.049920
02-measurement-discipline,no-flush,cold,buf_kib=61440;ws_over_l2=3.000,31,0.051200
02-measurement-discipline,no-flush,cold,buf_kib=61440;ws_over_l2=3.000,32,0.050368
02-measurement-discipline,no-flush,cold,buf_kib=61440;ws_over_l2=3.000,33,0.050656
02-measurement-discipline,no-flush,cold,buf_kib=61440;ws_over_l2=3.000,34,0.051136
02-measurement-discipline,no-flush,cold,buf_kib=61440;ws_over_l2=3.000,35,0.050208
02-measurement-discipline,no-flush,cold,buf_kib=61440;ws_over_l2=3.000,36,0.051680
02-measurement-discipline,no-flush,cold,buf_kib=61440;ws_over_l2=3.000,37,0.049696
02-measurement-discipline,no-flush,cold,buf_kib=61440;ws_over_l2=3.000,38,0.050464
02-measurement-discipline,no-flush,cold,buf_kib=61440;ws_over_l2=3.000,39,0.051712
02-measurement-discipline,no-flush,cold,buf_kib=61440;ws_over_l2=3.000,40,0.049984
02-measurement-discipline,no-flush,cold,buf_kib=61440;ws_over_l2=3.000,41,0.051680
02-measurement-discipline,no-flush,cold,buf_kib=61440;ws_over_l2=3.000,42,0.049952
02-measurement-discipline,no-flush,cold,buf_kib=61440;ws_over_l2=3.000,43,0.050624
02-measurement-discipline,no-flush,cold,buf_kib=61440;ws_over_l2=3.000,44,0.051232
02-measurement-discipline,no-flush,cold,buf_kib=61440;ws_over_l2=3.000,45,0.049824
02-measurement-discipline,no-flush,cold,buf_kib=61440;ws_over_l2=3.000,46,0.051360
02-measurement-discipline,no-flush,cold,buf_kib=61440;ws_over_l2=3.000,47,0.049696
02-measurement-discipline,no-flush,cold,buf_kib=61440;ws_over_l2=3.000,48,0.049856
02-measurement-discipline,no-flush,cold,buf_kib=61440;ws_over_l2=3.000,49,0.051872
02-measurement-discipline,batched,cold,buf_kib=61440;ws_over_l2=3.000,0,0.047827
02-measurement-discipline,batched,cold,buf_kib=61440;ws_over_l2=3.000,1,0.047955
02-measurement-discipline,batched,cold,buf_kib=61440;ws_over_l2=3.000,2,0.047859
02-measurement-discipline,batched,cold,buf_kib=61440;ws_over_l2=3.000,3,0.047715
02-measurement-discipline,batched,cold,buf_kib=61440;ws_over_l2=3.000,4,0.047902
02-measurement-discipline,batched,cold,buf_kib=61440;ws_over_l2=3.000,5,0.047859
02-measurement-discipline,batched,cold,buf_kib=61440;ws_over_l2=3.000,6,0.047811
02-measurement-discipline,batched,cold,buf_kib=61440;ws_over_l2=3.000,7,0.047878
02-measurement-discipline,batched,cold,buf_kib=61440;ws_over_l2=3.000,8,0.047792
02-measurement-discipline,batched,cold,buf_kib=61440;ws_over_l2=3.000,9,0.047829
02-measurement-discipline,batched,cold,buf_kib=61440;ws_over_l2=3.000,10,0.047853
02-measurement-discipline,batched,cold,buf_kib=61440;ws_over_l2=3.000,11,0.047725
02-measurement-discipline,batched,cold,buf_kib=61440;ws_over_l2=3.000,12,0.047886
02-measurement-discipline,batched,cold,buf_kib=61440;ws_over_l2=3.000,13,0.047731
02-measurement-discipline,batched,cold,buf_kib=61440;ws_over_l2=3.000,14,0.047834
02-measurement-discipline,batched,cold,buf_kib=61440;ws_over_l2=3.000,15,0.047742
02-measurement-discipline,batched,cold,buf_kib=61440;ws_over_l2=3.000,16,0.047822
02-measurement-discipline,batched,cold,buf_kib=61440;ws_over_l2=3.000,17,0.047918
02-measurement-discipline,batched,cold,buf_kib=61440;ws_over_l2=3.000,18,0.047912
02-measurement-discipline,batched,cold,buf_kib=61440;ws_over_l2=3.000,19,0.047784
02-measurement-discipline,batched,cold,buf_kib=61440;ws_over_l2=3.000,20,0.047878
02-measurement-discipline,batched,cold,buf_kib=61440;ws_over_l2=3.000,21,0.047888
02-measurement-discipline,batched,cold,buf_kib=61440;ws_over_l2=3.000,22,0.047794
02-measurement-discipline,batched,cold,buf_kib=61440;ws_over_l2=3.000,23,0.047776
02-measurement-discipline,batched,cold,buf_kib=61440;ws_over_l2=3.000,24,0.047864
02-measurement-discipline,batched,cold,buf_kib=61440;ws_over_l2=3.000,25,0.047616
02-measurement-discipline,batched,cold,buf_kib=61440;ws_over_l2=3.000,26,0.047938
02-measurement-discipline,batched,cold,buf_kib=61440;ws_over_l2=3.000,27,0.047950
02-measurement-discipline,batched,cold,buf_kib=61440;ws_over_l2=3.000,28,0.047765
02-measurement-discipline,batched,cold,buf_kib=61440;ws_over_l2=3.000,29,0.047886
02-measurement-discipline,batched,cold,buf_kib=61440;ws_over_l2=3.000,30,0.047930
02-measurement-discipline,batched,cold,buf_kib=61440;ws_over_l2=3.000,31,0.047794
02-measurement-discipline,batched,cold,buf_kib=61440;ws_over_l2=3.000,32,0.047902
02-measurement-discipline,batched,cold,buf_kib=61440;ws_over_l2=3.000,33,0.047694
02-measurement-discipline,batched,cold,buf_kib=61440;ws_over_l2=3.000,34,0.047936
02-measurement-discipline,batched,cold,buf_kib=61440;ws_over_l2=3.000,35,0.047882
02-measurement-discipline,batched,cold,buf_kib=61440;ws_over_l2=3.000,36,0.047798
02-measurement-discipline,batched,cold,buf_kib=61440;ws_over_l2=3.000,37,0.047738
02-measurement-discipline,batched,cold,buf_kib=61440;ws_over_l2=3.000,38,0.047915
02-measurement-discipline,batched,cold,buf_kib=61440;ws_over_l2=3.000,39,0.047739
02-measurement-discipline,batched,cold,buf_kib=61440;ws_over_l2=3.000,40,0.047816
02-measurement-discipline,batched,cold,buf_kib=61440;ws_over_l2=3.000,41,0.047920
02-measurement-discipline,batched,cold,buf_kib=61440;ws_over_l2=3.000,42,0.047813
02-measurement-discipline,batched,cold,buf_kib=61440;ws_over_l2=3.000,43,0.047789
02-measurement-discipline,batched,cold,buf_kib=61440;ws_over_l2=3.000,44,0.047978
02-measurement-discipline,batched,cold,buf_kib=61440;ws_over_l2=3.000,45,0.047866
02-measurement-discipline,batched,cold,buf_kib=61440;ws_over_l2=3.000,46,0.047901
02-measurement-discipline,batched,cold,buf_kib=61440;ws_over_l2=3.000,47,0.047782
02-measurement-discipline,batched,cold,buf_kib=61440;ws_over_l2=3.000,48,0.047786
02-measurement-discipline,batched,cold,buf_kib=61440;ws_over_l2=3.000,49,0.047856
02-measurement-discipline,disciplined,cold,buf_kib=61440;ws_over_l2=3.000,0,0.053056
02-measurement-discipline,disciplined,cold,buf_kib=61440;ws_over_l2=3.000,1,0.052416
02-measurement-discipline,disciplined,cold,buf_kib=61440;ws_over_l2=3.000,2,0.053248
02-measurement-discipline,disciplined,cold,buf_kib=61440;ws_over_l2=3.000,3,0.052704
02-measurement-discipline,disciplined,cold,buf_kib=61440;ws_over_l2=3.000,4,0.053056
02-measurement-discipline,disciplined,cold,buf_kib=61440;ws_over_l2=3.000,5,0.052320
02-measurement-discipline,disciplined,cold,buf_kib=61440;ws_over_l2=3.000,6,0.052640
02-measurement-discipline,disciplined,cold,buf_kib=61440;ws_over_l2=3.000,7,0.052896
02-measurement-discipline,disciplined,cold,buf_kib=61440;ws_over_l2=3.000,8,0.052736
02-measurement-discipline,disciplined,cold,buf_kib=61440;ws_over_l2=3.000,9,0.052416
02-measurement-discipline,disciplined,cold,buf_kib=61440;ws_over_l2=3.000,10,0.053056
02-measurement-discipline,disciplined,cold,buf_kib=61440;ws_over_l2=3.000,11,0.052832
02-measurement-discipline,disciplined,cold,buf_kib=61440;ws_over_l2=3.000,12,0.053120
02-measurement-discipline,disciplined,cold,buf_kib=61440;ws_over_l2=3.000,13,0.052704
02-measurement-discipline,disciplined,cold,buf_kib=61440;ws_over_l2=3.000,14,0.052864
02-measurement-discipline,disciplined,cold,buf_kib=61440;ws_over_l2=3.000,15,0.052992
02-measurement-discipline,disciplined,cold,buf_kib=61440;ws_over_l2=3.000,16,0.052928
02-measurement-discipline,disciplined,cold,buf_kib=61440;ws_over_l2=3.000,17,0.052832
02-measurement-discipline,disciplined,cold,buf_kib=61440;ws_over_l2=3.000,18,0.052640
02-measurement-discipline,disciplined,cold,buf_kib=61440;ws_over_l2=3.000,19,0.052896
02-measurement-discipline,disciplined,cold,buf_kib=61440;ws_over_l2=3.000,20,0.052512
02-measurement-discipline,disciplined,cold,buf_kib=61440;ws_over_l2=3.000,21,0.052768
02-measurement-discipline,disciplined,cold,buf_kib=61440;ws_over_l2=3.000,22,0.053088
02-measurement-discipline,disciplined,cold,buf_kib=61440;ws_over_l2=3.000,23,0.052768
02-measurement-discipline,disciplined,cold,buf_kib=61440;ws_over_l2=3.000,24,0.052800
02-measurement-discipline,disciplined,cold,buf_kib=61440;ws_over_l2=3.000,25,0.052448
02-measurement-discipline,disciplined,cold,buf_kib=61440;ws_over_l2=3.000,26,0.052832
02-measurement-discipline,disciplined,cold,buf_kib=61440;ws_over_l2=3.000,27,0.053632
02-measurement-discipline,disciplined,cold,buf_kib=61440;ws_over_l2=3.000,28,0.053280
02-measurement-discipline,disciplined,cold,buf_kib=61440;ws_over_l2=3.000,29,0.052544
02-measurement-discipline,disciplined,cold,buf_kib=61440;ws_over_l2=3.000,30,0.053024
02-measurement-discipline,disciplined,cold,buf_kib=61440;ws_over_l2=3.000,31,0.053152
02-measurement-discipline,disciplined,cold,buf_kib=61440;ws_over_l2=3.000,32,0.053120
02-measurement-discipline,disciplined,cold,buf_kib=61440;ws_over_l2=3.000,33,0.052608
02-measurement-discipline,disciplined,cold,buf_kib=61440;ws_over_l2=3.000,34,0.053792
02-measurement-discipline,disciplined,cold,buf_kib=61440;ws_over_l2=3.000,35,0.052416
02-measurement-discipline,disciplined,cold,buf_kib=61440;ws_over_l2=3.000,36,0.052800
02-measurement-discipline,disciplined,cold,buf_kib=61440;ws_over_l2=3.000,37,0.053280
02-measurement-discipline,disciplined,cold,buf_kib=61440;ws_over_l2=3.000,38,0.052704
02-measurement-discipline,disciplined,cold,buf_kib=61440;ws_over_l2=3.000,39,0.052672
02-measurement-discipline,disciplined,cold,buf_kib=61440;ws_over_l2=3.000,40,0.053152
02-measurement-discipline,disciplined,cold,buf_kib=61440;ws_over_l2=3.000,41,0.052928
02-measurement-discipline,disciplined,cold,buf_kib=61440;ws_over_l2=3.000,42,0.052864
02-measurement-discipline,disciplined,cold,buf_kib=61440;ws_over_l2=3.000,43,0.053248
02-measurement-discipline,disciplined,cold,buf_kib=61440;ws_over_l2=3.000,44,0.052992
02-measurement-discipline,disciplined,cold,buf_kib=61440;ws_over_l2=3.000,45,0.053120
02-measurement-discipline,disciplined,cold,buf_kib=61440;ws_over_l2=3.000,46,0.052832
02-measurement-discipline,disciplined,cold,buf_kib=61440;ws_over_l2=3.000,47,0.052768
02-measurement-discipline,disciplined,cold,buf_kib=61440;ws_over_l2=3.000,48,0.052768
02-measurement-discipline,disciplined,cold,buf_kib=61440;ws_over_l2=3.000,49,0.052864
02-measurement-discipline,disciplined,hot,buf_kib=61440;ws_over_l2=3.000,0,0.046400
02-measurement-discipline,disciplined,hot,buf_kib=61440;ws_over_l2=3.000,1,0.046437
02-measurement-discipline,disciplined,hot,buf_kib=61440;ws_over_l2=3.000,2,0.046450
02-measurement-discipline,disciplined,hot,buf_kib=61440;ws_over_l2=3.000,3,0.046435
02-measurement-discipline,disciplined,hot,buf_kib=61440;ws_over_l2=3.000,4,0.046322
02-measurement-discipline,disciplined,hot,buf_kib=61440;ws_over_l2=3.000,5,0.046366
02-measurement-discipline,disciplined,hot,buf_kib=61440;ws_over_l2=3.000,6,0.046454
02-measurement-discipline,disciplined,hot,buf_kib=61440;ws_over_l2=3.000,7,0.046323
02-measurement-discipline,disciplined,hot,buf_kib=61440;ws_over_l2=3.000,8,0.046264
02-measurement-discipline,disciplined,hot,buf_kib=61440;ws_over_l2=3.000,9,0.046454
02-measurement-discipline,disciplined,hot,buf_kib=61440;ws_over_l2=3.000,10,0.046517
02-measurement-discipline,disciplined,hot,buf_kib=61440;ws_over_l2=3.000,11,0.046363
02-measurement-discipline,disciplined,hot,buf_kib=61440;ws_over_l2=3.000,12,0.046394
02-measurement-discipline,disciplined,hot,buf_kib=61440;ws_over_l2=3.000,13,0.046506
02-measurement-discipline,disciplined,hot,buf_kib=61440;ws_over_l2=3.000,14,0.046306
02-measurement-discipline,disciplined,hot,buf_kib=61440;ws_over_l2=3.000,15,0.046338
02-measurement-discipline,disciplined,hot,buf_kib=61440;ws_over_l2=3.000,16,0.046384
02-measurement-discipline,disciplined,hot,buf_kib=61440;ws_over_l2=3.000,17,0.046373
02-measurement-discipline,disciplined,hot,buf_kib=61440;ws_over_l2=3.000,18,0.046298
02-measurement-discipline,disciplined,hot,buf_kib=61440;ws_over_l2=3.000,19,0.046392
02-measurement-discipline,disciplined,hot,buf_kib=61440;ws_over_l2=3.000,20,0.046490
02-measurement-discipline,disciplined,hot,buf_kib=61440;ws_over_l2=3.000,21,0.046448
02-measurement-discipline,disciplined,hot,buf_kib=61440;ws_over_l2=3.000,22,0.046333
02-measurement-discipline,disciplined,hot,buf_kib=61440;ws_over_l2=3.000,23,0.046331
02-measurement-discipline,disciplined,hot,buf_kib=61440;ws_over_l2=3.000,24,0.046446
02-measurement-discipline,disciplined,hot,buf_kib=61440;ws_over_l2=3.000,25,0.046376
02-measurement-discipline,disciplined,hot,buf_kib=61440;ws_over_l2=3.000,26,0.046254
02-measurement-discipline,disciplined,hot,buf_kib=61440;ws_over_l2=3.000,27,0.046560
02-measurement-discipline,disciplined,hot,buf_kib=61440;ws_over_l2=3.000,28,0.046386
02-measurement-discipline,disciplined,hot,buf_kib=61440;ws_over_l2=3.000,29,0.046416
02-measurement-discipline,disciplined,hot,buf_kib=61440;ws_over_l2=3.000,30,0.046170
02-measurement-discipline,disciplined,hot,buf_kib=61440;ws_over_l2=3.000,31,0.046402
02-measurement-discipline,disciplined,hot,buf_kib=61440;ws_over_l2=3.000,32,0.046413
02-measurement-discipline,disciplined,hot,buf_kib=61440;ws_over_l2=3.000,33,0.046370
02-measurement-discipline,disciplined,hot,buf_kib=61440;ws_over_l2=3.000,34,0.046472
02-measurement-discipline,disciplined,hot,buf_kib=61440;ws_over_l2=3.000,35,0.046384
02-measurement-discipline,disciplined,hot,buf_kib=61440;ws_over_l2=3.000,36,0.046408
02-measurement-discipline,disciplined,hot,buf_kib=61440;ws_over_l2=3.000,37,0.046426
02-measurement-discipline,disciplined,hot,buf_kib=61440;ws_over_l2=3.000,38,0.046445
02-measurement-discipline,disciplined,hot,buf_kib=61440;ws_over_l2=3.000,39,0.046408
02-measurement-discipline,disciplined,hot,buf_kib=61440;ws_over_l2=3.000,40,0.046395
02-measurement-discipline,disciplined,hot,buf_kib=61440;ws_over_l2=3.000,41,0.046246
02-measurement-discipline,disciplined,hot,buf_kib=61440;ws_over_l2=3.000,42,0.046342
02-measurement-discipline,disciplined,hot,buf_kib=61440;ws_over_l2=3.000,43,0.046410
02-measurement-discipline,disciplined,hot,buf_kib=61440;ws_over_l2=3.000,44,0.046400
02-measurement-discipline,disciplined,hot,buf_kib=61440;ws_over_l2=3.000,45,0.046448
02-measurement-discipline,disciplined,hot,buf_kib=61440;ws_over_l2=3.000,46,0.046339
02-measurement-discipline,disciplined,hot,buf_kib=61440;ws_over_l2=3.000,47,0.046317
02-measurement-discipline,disciplined,hot,buf_kib=61440;ws_over_l2=3.000,48,0.046293
02-measurement-discipline,disciplined,hot,buf_kib=61440;ws_over_l2=3.000,49,0.046386
02-measurement-discipline,wallclock,cold,buf_kib=122880;ws_over_l2=6.000,0,0.112255
02-measurement-discipline,wallclock,cold,buf_kib=122880;ws_over_l2=6.000,1,0.099695
02-measurement-discipline,wallclock,cold,buf_kib=122880;ws_over_l2=6.000,2,0.101167
02-measurement-discipline,wallclock,cold,buf_kib=122880;ws_over_l2=6.000,3,0.100148
02-measurement-discipline,wallclock,cold,buf_kib=122880;ws_over_l2=6.000,4,0.101040
02-measurement-discipline,wallclock,cold,buf_kib=122880;ws_over_l2=6.000,5,0.100274
02-measurement-discipline,wallclock,cold,buf_kib=122880;ws_over_l2=6.000,6,0.100205
02-measurement-discipline,wallclock,cold,buf_kib=122880;ws_over_l2=6.000,7,0.099188
02-measurement-discipline,wallclock,cold,buf_kib=122880;ws_over_l2=6.000,8,0.100791
02-measurement-discipline,wallclock,cold,buf_kib=122880;ws_over_l2=6.000,9,0.099146
02-measurement-discipline,wallclock,cold,buf_kib=122880;ws_over_l2=6.000,10,0.100358
02-measurement-discipline,wallclock,cold,buf_kib=122880;ws_over_l2=6.000,11,0.098397
02-measurement-discipline,wallclock,cold,buf_kib=122880;ws_over_l2=6.000,12,0.099542
02-measurement-discipline,wallclock,cold,buf_kib=122880;ws_over_l2=6.000,13,0.098917
02-measurement-discipline,wallclock,cold,buf_kib=122880;ws_over_l2=6.000,14,0.099695
02-measurement-discipline,wallclock,cold,buf_kib=122880;ws_over_l2=6.000,15,0.098811
02-measurement-discipline,wallclock,cold,buf_kib=122880;ws_over_l2=6.000,16,0.099794
02-measurement-discipline,wallclock,cold,buf_kib=122880;ws_over_l2=6.000,17,0.098608
02-measurement-discipline,wallclock,cold,buf_kib=122880;ws_over_l2=6.000,18,0.099010
02-measurement-discipline,wallclock,cold,buf_kib=122880;ws_over_l2=6.000,19,0.099886
02-measurement-discipline,wallclock,cold,buf_kib=122880;ws_over_l2=6.000,20,0.099610
02-measurement-discipline,wallclock,cold,buf_kib=122880;ws_over_l2=6.000,21,0.099644
02-measurement-discipline,wallclock,cold,buf_kib=122880;ws_over_l2=6.000,22,0.099050
02-measurement-discipline,wallclock,cold,buf_kib=122880;ws_over_l2=6.000,23,0.101128
02-measurement-discipline,wallclock,cold,buf_kib=122880;ws_over_l2=6.000,24,0.098490
02-measurement-discipline,wallclock,cold,buf_kib=122880;ws_over_l2=6.000,25,0.101403
02-measurement-discipline,wallclock,cold,buf_kib=122880;ws_over_l2=6.000,26,0.098523
02-measurement-discipline,wallclock,cold,buf_kib=122880;ws_over_l2=6.000,27,0.100843
02-measurement-discipline,wallclock,cold,buf_kib=122880;ws_over_l2=6.000,28,0.099415
02-measurement-discipline,wallclock,cold,buf_kib=122880;ws_over_l2=6.000,29,0.100484
02-measurement-discipline,wallclock,cold,buf_kib=122880;ws_over_l2=6.000,30,0.099090
02-measurement-discipline,wallclock,cold,buf_kib=122880;ws_over_l2=6.000,31,0.101118
02-measurement-discipline,wallclock,cold,buf_kib=122880;ws_over_l2=6.000,32,0.099040
02-measurement-discipline,wallclock,cold,buf_kib=122880;ws_over_l2=6.000,33,0.099806
02-measurement-discipline,wallclock,cold,buf_kib=122880;ws_over_l2=6.000,34,0.098366
02-measurement-discipline,wallclock,cold,buf_kib=122880;ws_over_l2=6.000,35,0.100293
02-measurement-discipline,wallclock,cold,buf_kib=122880;ws_over_l2=6.000,36,0.098598
02-measurement-discipline,wallclock,cold,buf_kib=122880;ws_over_l2=6.000,37,0.101128
02-measurement-discipline,wallclock,cold,buf_kib=122880;ws_over_l2=6.000,38,0.099687
02-measurement-discipline,wallclock,cold,buf_kib=122880;ws_over_l2=6.000,39,0.099412
02-measurement-discipline,wallclock,cold,buf_kib=122880;ws_over_l2=6.000,40,0.099170
02-measurement-discipline,wallclock,cold,buf_kib=122880;ws_over_l2=6.000,41,0.099123
02-measurement-discipline,wallclock,cold,buf_kib=122880;ws_over_l2=6.000,42,0.100133
02-measurement-discipline,wallclock,cold,buf_kib=122880;ws_over_l2=6.000,43,0.101283
02-measurement-discipline,wallclock,cold,buf_kib=122880;ws_over_l2=6.000,44,0.098327
02-measurement-discipline,wallclock,cold,buf_kib=122880;ws_over_l2=6.000,45,0.100348
02-measurement-discipline,wallclock,cold,buf_kib=122880;ws_over_l2=6.000,46,0.099242
02-measurement-discipline,wallclock,cold,buf_kib=122880;ws_over_l2=6.000,47,0.099918
02-measurement-discipline,wallclock,cold,buf_kib=122880;ws_over_l2=6.000,48,0.099132
02-measurement-discipline,wallclock,cold,buf_kib=122880;ws_over_l2=6.000,49,0.101042
02-measurement-discipline,no-flush,cold,buf_kib=122880;ws_over_l2=6.000,0,0.094720
02-measurement-discipline,no-flush,cold,buf_kib=122880;ws_over_l2=6.000,1,0.096672
02-measurement-discipline,no-flush,cold,buf_kib=122880;ws_over_l2=6.000,2,0.095744
02-measurement-discipline,no-flush,cold,buf_kib=122880;ws_over_l2=6.000,3,0.095744
02-measurement-discipline,no-flush,cold,buf_kib=122880;ws_over_l2=6.000,4,0.095008
02-measurement-discipline,no-flush,cold,buf_kib=122880;ws_over_l2=6.000,5,0.097312
02-measurement-discipline,no-flush,cold,buf_kib=122880;ws_over_l2=6.000,6,0.094784
02-measurement-discipline,no-flush,cold,buf_kib=122880;ws_over_l2=6.000,7,0.097952
02-measurement-discipline,no-flush,cold,buf_kib=122880;ws_over_l2=6.000,8,0.094720
02-measurement-discipline,no-flush,cold,buf_kib=122880;ws_over_l2=6.000,9,0.096896
02-measurement-discipline,no-flush,cold,buf_kib=122880;ws_over_l2=6.000,10,0.096032
02-measurement-discipline,no-flush,cold,buf_kib=122880;ws_over_l2=6.000,11,0.096704
02-measurement-discipline,no-flush,cold,buf_kib=122880;ws_over_l2=6.000,12,0.095136
02-measurement-discipline,no-flush,cold,buf_kib=122880;ws_over_l2=6.000,13,0.097280
02-measurement-discipline,no-flush,cold,buf_kib=122880;ws_over_l2=6.000,14,0.096128
02-measurement-discipline,no-flush,cold,buf_kib=122880;ws_over_l2=6.000,15,0.096640
02-measurement-discipline,no-flush,cold,buf_kib=122880;ws_over_l2=6.000,16,0.096320
02-measurement-discipline,no-flush,cold,buf_kib=122880;ws_over_l2=6.000,17,0.096864
02-measurement-discipline,no-flush,cold,buf_kib=122880;ws_over_l2=6.000,18,0.095968
02-measurement-discipline,no-flush,cold,buf_kib=122880;ws_over_l2=6.000,19,0.096064
02-measurement-discipline,no-flush,cold,buf_kib=122880;ws_over_l2=6.000,20,0.095648
02-measurement-discipline,no-flush,cold,buf_kib=122880;ws_over_l2=6.000,21,0.095104
02-measurement-discipline,no-flush,cold,buf_kib=122880;ws_over_l2=6.000,22,0.095872
02-measurement-discipline,no-flush,cold,buf_kib=122880;ws_over_l2=6.000,23,0.094464
02-measurement-discipline,no-flush,cold,buf_kib=122880;ws_over_l2=6.000,24,0.095328
02-measurement-discipline,no-flush,cold,buf_kib=122880;ws_over_l2=6.000,25,0.095200
02-measurement-discipline,no-flush,cold,buf_kib=122880;ws_over_l2=6.000,26,0.093888
02-measurement-discipline,no-flush,cold,buf_kib=122880;ws_over_l2=6.000,27,0.096448
02-measurement-discipline,no-flush,cold,buf_kib=122880;ws_over_l2=6.000,28,0.094720
02-measurement-discipline,no-flush,cold,buf_kib=122880;ws_over_l2=6.000,29,0.096800
02-measurement-discipline,no-flush,cold,buf_kib=122880;ws_over_l2=6.000,30,0.094976
02-measurement-discipline,no-flush,cold,buf_kib=122880;ws_over_l2=6.000,31,0.096992
02-measurement-discipline,no-flush,cold,buf_kib=122880;ws_over_l2=6.000,32,0.096000
02-measurement-discipline,no-flush,cold,buf_kib=122880;ws_over_l2=6.000,33,0.095520
02-measurement-discipline,no-flush,cold,buf_kib=122880;ws_over_l2=6.000,34,0.095648
02-measurement-discipline,no-flush,cold,buf_kib=122880;ws_over_l2=6.000,35,0.096832
02-measurement-discipline,no-flush,cold,buf_kib=122880;ws_over_l2=6.000,36,0.097152
02-measurement-discipline,no-flush,cold,buf_kib=122880;ws_over_l2=6.000,37,0.095072
02-measurement-discipline,no-flush,cold,buf_kib=122880;ws_over_l2=6.000,38,0.095392
02-measurement-discipline,no-flush,cold,buf_kib=122880;ws_over_l2=6.000,39,0.094688
02-measurement-discipline,no-flush,cold,buf_kib=122880;ws_over_l2=6.000,40,0.098240
02-measurement-discipline,no-flush,cold,buf_kib=122880;ws_over_l2=6.000,41,0.094880
02-measurement-discipline,no-flush,cold,buf_kib=122880;ws_over_l2=6.000,42,0.096928
02-measurement-discipline,no-flush,cold,buf_kib=122880;ws_over_l2=6.000,43,0.095680
02-measurement-discipline,no-flush,cold,buf_kib=122880;ws_over_l2=6.000,44,0.093952
02-measurement-discipline,no-flush,cold,buf_kib=122880;ws_over_l2=6.000,45,0.095936
02-measurement-discipline,no-flush,cold,buf_kib=122880;ws_over_l2=6.000,46,0.097952
02-measurement-discipline,no-flush,cold,buf_kib=122880;ws_over_l2=6.000,47,0.096256
02-measurement-discipline,no-flush,cold,buf_kib=122880;ws_over_l2=6.000,48,0.096800
02-measurement-discipline,no-flush,cold,buf_kib=122880;ws_over_l2=6.000,49,0.095296
02-measurement-discipline,batched,cold,buf_kib=122880;ws_over_l2=6.000,0,0.093619
02-measurement-discipline,batched,cold,buf_kib=122880;ws_over_l2=6.000,1,0.093250
02-measurement-discipline,batched,cold,buf_kib=122880;ws_over_l2=6.000,2,0.093621
02-measurement-discipline,batched,cold,buf_kib=122880;ws_over_l2=6.000,3,0.093280
02-measurement-discipline,batched,cold,buf_kib=122880;ws_over_l2=6.000,4,0.093026
02-measurement-discipline,batched,cold,buf_kib=122880;ws_over_l2=6.000,5,0.093331
02-measurement-discipline,batched,cold,buf_kib=122880;ws_over_l2=6.000,6,0.093390
02-measurement-discipline,batched,cold,buf_kib=122880;ws_over_l2=6.000,7,0.093584
02-measurement-discipline,batched,cold,buf_kib=122880;ws_over_l2=6.000,8,0.093390
02-measurement-discipline,batched,cold,buf_kib=122880;ws_over_l2=6.000,9,0.093288
02-measurement-discipline,batched,cold,buf_kib=122880;ws_over_l2=6.000,10,0.093454
02-measurement-discipline,batched,cold,buf_kib=122880;ws_over_l2=6.000,11,0.093368
02-measurement-discipline,batched,cold,buf_kib=122880;ws_over_l2=6.000,12,0.092981
02-measurement-discipline,batched,cold,buf_kib=122880;ws_over_l2=6.000,13,0.093176
02-measurement-discipline,batched,cold,buf_kib=122880;ws_over_l2=6.000,14,0.093574
02-measurement-discipline,batched,cold,buf_kib=122880;ws_over_l2=6.000,15,0.093336
02-measurement-discipline,batched,cold,buf_kib=122880;ws_over_l2=6.000,16,0.093149
02-measurement-discipline,batched,cold,buf_kib=122880;ws_over_l2=6.000,17,0.093318
02-measurement-discipline,batched,cold,buf_kib=122880;ws_over_l2=6.000,18,0.093176
02-measurement-discipline,batched,cold,buf_kib=122880;ws_over_l2=6.000,19,0.093384
02-measurement-discipline,batched,cold,buf_kib=122880;ws_over_l2=6.000,20,0.093286
02-measurement-discipline,batched,cold,buf_kib=122880;ws_over_l2=6.000,21,0.093283
02-measurement-discipline,batched,cold,buf_kib=122880;ws_over_l2=6.000,22,0.093382
02-measurement-discipline,batched,cold,buf_kib=122880;ws_over_l2=6.000,23,0.093426
02-measurement-discipline,batched,cold,buf_kib=122880;ws_over_l2=6.000,24,0.093310
02-measurement-discipline,batched,cold,buf_kib=122880;ws_over_l2=6.000,25,0.093442
02-measurement-discipline,batched,cold,buf_kib=122880;ws_over_l2=6.000,26,0.093462
02-measurement-discipline,batched,cold,buf_kib=122880;ws_over_l2=6.000,27,0.093102
02-measurement-discipline,batched,cold,buf_kib=122880;ws_over_l2=6.000,28,0.093526
02-measurement-discipline,batched,cold,buf_kib=122880;ws_over_l2=6.000,29,0.093456
02-measurement-discipline,batched,cold,buf_kib=122880;ws_over_l2=6.000,30,0.093269
02-measurement-discipline,batched,cold,buf_kib=122880;ws_over_l2=6.000,31,0.093298
02-measurement-discipline,batched,cold,buf_kib=122880;ws_over_l2=6.000,32,0.093328
02-measurement-discipline,batched,cold,buf_kib=122880;ws_over_l2=6.000,33,0.093363
02-measurement-discipline,batched,cold,buf_kib=122880;ws_over_l2=6.000,34,0.093306
02-measurement-discipline,batched,cold,buf_kib=122880;ws_over_l2=6.000,35,0.093208
02-measurement-discipline,batched,cold,buf_kib=122880;ws_over_l2=6.000,36,0.093445
02-measurement-discipline,batched,cold,buf_kib=122880;ws_over_l2=6.000,37,0.093131
02-measurement-discipline,batched,cold,buf_kib=122880;ws_over_l2=6.000,38,0.093189
02-measurement-discipline,batched,cold,buf_kib=122880;ws_over_l2=6.000,39,0.093586
02-measurement-discipline,batched,cold,buf_kib=122880;ws_over_l2=6.000,40,0.093155
02-measurement-discipline,batched,cold,buf_kib=122880;ws_over_l2=6.000,41,0.092976
02-measurement-discipline,batched,cold,buf_kib=122880;ws_over_l2=6.000,42,0.093293
02-measurement-discipline,batched,cold,buf_kib=122880;ws_over_l2=6.000,43,0.093541
02-measurement-discipline,batched,cold,buf_kib=122880;ws_over_l2=6.000,44,0.093378
02-measurement-discipline,batched,cold,buf_kib=122880;ws_over_l2=6.000,45,0.093648
02-measurement-discipline,batched,cold,buf_kib=122880;ws_over_l2=6.000,46,0.093488
02-measurement-discipline,batched,cold,buf_kib=122880;ws_over_l2=6.000,47,0.093360
02-measurement-discipline,batched,cold,buf_kib=122880;ws_over_l2=6.000,48,0.093104
02-measurement-discipline,batched,cold,buf_kib=122880;ws_over_l2=6.000,49,0.093357
02-measurement-discipline,disciplined,cold,buf_kib=122880;ws_over_l2=6.000,0,0.098720
02-measurement-discipline,disciplined,cold,buf_kib=122880;ws_over_l2=6.000,1,0.099360
02-measurement-discipline,disciplined,cold,buf_kib=122880;ws_over_l2=6.000,2,0.098720
02-measurement-discipline,disciplined,cold,buf_kib=122880;ws_over_l2=6.000,3,0.099648
02-measurement-discipline,disciplined,cold,buf_kib=122880;ws_over_l2=6.000,4,0.098528
02-measurement-discipline,disciplined,cold,buf_kib=122880;ws_over_l2=6.000,5,0.098528
02-measurement-discipline,disciplined,cold,buf_kib=122880;ws_over_l2=6.000,6,0.099296
02-measurement-discipline,disciplined,cold,buf_kib=122880;ws_over_l2=6.000,7,0.099136
02-measurement-discipline,disciplined,cold,buf_kib=122880;ws_over_l2=6.000,8,0.099136
02-measurement-discipline,disciplined,cold,buf_kib=122880;ws_over_l2=6.000,9,0.098144
02-measurement-discipline,disciplined,cold,buf_kib=122880;ws_over_l2=6.000,10,0.098880
02-measurement-discipline,disciplined,cold,buf_kib=122880;ws_over_l2=6.000,11,0.099904
02-measurement-discipline,disciplined,cold,buf_kib=122880;ws_over_l2=6.000,12,0.099616
02-measurement-discipline,disciplined,cold,buf_kib=122880;ws_over_l2=6.000,13,0.098656
02-measurement-discipline,disciplined,cold,buf_kib=122880;ws_over_l2=6.000,14,0.099456
02-measurement-discipline,disciplined,cold,buf_kib=122880;ws_over_l2=6.000,15,0.099424
02-measurement-discipline,disciplined,cold,buf_kib=122880;ws_over_l2=6.000,16,0.099488
02-measurement-discipline,disciplined,cold,buf_kib=122880;ws_over_l2=6.000,17,0.099136
02-measurement-discipline,disciplined,cold,buf_kib=122880;ws_over_l2=6.000,18,0.097664
02-measurement-discipline,disciplined,cold,buf_kib=122880;ws_over_l2=6.000,19,0.098784
02-measurement-discipline,disciplined,cold,buf_kib=122880;ws_over_l2=6.000,20,0.099488
02-measurement-discipline,disciplined,cold,buf_kib=122880;ws_over_l2=6.000,21,0.099648
02-measurement-discipline,disciplined,cold,buf_kib=122880;ws_over_l2=6.000,22,0.099008
02-measurement-discipline,disciplined,cold,buf_kib=122880;ws_over_l2=6.000,23,0.098784
02-measurement-discipline,disciplined,cold,buf_kib=122880;ws_over_l2=6.000,24,0.098368
02-measurement-discipline,disciplined,cold,buf_kib=122880;ws_over_l2=6.000,25,0.099552
02-measurement-discipline,disciplined,cold,buf_kib=122880;ws_over_l2=6.000,26,0.098624
02-measurement-discipline,disciplined,cold,buf_kib=122880;ws_over_l2=6.000,27,0.098912
02-measurement-discipline,disciplined,cold,buf_kib=122880;ws_over_l2=6.000,28,0.098400
02-measurement-discipline,disciplined,cold,buf_kib=122880;ws_over_l2=6.000,29,0.098464
02-measurement-discipline,disciplined,cold,buf_kib=122880;ws_over_l2=6.000,30,0.098912
02-measurement-discipline,disciplined,cold,buf_kib=122880;ws_over_l2=6.000,31,0.097888
02-measurement-discipline,disciplined,cold,buf_kib=122880;ws_over_l2=6.000,32,0.098848
02-measurement-discipline,disciplined,cold,buf_kib=122880;ws_over_l2=6.000,33,0.098304
02-measurement-discipline,disciplined,cold,buf_kib=122880;ws_over_l2=6.000,34,0.098464
02-measurement-discipline,disciplined,cold,buf_kib=122880;ws_over_l2=6.000,35,0.098400
02-measurement-discipline,disciplined,cold,buf_kib=122880;ws_over_l2=6.000,36,0.098112
02-measurement-discipline,disciplined,cold,buf_kib=122880;ws_over_l2=6.000,37,0.098208
02-measurement-discipline,disciplined,cold,buf_kib=122880;ws_over_l2=6.000,38,0.098432
02-measurement-discipline,disciplined,cold,buf_kib=122880;ws_over_l2=6.000,39,0.098496
02-measurement-discipline,disciplined,cold,buf_kib=122880;ws_over_l2=6.000,40,0.098752
02-measurement-discipline,disciplined,cold,buf_kib=122880;ws_over_l2=6.000,41,0.099072
02-measurement-discipline,disciplined,cold,buf_kib=122880;ws_over_l2=6.000,42,0.097088
02-measurement-discipline,disciplined,cold,buf_kib=122880;ws_over_l2=6.000,43,0.099392
02-measurement-discipline,disciplined,cold,buf_kib=122880;ws_over_l2=6.000,44,0.098016
02-measurement-discipline,disciplined,cold,buf_kib=122880;ws_over_l2=6.000,45,0.098528
02-measurement-discipline,disciplined,cold,buf_kib=122880;ws_over_l2=6.000,46,0.098912
02-measurement-discipline,disciplined,cold,buf_kib=122880;ws_over_l2=6.000,47,0.098656
02-measurement-discipline,disciplined,cold,buf_kib=122880;ws_over_l2=6.000,48,0.098304
02-measurement-discipline,disciplined,cold,buf_kib=122880;ws_over_l2=6.000,49,0.098976
02-measurement-discipline,disciplined,hot,buf_kib=122880;ws_over_l2=6.000,0,0.092003
02-measurement-discipline,disciplined,hot,buf_kib=122880;ws_over_l2=6.000,1,0.091878
02-measurement-discipline,disciplined,hot,buf_kib=122880;ws_over_l2=6.000,2,0.092069
02-measurement-discipline,disciplined,hot,buf_kib=122880;ws_over_l2=6.000,3,0.091765
02-measurement-discipline,disciplined,hot,buf_kib=122880;ws_over_l2=6.000,4,0.092029
02-measurement-discipline,disciplined,hot,buf_kib=122880;ws_over_l2=6.000,5,0.091773
02-measurement-discipline,disciplined,hot,buf_kib=122880;ws_over_l2=6.000,6,0.091794
02-measurement-discipline,disciplined,hot,buf_kib=122880;ws_over_l2=6.000,7,0.091843
02-measurement-discipline,disciplined,hot,buf_kib=122880;ws_over_l2=6.000,8,0.091928
02-measurement-discipline,disciplined,hot,buf_kib=122880;ws_over_l2=6.000,9,0.091942
02-measurement-discipline,disciplined,hot,buf_kib=122880;ws_over_l2=6.000,10,0.092128
02-measurement-discipline,disciplined,hot,buf_kib=122880;ws_over_l2=6.000,11,0.091981
02-measurement-discipline,disciplined,hot,buf_kib=122880;ws_over_l2=6.000,12,0.091773
02-measurement-discipline,disciplined,hot,buf_kib=122880;ws_over_l2=6.000,13,0.092000
02-measurement-discipline,disciplined,hot,buf_kib=122880;ws_over_l2=6.000,14,0.092043
02-measurement-discipline,disciplined,hot,buf_kib=122880;ws_over_l2=6.000,15,0.091946
02-measurement-discipline,disciplined,hot,buf_kib=122880;ws_over_l2=6.000,16,0.091824
02-measurement-discipline,disciplined,hot,buf_kib=122880;ws_over_l2=6.000,17,0.091854
02-measurement-discipline,disciplined,hot,buf_kib=122880;ws_over_l2=6.000,18,0.091728
02-measurement-discipline,disciplined,hot,buf_kib=122880;ws_over_l2=6.000,19,0.091734
02-measurement-discipline,disciplined,hot,buf_kib=122880;ws_over_l2=6.000,20,0.092006
02-measurement-discipline,disciplined,hot,buf_kib=122880;ws_over_l2=6.000,21,0.091998
02-measurement-discipline,disciplined,hot,buf_kib=122880;ws_over_l2=6.000,22,0.091755
02-measurement-discipline,disciplined,hot,buf_kib=122880;ws_over_l2=6.000,23,0.091698
02-measurement-discipline,disciplined,hot,buf_kib=122880;ws_over_l2=6.000,24,0.092029
02-measurement-discipline,disciplined,hot,buf_kib=122880;ws_over_l2=6.000,25,0.091824
02-measurement-discipline,disciplined,hot,buf_kib=122880;ws_over_l2=6.000,26,0.091992
02-measurement-discipline,disciplined,hot,buf_kib=122880;ws_over_l2=6.000,27,0.091784
02-measurement-discipline,disciplined,hot,buf_kib=122880;ws_over_l2=6.000,28,0.091874
02-measurement-discipline,disciplined,hot,buf_kib=122880;ws_over_l2=6.000,29,0.092078
02-measurement-discipline,disciplined,hot,buf_kib=122880;ws_over_l2=6.000,30,0.091968
02-measurement-discipline,disciplined,hot,buf_kib=122880;ws_over_l2=6.000,31,0.092112
02-measurement-discipline,disciplined,hot,buf_kib=122880;ws_over_l2=6.000,32,0.091658
02-measurement-discipline,disciplined,hot,buf_kib=122880;ws_over_l2=6.000,33,0.091746
02-measurement-discipline,disciplined,hot,buf_kib=122880;ws_over_l2=6.000,34,0.091835
02-measurement-discipline,disciplined,hot,buf_kib=122880;ws_over_l2=6.000,35,0.091981
02-measurement-discipline,disciplined,hot,buf_kib=122880;ws_over_l2=6.000,36,0.092005
02-measurement-discipline,disciplined,hot,buf_kib=122880;ws_over_l2=6.000,37,0.091973
02-measurement-discipline,disciplined,hot,buf_kib=122880;ws_over_l2=6.000,38,0.091803
02-measurement-discipline,disciplined,hot,buf_kib=122880;ws_over_l2=6.000,39,0.092155
02-measurement-discipline,disciplined,hot,buf_kib=122880;ws_over_l2=6.000,40,0.091763
02-measurement-discipline,disciplined,hot,buf_kib=122880;ws_over_l2=6.000,41,0.092032
02-measurement-discipline,disciplined,hot,buf_kib=122880;ws_over_l2=6.000,42,0.091995
02-measurement-discipline,disciplined,hot,buf_kib=122880;ws_over_l2=6.000,43,0.091883
02-measurement-discipline,disciplined,hot,buf_kib=122880;ws_over_l2=6.000,44,0.092128
02-measurement-discipline,disciplined,hot,buf_kib=122880;ws_over_l2=6.000,45,0.091886
02-measurement-discipline,disciplined,hot,buf_kib=122880;ws_over_l2=6.000,46,0.091954
02-measurement-discipline,disciplined,hot,buf_kib=122880;ws_over_l2=6.000,47,0.091565
02-measurement-discipline,disciplined,hot,buf_kib=122880;ws_over_l2=6.000,48,0.091918
02-measurement-discipline,disciplined,hot,buf_kib=122880;ws_over_l2=6.000,49,0.091781
02-measurement-discipline,wallclock,cold,buf_kib=262144;ws_over_l2=12.800,0,0.222508
02-measurement-discipline,wallclock,cold,buf_kib=262144;ws_over_l2=12.800,1,0.204379
02-measurement-discipline,wallclock,cold,buf_kib=262144;ws_over_l2=12.800,2,0.206409
02-measurement-discipline,wallclock,cold,buf_kib=262144;ws_over_l2=12.800,3,0.205959
02-measurement-discipline,wallclock,cold,buf_kib=262144;ws_over_l2=12.800,4,0.203481
02-measurement-discipline,wallclock,cold,buf_kib=262144;ws_over_l2=12.800,5,0.207323
02-measurement-discipline,wallclock,cold,buf_kib=262144;ws_over_l2=12.800,6,0.201929
02-measurement-discipline,wallclock,cold,buf_kib=262144;ws_over_l2=12.800,7,0.205676
02-measurement-discipline,wallclock,cold,buf_kib=262144;ws_over_l2=12.800,8,0.202083
02-measurement-discipline,wallclock,cold,buf_kib=262144;ws_over_l2=12.800,9,0.206019
02-measurement-discipline,wallclock,cold,buf_kib=262144;ws_over_l2=12.800,10,0.202767
02-measurement-discipline,wallclock,cold,buf_kib=262144;ws_over_l2=12.800,11,0.203244
02-measurement-discipline,wallclock,cold,buf_kib=262144;ws_over_l2=12.800,12,0.201928
02-measurement-discipline,wallclock,cold,buf_kib=262144;ws_over_l2=12.800,13,0.206239
02-measurement-discipline,wallclock,cold,buf_kib=262144;ws_over_l2=12.800,14,0.201967
02-measurement-discipline,wallclock,cold,buf_kib=262144;ws_over_l2=12.800,15,0.207412
02-measurement-discipline,wallclock,cold,buf_kib=262144;ws_over_l2=12.800,16,0.202085
02-measurement-discipline,wallclock,cold,buf_kib=262144;ws_over_l2=12.800,17,0.206652
02-measurement-discipline,wallclock,cold,buf_kib=262144;ws_over_l2=12.800,18,0.201481
02-measurement-discipline,wallclock,cold,buf_kib=262144;ws_over_l2=12.800,19,0.207489
02-measurement-discipline,wallclock,cold,buf_kib=262144;ws_over_l2=12.800,20,0.202287
02-measurement-discipline,wallclock,cold,buf_kib=262144;ws_over_l2=12.800,21,0.205252
02-measurement-discipline,wallclock,cold,buf_kib=262144;ws_over_l2=12.800,22,0.201486
02-measurement-discipline,wallclock,cold,buf_kib=262144;ws_over_l2=12.800,23,0.206849
02-measurement-discipline,wallclock,cold,buf_kib=262144;ws_over_l2=12.800,24,0.200165
02-measurement-discipline,wallclock,cold,buf_kib=262144;ws_over_l2=12.800,25,0.202646
02-measurement-discipline,wallclock,cold,buf_kib=262144;ws_over_l2=12.800,26,0.199210
02-measurement-discipline,wallclock,cold,buf_kib=262144;ws_over_l2=12.800,27,0.203454
02-measurement-discipline,wallclock,cold,buf_kib=262144;ws_over_l2=12.800,28,0.202168
02-measurement-discipline,wallclock,cold,buf_kib=262144;ws_over_l2=12.800,29,0.203958
02-measurement-discipline,wallclock,cold,buf_kib=262144;ws_over_l2=12.800,30,0.206162
02-measurement-discipline,wallclock,cold,buf_kib=262144;ws_over_l2=12.800,31,0.200610
02-measurement-discipline,wallclock,cold,buf_kib=262144;ws_over_l2=12.800,32,0.203006
02-measurement-discipline,wallclock,cold,buf_kib=262144;ws_over_l2=12.800,33,0.202005
02-measurement-discipline,wallclock,cold,buf_kib=262144;ws_over_l2=12.800,34,0.207642
02-measurement-discipline,wallclock,cold,buf_kib=262144;ws_over_l2=12.800,35,0.205889
02-measurement-discipline,wallclock,cold,buf_kib=262144;ws_over_l2=12.800,36,0.201569
02-measurement-discipline,wallclock,cold,buf_kib=262144;ws_over_l2=12.800,37,0.203479
02-measurement-discipline,wallclock,cold,buf_kib=262144;ws_over_l2=12.800,38,0.202885
02-measurement-discipline,wallclock,cold,buf_kib=262144;ws_over_l2=12.800,39,0.207409
02-measurement-discipline,wallclock,cold,buf_kib=262144;ws_over_l2=12.800,40,0.199654
02-measurement-discipline,wallclock,cold,buf_kib=262144;ws_over_l2=12.800,41,0.208877
02-measurement-discipline,wallclock,cold,buf_kib=262144;ws_over_l2=12.800,42,0.206207
02-measurement-discipline,wallclock,cold,buf_kib=262144;ws_over_l2=12.800,43,0.203846
02-measurement-discipline,wallclock,cold,buf_kib=262144;ws_over_l2=12.800,44,0.207888
02-measurement-discipline,wallclock,cold,buf_kib=262144;ws_over_l2=12.800,45,0.202646
02-measurement-discipline,wallclock,cold,buf_kib=262144;ws_over_l2=12.800,46,0.206420
02-measurement-discipline,wallclock,cold,buf_kib=262144;ws_over_l2=12.800,47,0.202806
02-measurement-discipline,wallclock,cold,buf_kib=262144;ws_over_l2=12.800,48,0.208891
02-measurement-discipline,wallclock,cold,buf_kib=262144;ws_over_l2=12.800,49,0.201024
02-measurement-discipline,no-flush,cold,buf_kib=262144;ws_over_l2=12.800,0,0.198976
02-measurement-discipline,no-flush,cold,buf_kib=262144;ws_over_l2=12.800,1,0.204960
02-measurement-discipline,no-flush,cold,buf_kib=262144;ws_over_l2=12.800,2,0.196832
02-measurement-discipline,no-flush,cold,buf_kib=262144;ws_over_l2=12.800,3,0.201792
02-measurement-discipline,no-flush,cold,buf_kib=262144;ws_over_l2=12.800,4,0.201760
02-measurement-discipline,no-flush,cold,buf_kib=262144;ws_over_l2=12.800,5,0.202848
02-measurement-discipline,no-flush,cold,buf_kib=262144;ws_over_l2=12.800,6,0.197856
02-measurement-discipline,no-flush,cold,buf_kib=262144;ws_over_l2=12.800,7,0.201984
02-measurement-discipline,no-flush,cold,buf_kib=262144;ws_over_l2=12.800,8,0.202112
02-measurement-discipline,no-flush,cold,buf_kib=262144;ws_over_l2=12.800,9,0.198912
02-measurement-discipline,no-flush,cold,buf_kib=262144;ws_over_l2=12.800,10,0.206176
02-measurement-discipline,no-flush,cold,buf_kib=262144;ws_over_l2=12.800,11,0.202624
02-measurement-discipline,no-flush,cold,buf_kib=262144;ws_over_l2=12.800,12,0.197472
02-measurement-discipline,no-flush,cold,buf_kib=262144;ws_over_l2=12.800,13,0.205728
02-measurement-discipline,no-flush,cold,buf_kib=262144;ws_over_l2=12.800,14,0.202656
02-measurement-discipline,no-flush,cold,buf_kib=262144;ws_over_l2=12.800,15,0.196224
02-measurement-discipline,no-flush,cold,buf_kib=262144;ws_over_l2=12.800,16,0.203296
02-measurement-discipline,no-flush,cold,buf_kib=262144;ws_over_l2=12.800,17,0.198240
02-measurement-discipline,no-flush,cold,buf_kib=262144;ws_over_l2=12.800,18,0.202400
02-measurement-discipline,no-flush,cold,buf_kib=262144;ws_over_l2=12.800,19,0.198560
02-measurement-discipline,no-flush,cold,buf_kib=262144;ws_over_l2=12.800,20,0.201696
02-measurement-discipline,no-flush,cold,buf_kib=262144;ws_over_l2=12.800,21,0.197760
02-measurement-discipline,no-flush,cold,buf_kib=262144;ws_over_l2=12.800,22,0.203776
02-measurement-discipline,no-flush,cold,buf_kib=262144;ws_over_l2=12.800,23,0.201440
02-measurement-discipline,no-flush,cold,buf_kib=262144;ws_over_l2=12.800,24,0.203168
02-measurement-discipline,no-flush,cold,buf_kib=262144;ws_over_l2=12.800,25,0.196576
02-measurement-discipline,no-flush,cold,buf_kib=262144;ws_over_l2=12.800,26,0.203072
02-measurement-discipline,no-flush,cold,buf_kib=262144;ws_over_l2=12.800,27,0.198336
02-measurement-discipline,no-flush,cold,buf_kib=262144;ws_over_l2=12.800,28,0.202240
02-measurement-discipline,no-flush,cold,buf_kib=262144;ws_over_l2=12.800,29,0.198592
02-measurement-discipline,no-flush,cold,buf_kib=262144;ws_over_l2=12.800,30,0.205984
02-measurement-discipline,no-flush,cold,buf_kib=262144;ws_over_l2=12.800,31,0.197152
02-measurement-discipline,no-flush,cold,buf_kib=262144;ws_over_l2=12.800,32,0.204640
02-measurement-discipline,no-flush,cold,buf_kib=262144;ws_over_l2=12.800,33,0.202880
02-measurement-discipline,no-flush,cold,buf_kib=262144;ws_over_l2=12.800,34,0.200768
02-measurement-discipline,no-flush,cold,buf_kib=262144;ws_over_l2=12.800,35,0.201792
02-measurement-discipline,no-flush,cold,buf_kib=262144;ws_over_l2=12.800,36,0.196672
02-measurement-discipline,no-flush,cold,buf_kib=262144;ws_over_l2=12.800,37,0.199968
02-measurement-discipline,no-flush,cold,buf_kib=262144;ws_over_l2=12.800,38,0.201664
02-measurement-discipline,no-flush,cold,buf_kib=262144;ws_over_l2=12.800,39,0.201760
02-measurement-discipline,no-flush,cold,buf_kib=262144;ws_over_l2=12.800,40,0.198432
02-measurement-discipline,no-flush,cold,buf_kib=262144;ws_over_l2=12.800,41,0.202496
02-measurement-discipline,no-flush,cold,buf_kib=262144;ws_over_l2=12.800,42,0.199232
02-measurement-discipline,no-flush,cold,buf_kib=262144;ws_over_l2=12.800,43,0.201248
02-measurement-discipline,no-flush,cold,buf_kib=262144;ws_over_l2=12.800,44,0.201472
02-measurement-discipline,no-flush,cold,buf_kib=262144;ws_over_l2=12.800,45,0.202848
02-measurement-discipline,no-flush,cold,buf_kib=262144;ws_over_l2=12.800,46,0.201952
02-measurement-discipline,no-flush,cold,buf_kib=262144;ws_over_l2=12.800,47,0.204736
02-measurement-discipline,no-flush,cold,buf_kib=262144;ws_over_l2=12.800,48,0.201728
02-measurement-discipline,no-flush,cold,buf_kib=262144;ws_over_l2=12.800,49,0.200896
02-measurement-discipline,batched,cold,buf_kib=262144;ws_over_l2=12.800,0,0.198194
02-measurement-discipline,batched,cold,buf_kib=262144;ws_over_l2=12.800,1,0.198339
02-measurement-discipline,batched,cold,buf_kib=262144;ws_over_l2=12.800,2,0.198285
02-measurement-discipline,batched,cold,buf_kib=262144;ws_over_l2=12.800,3,0.198498
02-measurement-discipline,batched,cold,buf_kib=262144;ws_over_l2=12.800,4,0.197181
02-measurement-discipline,batched,cold,buf_kib=262144;ws_over_l2=12.800,5,0.198312
02-measurement-discipline,batched,cold,buf_kib=262144;ws_over_l2=12.800,6,0.198307
02-measurement-discipline,batched,cold,buf_kib=262144;ws_over_l2=12.800,7,0.197712
02-measurement-discipline,batched,cold,buf_kib=262144;ws_over_l2=12.800,8,0.198754
02-measurement-discipline,batched,cold,buf_kib=262144;ws_over_l2=12.800,9,0.198240
02-measurement-discipline,batched,cold,buf_kib=262144;ws_over_l2=12.800,10,0.198562
02-measurement-discipline,batched,cold,buf_kib=262144;ws_over_l2=12.800,11,0.198224
02-measurement-discipline,batched,cold,buf_kib=262144;ws_over_l2=12.800,12,0.198523
02-measurement-discipline,batched,cold,buf_kib=262144;ws_over_l2=12.800,13,0.197779
02-measurement-discipline,batched,cold,buf_kib=262144;ws_over_l2=12.800,14,0.198379
02-measurement-discipline,batched,cold,buf_kib=262144;ws_over_l2=12.800,15,0.198120
02-measurement-discipline,batched,cold,buf_kib=262144;ws_over_l2=12.800,16,0.198318
02-measurement-discipline,batched,cold,buf_kib=262144;ws_over_l2=12.800,17,0.198246
02-measurement-discipline,batched,cold,buf_kib=262144;ws_over_l2=12.800,18,0.198165
02-measurement-discipline,batched,cold,buf_kib=262144;ws_over_l2=12.800,19,0.198342
02-measurement-discipline,batched,cold,buf_kib=262144;ws_over_l2=12.800,20,0.198101
02-measurement-discipline,batched,cold,buf_kib=262144;ws_over_l2=12.800,21,0.198382
02-measurement-discipline,batched,cold,buf_kib=262144;ws_over_l2=12.800,22,0.197626
02-measurement-discipline,batched,cold,buf_kib=262144;ws_over_l2=12.800,23,0.197813
02-measurement-discipline,batched,cold,buf_kib=262144;ws_over_l2=12.800,24,0.197306
02-measurement-discipline,batched,cold,buf_kib=262144;ws_over_l2=12.800,25,0.197405
02-measurement-discipline,batched,cold,buf_kib=262144;ws_over_l2=12.800,26,0.197886
02-measurement-discipline,batched,cold,buf_kib=262144;ws_over_l2=12.800,27,0.198531
02-measurement-discipline,batched,cold,buf_kib=262144;ws_over_l2=12.800,28,0.198277
02-measurement-discipline,batched,cold,buf_kib=262144;ws_over_l2=12.800,29,0.198195
02-measurement-discipline,batched,cold,buf_kib=262144;ws_over_l2=12.800,30,0.197677
02-measurement-discipline,batched,cold,buf_kib=262144;ws_over_l2=12.800,31,0.197718
02-measurement-discipline,batched,cold,buf_kib=262144;ws_over_l2=12.800,32,0.198019
02-measurement-discipline,batched,cold,buf_kib=262144;ws_over_l2=12.800,33,0.197411
02-measurement-discipline,batched,cold,buf_kib=262144;ws_over_l2=12.800,34,0.198090
02-measurement-discipline,batched,cold,buf_kib=262144;ws_over_l2=12.800,35,0.198101
02-measurement-discipline,batched,cold,buf_kib=262144;ws_over_l2=12.800,36,0.197850
02-measurement-discipline,batched,cold,buf_kib=262144;ws_over_l2=12.800,37,0.198304
02-measurement-discipline,batched,cold,buf_kib=262144;ws_over_l2=12.800,38,0.198832
02-measurement-discipline,batched,cold,buf_kib=262144;ws_over_l2=12.800,39,0.197702
02-measurement-discipline,batched,cold,buf_kib=262144;ws_over_l2=12.800,40,0.198440
02-measurement-discipline,batched,cold,buf_kib=262144;ws_over_l2=12.800,41,0.198126
02-measurement-discipline,batched,cold,buf_kib=262144;ws_over_l2=12.800,42,0.197966
02-measurement-discipline,batched,cold,buf_kib=262144;ws_over_l2=12.800,43,0.198686
02-measurement-discipline,batched,cold,buf_kib=262144;ws_over_l2=12.800,44,0.198421
02-measurement-discipline,batched,cold,buf_kib=262144;ws_over_l2=12.800,45,0.198648
02-measurement-discipline,batched,cold,buf_kib=262144;ws_over_l2=12.800,46,0.197845
02-measurement-discipline,batched,cold,buf_kib=262144;ws_over_l2=12.800,47,0.198426
02-measurement-discipline,batched,cold,buf_kib=262144;ws_over_l2=12.800,48,0.197694
02-measurement-discipline,batched,cold,buf_kib=262144;ws_over_l2=12.800,49,0.197650
02-measurement-discipline,disciplined,cold,buf_kib=262144;ws_over_l2=12.800,0,0.202496
02-measurement-discipline,disciplined,cold,buf_kib=262144;ws_over_l2=12.800,1,0.201120
02-measurement-discipline,disciplined,cold,buf_kib=262144;ws_over_l2=12.800,2,0.200160
02-measurement-discipline,disciplined,cold,buf_kib=262144;ws_over_l2=12.800,3,0.202432
02-measurement-discipline,disciplined,cold,buf_kib=262144;ws_over_l2=12.800,4,0.202080
02-measurement-discipline,disciplined,cold,buf_kib=262144;ws_over_l2=12.800,5,0.202528
02-measurement-discipline,disciplined,cold,buf_kib=262144;ws_over_l2=12.800,6,0.202432
02-measurement-discipline,disciplined,cold,buf_kib=262144;ws_over_l2=12.800,7,0.204032
02-measurement-discipline,disciplined,cold,buf_kib=262144;ws_over_l2=12.800,8,0.200768
02-measurement-discipline,disciplined,cold,buf_kib=262144;ws_over_l2=12.800,9,0.201184
02-measurement-discipline,disciplined,cold,buf_kib=262144;ws_over_l2=12.800,10,0.201568
02-measurement-discipline,disciplined,cold,buf_kib=262144;ws_over_l2=12.800,11,0.199968
02-measurement-discipline,disciplined,cold,buf_kib=262144;ws_over_l2=12.800,12,0.202112
02-measurement-discipline,disciplined,cold,buf_kib=262144;ws_over_l2=12.800,13,0.199104
02-measurement-discipline,disciplined,cold,buf_kib=262144;ws_over_l2=12.800,14,0.204128
02-measurement-discipline,disciplined,cold,buf_kib=262144;ws_over_l2=12.800,15,0.203200
02-measurement-discipline,disciplined,cold,buf_kib=262144;ws_over_l2=12.800,16,0.201248
02-measurement-discipline,disciplined,cold,buf_kib=262144;ws_over_l2=12.800,17,0.202368
02-measurement-discipline,disciplined,cold,buf_kib=262144;ws_over_l2=12.800,18,0.203008
02-measurement-discipline,disciplined,cold,buf_kib=262144;ws_over_l2=12.800,19,0.202304
02-measurement-discipline,disciplined,cold,buf_kib=262144;ws_over_l2=12.800,20,0.205152
02-measurement-discipline,disciplined,cold,buf_kib=262144;ws_over_l2=12.800,21,0.199264
02-measurement-discipline,disciplined,cold,buf_kib=262144;ws_over_l2=12.800,22,0.201664
02-measurement-discipline,disciplined,cold,buf_kib=262144;ws_over_l2=12.800,23,0.201600
02-measurement-discipline,disciplined,cold,buf_kib=262144;ws_over_l2=12.800,24,0.202624
02-measurement-discipline,disciplined,cold,buf_kib=262144;ws_over_l2=12.800,25,0.201824
02-measurement-discipline,disciplined,cold,buf_kib=262144;ws_over_l2=12.800,26,0.201152
02-measurement-discipline,disciplined,cold,buf_kib=262144;ws_over_l2=12.800,27,0.203552
02-measurement-discipline,disciplined,cold,buf_kib=262144;ws_over_l2=12.800,28,0.202016
02-measurement-discipline,disciplined,cold,buf_kib=262144;ws_over_l2=12.800,29,0.202752
02-measurement-discipline,disciplined,cold,buf_kib=262144;ws_over_l2=12.800,30,0.200704
02-measurement-discipline,disciplined,cold,buf_kib=262144;ws_over_l2=12.800,31,0.202912
02-measurement-discipline,disciplined,cold,buf_kib=262144;ws_over_l2=12.800,32,0.204800
02-measurement-discipline,disciplined,cold,buf_kib=262144;ws_over_l2=12.800,33,0.204160
02-measurement-discipline,disciplined,cold,buf_kib=262144;ws_over_l2=12.800,34,0.203104
02-measurement-discipline,disciplined,cold,buf_kib=262144;ws_over_l2=12.800,35,0.203264
02-measurement-discipline,disciplined,cold,buf_kib=262144;ws_over_l2=12.800,36,0.201792
02-measurement-discipline,disciplined,cold,buf_kib=262144;ws_over_l2=12.800,37,0.201728
02-measurement-discipline,disciplined,cold,buf_kib=262144;ws_over_l2=12.800,38,0.203136
02-measurement-discipline,disciplined,cold,buf_kib=262144;ws_over_l2=12.800,39,0.202560
02-measurement-discipline,disciplined,cold,buf_kib=262144;ws_over_l2=12.800,40,0.203712
02-measurement-discipline,disciplined,cold,buf_kib=262144;ws_over_l2=12.800,41,0.203008
02-measurement-discipline,disciplined,cold,buf_kib=262144;ws_over_l2=12.800,42,0.204192
02-measurement-discipline,disciplined,cold,buf_kib=262144;ws_over_l2=12.800,43,0.202560
02-measurement-discipline,disciplined,cold,buf_kib=262144;ws_over_l2=12.800,44,0.203456
02-measurement-discipline,disciplined,cold,buf_kib=262144;ws_over_l2=12.800,45,0.201024
02-measurement-discipline,disciplined,cold,buf_kib=262144;ws_over_l2=12.800,46,0.201856
02-measurement-discipline,disciplined,cold,buf_kib=262144;ws_over_l2=12.800,47,0.202400
02-measurement-discipline,disciplined,cold,buf_kib=262144;ws_over_l2=12.800,48,0.202976
02-measurement-discipline,disciplined,cold,buf_kib=262144;ws_over_l2=12.800,49,0.202336
02-measurement-discipline,disciplined,hot,buf_kib=262144;ws_over_l2=12.800,0,0.196806
02-measurement-discipline,disciplined,hot,buf_kib=262144;ws_over_l2=12.800,1,0.196349
02-measurement-discipline,disciplined,hot,buf_kib=262144;ws_over_l2=12.800,2,0.196691
02-measurement-discipline,disciplined,hot,buf_kib=262144;ws_over_l2=12.800,3,0.196611
02-measurement-discipline,disciplined,hot,buf_kib=262144;ws_over_l2=12.800,4,0.196672
02-measurement-discipline,disciplined,hot,buf_kib=262144;ws_over_l2=12.800,5,0.196850
02-measurement-discipline,disciplined,hot,buf_kib=262144;ws_over_l2=12.800,6,0.196808
02-measurement-discipline,disciplined,hot,buf_kib=262144;ws_over_l2=12.800,7,0.196306
02-measurement-discipline,disciplined,hot,buf_kib=262144;ws_over_l2=12.800,8,0.196349
02-measurement-discipline,disciplined,hot,buf_kib=262144;ws_over_l2=12.800,9,0.196099
02-measurement-discipline,disciplined,hot,buf_kib=262144;ws_over_l2=12.800,10,0.196320
02-measurement-discipline,disciplined,hot,buf_kib=262144;ws_over_l2=12.800,11,0.196248
02-measurement-discipline,disciplined,hot,buf_kib=262144;ws_over_l2=12.800,12,0.196614
02-measurement-discipline,disciplined,hot,buf_kib=262144;ws_over_l2=12.800,13,0.197514
02-measurement-discipline,disciplined,hot,buf_kib=262144;ws_over_l2=12.800,14,0.196216
02-measurement-discipline,disciplined,hot,buf_kib=262144;ws_over_l2=12.800,15,0.196502
02-measurement-discipline,disciplined,hot,buf_kib=262144;ws_over_l2=12.800,16,0.196549
02-measurement-discipline,disciplined,hot,buf_kib=262144;ws_over_l2=12.800,17,0.196592
02-measurement-discipline,disciplined,hot,buf_kib=262144;ws_over_l2=12.800,18,0.196830
02-measurement-discipline,disciplined,hot,buf_kib=262144;ws_over_l2=12.800,19,0.196541
02-measurement-discipline,disciplined,hot,buf_kib=262144;ws_over_l2=12.800,20,0.196709
02-measurement-discipline,disciplined,hot,buf_kib=262144;ws_over_l2=12.800,21,0.196482
02-measurement-discipline,disciplined,hot,buf_kib=262144;ws_over_l2=12.800,22,0.196611
02-measurement-discipline,disciplined,hot,buf_kib=262144;ws_over_l2=12.800,23,0.196162
02-measurement-discipline,disciplined,hot,buf_kib=262144;ws_over_l2=12.800,24,0.197117
02-measurement-discipline,disciplined,hot,buf_kib=262144;ws_over_l2=12.800,25,0.197403
02-measurement-discipline,disciplined,hot,buf_kib=262144;ws_over_l2=12.800,26,0.196776
02-measurement-discipline,disciplined,hot,buf_kib=262144;ws_over_l2=12.800,27,0.196640
02-measurement-discipline,disciplined,hot,buf_kib=262144;ws_over_l2=12.800,28,0.196939
02-measurement-discipline,disciplined,hot,buf_kib=262144;ws_over_l2=12.800,29,0.196701
02-measurement-discipline,disciplined,hot,buf_kib=262144;ws_over_l2=12.800,30,0.196472
02-measurement-discipline,disciplined,hot,buf_kib=262144;ws_over_l2=12.800,31,0.196920
02-measurement-discipline,disciplined,hot,buf_kib=262144;ws_over_l2=12.800,32,0.196250
02-measurement-discipline,disciplined,hot,buf_kib=262144;ws_over_l2=12.800,33,0.196210
02-measurement-discipline,disciplined,hot,buf_kib=262144;ws_over_l2=12.800,34,0.196392
02-measurement-discipline,disciplined,hot,buf_kib=262144;ws_over_l2=12.800,35,0.196266
02-measurement-discipline,disciplined,hot,buf_kib=262144;ws_over_l2=12.800,36,0.196032
02-measurement-discipline,disciplined,hot,buf_kib=262144;ws_over_l2=12.800,37,0.196248
02-measurement-discipline,disciplined,hot,buf_kib=262144;ws_over_l2=12.800,38,0.196389
02-measurement-discipline,disciplined,hot,buf_kib=262144;ws_over_l2=12.800,39,0.196870
02-measurement-discipline,disciplined,hot,buf_kib=262144;ws_over_l2=12.800,40,0.196899
02-measurement-discipline,disciplined,hot,buf_kib=262144;ws_over_l2=12.800,41,0.196739
02-measurement-discipline,disciplined,hot,buf_kib=262144;ws_over_l2=12.800,42,0.196218
02-measurement-discipline,disciplined,hot,buf_kib=262144;ws_over_l2=12.800,43,0.197054
02-measurement-discipline,disciplined,hot,buf_kib=262144;ws_over_l2=12.800,44,0.196640
02-measurement-discipline,disciplined,hot,buf_kib=262144;ws_over_l2=12.800,45,0.196405
02-measurement-discipline,disciplined,hot,buf_kib=262144;ws_over_l2=12.800,46,0.196133
02-measurement-discipline,disciplined,hot,buf_kib=262144;ws_over_l2=12.800,47,0.196643
02-measurement-discipline,disciplined,hot,buf_kib=262144;ws_over_l2=12.800,48,0.197006
02-measurement-discipline,disciplined,hot,buf_kib=262144;ws_over_l2=12.800,49,0.196390
